id,message
30001.opus,ЯЮ6ЛИТЖБШ
30002.opus,КЩ В9Ю 9
30003.opus,Ы65Ф61Я
30004.opus,ЖЖНЖ9РЫНЦ3
30005.opus,ЯУ4ЮЧЬ
30006.opus,134ДАРПРНЗА
30007.opus,ЧДЩЖГ 3Й4
30008.opus,НЖХ18#ЭЯ5П
30009.opus,Ь7Ф5ИОЭЗ
30010.opus,6Л ВСШ464
30011.opus,7А ВОЧПЗ
30012.opus,9ЪРИ Ч
30013.opus,5УЧ Я6НЧ
30014.opus,ОЖМФХ533 
30015.opus,ЯУ1ЗР03ЬЦ
30016.opus,2ГБЦМ8НШ
30017.opus,А 6К ФЧ#4ЖТ
30018.opus,ТЪР45УКЩТ
30019.opus,БГ2ЬКГЪВ
30020.opus,СХСДТОЭЖВ5А
30021.opus,5Ц7Д #Ч2
30022.opus,Г8ЮТШВО
30023.opus,Ь МЧФ8ФЗБ8
30024.opus,К9ЙПТ0#РБ
30025.opus,0ФР48ЕО
30026.opus,ЭХЙЪМ3КС
30027.opus,ЬЗУЩБСМА7Ф
30028.opus,У5ПВЕЯЛЙЩ
30029.opus,ЮНА84ЭЖ
30030.opus,Ы0З7ЮЗ
30031.opus,В5ГРЧ1Т1
30032.opus,2ЯГЗК2ЕЖ
30033.opus,ОО9ЭЫЕЙ2
30034.opus,АК67ЫИБ76
30035.opus,ФТ3 ГМБЫД
30036.opus,ЙШБЯЭБ
30037.opus,ЮЫЪ БХУ4КО
30038.opus,ЗЪХБ Щ1ЗВ
30039.opus,ЙЬХПЪЪ
30040.opus,ЭОЕЪОЮЩ
30041.opus,ЪЙ6ЪПАЗЛ4
30042.opus,ОЦЗ74ЫН
30043.opus,ЕВПГРБ8У3ФН
30044.opus,МА9ЕЙГ6ИЧ
30045.opus,М ЪЪЦ9Ш6
30046.opus,7ЬГЫБ02
30047.opus,ЧЯУЙ2ЖДЕ
30048.opus,Ф ЧЕЙЯЪШТГХ
30049.opus,ЙЦ4О2ПАХП
30050.opus,#ЪРФ#Ц К
30051.opus,ЪК1СЮ
30052.opus,ХЯШУ ЮЧ1ЕЗ
30053.opus,ПЧРС3 4Д38
30054.opus,ГЭ07ОА ИПРЯ
30055.opus,7ЖЗДЯ8ЮГ
30056.opus,ОЭРВЪШЦО
30057.opus,З73ХД4Ы3Ч
30058.opus,МЦ5#ХЛ3М
30059.opus,4АЕЩПЭ Х4ЖЯ
30060.opus,И2КЮ9Ю2Ъ
30061.opus,РОЬ#П#СГ
30062.opus,69ВЕЭЕЩЮ3
30063.opus,ШЩЕОШЕ3Ч
30064.opus,#ТЬ2ИЧ8
30065.opus,ЦЯШЯ1 Ь2
30066.opus,Ц1ЪЧЯ5У
30067.opus,4НПСЯ
30068.opus,ЧВ#ИЗШ
30069.opus,Ю911ЦЩАТ
30070.opus,ЛИЩТ 761
30071.opus,ЕМ5Т7БЕ
30072.opus,ЦФК0РОФЗ
30073.opus,2Б9ЙЖЙ
30074.opus,ТЪНЮКДР4 ЖЭ
30075.opus,Э#74ЛБТП
30076.opus,З#Щ ХЛ 
30077.opus,ЖНЩ700МТ
30078.opus,Е3МБЭВЛ
30079.opus,ИТЖУ ЦУ98
30080.opus,УЦОЗХЙХ0ЖТЖ
30081.opus,ВП2РЕЫФШЩЮ
30082.opus,ЭФК О71ЧА
30083.opus,ФСПШЕЛФ9ХШ
30084.opus,ЙЬЭЬЧ#ЙГ
30085.opus,ГФА3ИЧД6Ы
30086.opus,ЙЛПЧНГОР9
30087.opus,БП0ЛМЙС
30088.opus,Ч 7ТЛЦЛ49
30089.opus,НЧР07СЪ
30090.opus,ЧЩГЖЫЪЯ  Г
30091.opus,4ТЛ КФЯ#9Ш
30092.opus,И АЮВГЩ#ХЕ
30093.opus,9БАКН7ЮГЭ
30094.opus,С Ь С Л#Б
30095.opus,УЪ072
30096.opus,Е75Д0ЗЗ
30097.opus,СЧОХС3Ц7Ч3
30098.opus,8ЛАЩО2ЧЦ
30099.opus,ПКР93ЛЫ#
30100.opus,Ю2ЫЮ 5Л
30101.opus,РЮЙЯЬГ7ЫН
30102.opus,Р Ы 85ЫР
30103.opus,ЦТУ#
30104.opus,Ч5РЕЙФЯ
30105.opus,5ЭА07Ь 0Б5И
30106.opus,#ИС7СЦЦЦ
30107.opus,7МЛ2ОЙМЩ3
30108.opus,9ГХ63Б5УЕ
30109.opus,75ИС ЕН КДУЛ
30110.opus, 0 АЩ60
30111.opus,Ж6ЙБЬ#3 7ЙН
30112.opus,Ы7ЭЕЬЩУ9ГЩП
30113.opus,ЪЧ7Ж
30114.opus,ЭЛЗ9МЙК7
30115.opus,С0ВКЛЯ
30116.opus,4ИЗ#С УРАЧ
30117.opus,7ОИ# 9Ю
30118.opus,Х8БХЫНПА
30119.opus,Д2Л4МЙ 16
30120.opus,#7ЬЪРЛС2
30121.opus,Ц56ВДЭ2
30122.opus,КОЫГХИ#В
30123.opus, АЬЖ8 9Э1
30124.opus,В8ДФВХ5
30125.opus,ЦЖХ3Щ
30126.opus,МЮД807
30127.opus,КНЦЩЖ4ЧД9
30128.opus,75Ф2АЛИ3
30129.opus,1ЯЧЭ3ГЭ
30130.opus,ЦКЕУШ3ЮЬ
30131.opus,ЛФФУТЩ8
30132.opus,ПВЦР6Т5ТС
30133.opus,ВЮ0ГХ2Р
30134.opus,75ЙУ
30135.opus,СШ3ХАЦМАКР
30136.opus,Ж4ТПЦЯЦБ6
30137.opus,ГЯЯЕОЛ4 Р0
30138.opus,ЪН6Н28Х
30139.opus,Й9НЕБЗ
30140.opus,Ь Ь8М 5Щ
30141.opus,Б7Т9ЬЯЪ
30142.opus,0Н9ЮЕФИЫ#С
30143.opus,75ПОПЪ7Т6
30144.opus,Э ЗФЦИ К4 ФЖ
30145.opus,3МТД3ЯЧДД
30146.opus,АЖЫХЛ3ЙН6ИУЫ
30147.opus,ТЬЯИЮГ ЧЗ
30148.opus,7ЮЛЙЮ3#А
30149.opus,Ч Ь6ЕБВПГНУ
30150.opus,СОШ036ЛБ4П
30151.opus,МПТЧ 
30152.opus,#ИШ БЦ ОЕ2
30153.opus,45З01З9
30154.opus,1НЭБЩЕЬЪ
30155.opus,КИ6ГЕДШЪЖЕ
30156.opus,КОЛ#89ОАЕ
30157.opus,8ЕЦ1ЭДФ
30158.opus,ПР Ъ9АЗЪ
30159.opus,685Я1А5А
30160.opus,З ЯЕ3РГ0 УГ
30161.opus,Ш3ЕУ 5Ъ
30162.opus,8Ъ8ДЫЮЮ
30163.opus,Е7СРКЮ8 
30164.opus,3Щ ЛГ6НМ
30165.opus,ЕНЪЬГ 4НИ7ЫК
30166.opus,С4БЪМ4З
30167.opus,90СУЛШ
30168.opus,ЕЛМ#33МГЪ
30169.opus,ЛА8ЪОФ1
30170.opus,ЪОЙЬКСПД
30171.opus,Я#7ЩЛ#РЫ
30172.opus, Д Ж6Ч5
30173.opus,77ГО0ЕЭ
30174.opus,ЩШЪРЖВШ6
30175.opus,Й1Н1Ъ2ВО
30176.opus,ФП8П2ГТ
30177.opus,Ш ПЪШ3 ЕПЭ
30178.opus,НЫ2ВА1ПТДЦ
30179.opus,7ЧР 9Б41
30180.opus,2Ъ9ЙЩЪО
30181.opus,ЙЫЙАЪ
30182.opus,ЦМЬ1ЭР9Т
30183.opus,НПС Ъ270В
30184.opus,2Е883ЧУ1
30185.opus,ТЗБЖНО Ч4ЕЗШ
30186.opus,Б92 0ЭЭ
30187.opus,ДНИЕЯЬЯЦ
30188.opus,УЯТ1УРАЯ
30189.opus,Ш4ЪЫЗ3Ь
30190.opus,ТМ ЬСИЬВ Л7З
30191.opus,ЛИЮКПМШ41Е
30192.opus,ЮР ОСЮДЕ5ЗТ5Х
30193.opus,КЭГ6ЧЕФБ7А
30194.opus,Щ2Ч88ВН52
30195.opus,5ЯЯ5#СЪ
30196.opus,ГПЩРЬ#4МЖ
30197.opus,Е3ШЪ Т5Ч4
30198.opus,ЕРЫЙКПЙДЮ
30199.opus,##3ГЯЫ
30200.opus,4Я7МЕПАУЕ Я3
30201.opus,82ЯОТ14Я
30202.opus,7ИЩМОРТ
30203.opus,К37К ГСРФ2
30204.opus,Т90 ОШ9
30205.opus,СК23ИЯ
30206.opus,РЙГЯ СХ06ЬМ
30207.opus,ТЗЮ9ЙЙПЫК
30208.opus,АНО4ЛТ
30209.opus,95УДЛС#Й
30210.opus,БЕИЖНЫ71ВУА
30211.opus,Г92Ф ДЮКЮ
30212.opus,Э5993Ъ
30213.opus,#Р7Ф
30214.opus,Ш 8МЛ2ГС
30215.opus,Ф 1ФСКЛ0
30216.opus,ЫЯШАЪ
30217.opus,1ЭЕ22ЛЩТ
30218.opus,К#66ЬЖЦЫ
30219.opus,МЦ#ЮПЖ6Щ
30220.opus,Б#Р ЪЫК
30221.opus,ОСАЖВ 8ЧВ
30222.opus,ТКЮ0 ВГЕ
30223.opus,А#0ЗЭЦ
30224.opus,74КЪЯ16
30225.opus,АЬЮ4Ж3#
30226.opus,ЭЙТМТБЧ
30227.opus,Н97ШО7М3
30228.opus,3ГЙЖА46
30229.opus,ЧЩ7ЧЩ4ИЫ
30230.opus,62Д О8СЧ
30231.opus,3 Ч6З1 Ъ
30232.opus,О1У4ВХОФГ
30233.opus,ЪИЭ45КЙЧ
30234.opus,2ТЯЦ33СЧ
30235.opus,ЬГ1РГ6
30236.opus,ЧГЪЮ ФК1Я
30237.opus,ТЗ5БТНАПО
30238.opus,ОЮ4М1ЙДДИ
30239.opus,5Щ#Б6ВФЪУ
30240.opus,ДФ2#896
30241.opus,КД ГЖС9С1
30242.opus,9ЧЯЯА 
30243.opus,3НЫ ЪЩБОВ
30244.opus,ТЩИ3 ЦВ0
30245.opus,ЕБЛ6ХЩК8
30246.opus,ЭЧЬХМ9ЬСУЮ
30247.opus,69ПД ЖПВЖЦГ
30248.opus,О7995Ж#46
30249.opus,БРОФЙ#3
30250.opus,Г86Ч6Щ6Ф1
30251.opus,ЙЛУС7ЩЙЯЫС
30252.opus,Ю ИЗ9МЕ Г3
30253.opus,#Ч8Ы524Е9
30254.opus,ХХ Д887Х
30255.opus,УТ1Я7Т2Я И
30256.opus, 2Х5 ЭЯЮ
30257.opus,Б781УХАА
30258.opus,СС2Ц401
30259.opus,ЪГГЪЖ6
30260.opus,ФЭФИИ 9Р9В3Ь
30261.opus,3ЩПЖ57Ъ
30262.opus,Ы ЭСЬН Ш
30263.opus,З8Ц5Н ЮИЦР
30264.opus,0ФРЛЩЭ6Ю7
30265.opus,УИСЮ4О0Т
30266.opus,ЫЪЦ9Г4ЮТ
30267.opus,Д1ЖГ ЪВ2Н9
30268.opus,ЭШ53Б 5ВПХ
30269.opus,8ЧЩДЙИХ Э
30270.opus,ЩЧЬ1П
30271.opus,0ЫЪЩ#
30272.opus,#А9Й8ЭФ
30273.opus,2ЧЧЙРЗЙ Й
30274.opus,Т5В#ТКТЦНМ5
30275.opus,Е0ПУ36ШО
30276.opus,М038А
30277.opus,8О Г6ЩК6И
30278.opus,22ЙЬ#ИУ
30279.opus,Ы#1РЮ#
30280.opus,0ПАИ2ДЫО
30281.opus,ЙЖ6826ЩВС
30282.opus,Ж9Щ0Ъ
30283.opus,Ь8Ь5ГВ
30284.opus,ЦНКММР3ЯЪ
30285.opus,ЯО468Ц
30286.opus,ЪЙ7ЫЮПЭ4
30287.opus,ЕЕИЩЩ Д2МВ
30288.opus,ДШЛЬУД7С6
30289.opus,78Й6 ИО2
30290.opus,ЖМЬАЪПН Т
30291.opus,РЪЫЧЖЩ
30292.opus,ЧФО1НЕОЬ
30293.opus,ШЮ3ИЭГ Р
30294.opus,УФЖЭСЙР ЦЭ
30295.opus,СЭХПАДМДУ
30296.opus,ЯЭ#Й2ЕЗУЭ4В
30297.opus,ЯТШУЭ8НРСЭ 2
30298.opus,Ь96ФЬЬХР
30299.opus,М ЮВФЫФРПА
30300.opus,ЛЙЯС76 ЧЦ
30301.opus,88ЙСЗО
30302.opus,9Ю#761
30303.opus,ЦП7КХЗС5
30304.opus,ЭЙДВЧЬВВ
30305.opus,СЖЦЩ1Т6С
30306.opus,ЦХТ7ГОГУМЮ
30307.opus,ЖБ65ФЫЩ
30308.opus,# МЬП8ПЙН5
30309.opus,ЖШЕЧШАГТВ
30310.opus,ТЩРТТ7Х3Л
30311.opus,4БВНФЪУИЫЛ
30312.opus,ОЙЕЛ3ЧРЦ
30313.opus,ЯПА9 ЧИ2
30314.opus,ЧБЦЗ11ДЯЪ
30315.opus,ВЪДИЬЫЯ
30316.opus,Б0ЬН МК
30317.opus,ТЩРЭ6ЬТБ Ф4Ы
30318.opus,ШЗЬ5ПБЮНБ
30319.opus,СГЗЫМ0УЭ
30320.opus,ЗЛФО#ШЮ
30321.opus,22К6ЗТ29
30322.opus,Н ЮЮВВК
30323.opus,К6ЪЧ3ГШ
30324.opus,В0ЖИКРЗ6И
30325.opus,Я04СНЯА6
30326.opus,МДУДЧАУЬСВ
30327.opus,ЕАВМЫЗ ВЙЛ
30328.opus,З К#5ЩВБ #
30329.opus,СЖ0З67#
30330.opus,ВТЦЩЛДЖЭГ5Я
30331.opus,ЕЕЖЬХКЛ ОЫ
30332.opus,#ДЫЕЦШ1КЧ
30333.opus,СЪШЭЙЧА7
30334.opus,200БЪЭЯЗЫ
30335.opus,ЬШРКВЫ6Ь
30336.opus,ФБЯ 1ЙЧЪ
30337.opus,ЯБУЛО1
30338.opus,Ь Э5 ДР ЭП
30339.opus,ПЯЦ КО2
30340.opus,8ЗДЦ62ЦТГИ
30341.opus,ЫЗ А#ГЮШМ
30342.opus,ВМЛОМ0 Л1
30343.opus,ЮПТПЩ1ЫХ
30344.opus,ЬЫШ6ГМУ6
30345.opus,Ф8РЯЬГ5ДЯТ
30346.opus,НЕХРВВ7#
30347.opus,ДХ#ДВ1Ц2
30348.opus,1МУ7ЕЬО ХИ
30349.opus,УЛХ48Ф АКС
30350.opus,ЙШГ 3ЭИНЪ
30351.opus,ЯЧШЖНЬТ
30352.opus,Л5ФЭ ЦЯА Д
30353.opus,Й ПСКТ8Э
30354.opus,ЧФ8М#П
30355.opus,Ф#ЪЗЛСА
30356.opus,87ВЖХ ЦБ
30357.opus,3Ъ7Г2ШЖ
30358.opus,Г Р3ЧЯХКП
30359.opus,И ЧЯ Ы6#ДЛ
30360.opus,ЛКРЯ#КТ Л
30361.opus,ЖЕЭ27Щ 8
30362.opus,МШ0ХЛИ #ДМ
30363.opus,Р37Ц9Р 56
30364.opus,12Э9Ъ3Я
30365.opus,ШАПОЕПЭД
30366.opus,И И4 17Ш
30367.opus,ЦУЙИС1Х 7Р
30368.opus,ЕГ МИ1 58#Э
30369.opus,9ШЯ0ОКУНД
30370.opus,ДШ ШЗЬЭП
30371.opus,3#ЗЛ60#
30372.opus,2ФМО8
30373.opus,МТЯЦ8Г0
30374.opus,ЩФКМКП
30375.opus,О#2 ДГГЩОН
30376.opus,11Х ЪИ6Ч
30377.opus,ЯЯОКЙСРН7
30378.opus,ОР3АПЭЧЦ
30379.opus,ЭППЩЦК
30380.opus,ЗФЭПБН БХДФ
30381.opus,ХТ4ВХ
30382.opus,ЭЪОЫЯАУ8
30383.opus,АНЬ 5ПУ6Ь
30384.opus,А2ЦЭ00
30385.opus,ПШН6О
30386.opus,З#7БЙЖС
30387.opus,ЦЙ5ЩНЕЭЛГХХ
30388.opus,З2ТК5#А7УФ
30389.opus,ОЛХ 8 ХМ7Ц
30390.opus,ЦФЮШМХУ0
30391.opus,Н8КПШКЬ2
30392.opus,М##7 #
30393.opus, НА0Ь8ЧР#
30394.opus,54 НС#5Ь2
30395.opus,У414#Щ3
30396.opus,ЙРЕЧ4#Х
30397.opus,Ю58ЪБ5ЦВ
30398.opus,3РННЗЖГЗЮ
30399.opus,ШКЖФ#ЖМЮЦЖ
30400.opus,3ЯЪЬИЕЮ1
30401.opus,КФХК9ДЪЯЪСУФ9
30402.opus,ЩЗГРГ
30403.opus,ЦД2МЬЭ7ДР
30404.opus,#5ВОГМД2У
30405.opus,ЪАЯБОЮ33
30406.opus,НВС9Я ТЭ
30407.opus,ВРЛВ0
30408.opus,ЕНФФФЯЗЙЭАД
30409.opus,Б ЪВСЯШТ0ДШ
30410.opus,ПЭЙ9ИО1ПТ
30411.opus,9ЫР6 Ь ШТ
30412.opus,ЬЮАЪК ЛОХЦ
30413.opus,#Р2ПАХ
30414.opus,54#ВСГШУ
30415.opus,ШДЛДП09ТЪ
30416.opus,ОБЭЧЦЯ#40
30417.opus,ШБНШЭ ЯЧА
30418.opus,З8ПЩЪЦЛ4Ж#
30419.opus,ЛЮЕМНФ63
30420.opus,ЬШПЛ#ЖДЗЩ
30421.opus,58#АХ1УТТ
30422.opus,ХХТКЪ2Ь#
30423.opus,РЬЬ5БИЫ
30424.opus,УР6ЬЦАЭЖ
30425.opus,0О1ЕЭ3К
30426.opus,РГЪ3 #Н Г
30427.opus,ЬЦЖСУ#С МБ
30428.opus,61Т3ЭЬМЖЩИ
30429.opus,9ГЬЦВСП2
30430.opus,Ы8АГЧГИ К
30431.opus,80В5ЧЧ
30432.opus,4746НУБУЛ
30433.opus,ЮШЬН ВШ3УГЩ
30434.opus,М#ШФЦИЪ8
30435.opus,3ЗССКРХУЦ
30436.opus,ШСЧДПЩО6ЫУ
30437.opus,ЪЩЛП
30438.opus,ДЦБЦЖК4ЩЛ
30439.opus,5ЬВЪЦЛДЫЦФЛ
30440.opus,2ЯФ МЖА9 Щ
30441.opus,0Щ53ФТЭ 
30442.opus,МКСМЕБОЗЖЖТ3
30443.opus,УДЮ П2Г8
30444.opus,ПЖ9Ч 6 УК3
30445.opus,Ц 9ЩЕРО
30446.opus,ЩОЭЩЩ#НЩР
30447.opus,596ЯЮЮД
30448.opus,ЮППКЖШУ6
30449.opus,#МДРКЛП
30450.opus,ЛС ШЙ1
30451.opus,4РЦВ1Ф#Ш
30452.opus,ОНБКБ5ГШЮ
30453.opus,Ь31ЦУЩШ
30454.opus,ЩРТ ДСБ0Ю
30455.opus,49Й9БКЩ
30456.opus,СЧШЫЕК3ЗД
30457.opus,ДХМВБЪЛС 4
30458.opus,ЩЦЮЕБО12
30459.opus,УМ74ЗР1
30460.opus,4УПЭЗЛЭДБЕД
30461.opus,ГГБЕЯЖШМЦ
30462.opus,0КФШ
30463.opus,ШЭГ37 0Б4
30464.opus,ЦЫ ЩЖ0МЬ7
30465.opus,9КВ2ЬЮШ
30466.opus,88ГЗГГАЦЗ
30467.opus,З82Б1 ЙН8
30468.opus,ЪБЯЦФО #И
30469.opus,ФЪКП8Й2Я Ь
30470.opus,Э 76 А1Д#
30471.opus,ДШЙ 3ЮЛХ
30472.opus,ЖОЯБ6ЖПИП
30473.opus,ЯТЦ8Р3
30474.opus,7ПЩУЗ# СД
30475.opus,#У3ЪТЦ У
30476.opus,ЮН8КН9Е1
30477.opus,БЖ10ЦУЕЬ
30478.opus,ЪЕРЙЙБЧИ
30479.opus,ЛОБ3Ц2Ш
30480.opus,#БЗМЦЗЙ6Ь
30481.opus,П 0 ЩЬХЭКЦ1
30482.opus,Н89ЧИТ1ЕЛ
30483.opus,В#ЯВО 6П
30484.opus,Ч9Н#ИПНР
30485.opus,Щ0ЪСЧИ3
30486.opus,Б0КЭНПЬ
30487.opus,ЗБЩО ЦЭА
30488.opus,РЩ ЕБ2ВЖР
30489.opus,М6СБЗ34 ЗЗХШ
30490.opus,БШЗАЭЩУЫК
30491.opus,МРПФ212ИЮФБК
30492.opus,РЦХП Ь9ЙК
30493.opus,3ОЙО6ЕИ5Ш
30494.opus,ФФЭЬ5 БЫХФ
30495.opus,ККБ#Ы4У
30496.opus,ЦНРЩП1КС
30497.opus,ТВТД БФАОТТ3
30498.opus,ЬАД10
30499.opus,ЮХ525Х 1ЬЯ
30500.opus,7ЗСКЭЙЦЖ5
30501.opus,Й8БГСЪФ4
30502.opus,С5ОЛ9УЧ
30503.opus,Г6СРХ5ЬР
30504.opus,ОУЦ 2ВШЕЪ
30505.opus,ЮМП3Я Б5
30506.opus,ШЫ1ДХЮЖВ
30507.opus,МВЕКЮЯЫДДМЦ5
30508.opus,ЗКХШШАЯЦЮК
30509.opus,Н8Б БИЗ8
30510.opus,ЭН1 Б2ЫЬР
30511.opus,6К5ТШЕЦ
30512.opus,У5У1810
30513.opus,ЖГПЖОГЦПАЧ
30514.opus, ЫТВ4542
30515.opus,ОКУТ ПИ#ИНОД
30516.opus,Ю7Ш1 ЪЗЮ
30517.opus,П8ЮЧЧСФН
30518.opus,ЬЪЧКЩЕЗОЖ
30519.opus,ЩФЫХ6 МЬ
30520.opus,УТК10ЙЩ
30521.opus,2ФВ9Ц ГЖЮ
30522.opus,ЦД5ЫЬЧ7Х
30523.opus,Ц45#22
30524.opus,8ШБ0ХЮЭСЙКИ
30525.opus,Н762ФД ХЦО
30526.opus,НЬЩЦ5ЩСИЬ
30527.opus,ИХЭГФ ЧЦ 8
30528.opus,ЛУЯЩИЧГК
30529.opus,4НРС903ЪЭЕИ
30530.opus,Ц#Ы2В3ОФ
30531.opus,ШПЕАЯЛ ЖПБУ
30532.opus,ЯЭГС1 БПЙЪ
30533.opus,ЙЪ#ЛДСГЛАЫ
30534.opus,ФФ ЕЭ1 ЧФЕ
30535.opus,20Т4Э
30536.opus,П5Ы8Ц6Й 2Ц
30537.opus,4ЮАНЭЗЯ2МК
30538.opus,У Ф4ЫСЙ3Б
30539.opus,НВУФЦВЫ
30540.opus,ЗУЬН965ЦЦ
30541.opus,ЪЧЮЮМДБ Й
30542.opus,2ЙУК НЬ2ФФБ
30543.opus,ШФЮГКК17Н
30544.opus,6БЭЧОВ1
30545.opus,КЫ6И МН24Е 2
30546.opus,И19ЫДЗШЯ2
30547.opus,2ЖЫЛ2ВТ0
30548.opus,К19ШС97
30549.opus,ИУЗ7Щ
30550.opus,ПКВЬГЗ#Б
30551.opus,2МА#ЫЪУ
30552.opus,ЖКО  5
30553.opus,2Д#5#ПЯ
30554.opus,Э15ЭЩР
30555.opus,5Л05Е6
30556.opus,ЮЖЬИУХЙХ4
30557.opus,#ЙИ ХЗ8ЭЬ
30558.opus,Б#5БЩО
30559.opus,1ГДИ3Н2СД0
30560.opus,8АЕ# НЖ У
30561.opus,Ъ0ЙР7ЮОЫК
30562.opus,КАК4ЦАБ
30563.opus,ЗЫШТЦП
30564.opus,СМ7РЛШММ9Г
30565.opus,ЛЯ8ОЙНЮ4ЦА1
30566.opus,Р1 7ССШД9Ю
30567.opus,ГЬ4ГЬ64Ш
30568.opus,Ъ ЕЛЙ9Ш
30569.opus,18Г9УВХ
30570.opus,М#ГП6П6Л
30571.opus,Д2 ЙЖ8Н И
30572.opus,00ФП7
30573.opus,ОЮФ1СЮХ4
30574.opus,ДЖЩ7КА6#ЪВ
30575.opus,3СХЦЬ
30576.opus,ЕЮИХСФМС3Х1ЙИ
30577.opus,2УЮ4Ц ПЫЧ
30578.opus,#2ЫЛИДД
30579.opus,ФЪ262ЗЪ Е4
30580.opus,ХЖШЛЛЖВ ВЖ
30581.opus,Ю4П5ИЭЦ3Я7
30582.opus,ТДП8ХЭЙ
30583.opus,# Ф0С Е
30584.opus,ВЭ94Ь К2
30585.opus,И ПГЦ Г
30586.opus,Ы ЖАЬОС
30587.opus,Т6ЕХО9ФЗИ
30588.opus,Р#4ГУ
30589.opus,Ж#0ЧМЩ
30590.opus,У5ЮМТ4КБ9
30591.opus,У18ЧЙ
30592.opus,3КСЪЙУ7Щ
30593.opus,5Ю2БААФЫ
30594.opus,З ТХ 34Н39
30595.opus,М#С М 8УХМЗ
30596.opus,ФКПЭЯВ6СС
30597.opus,76П ЧГЛЛМ
30598.opus,ЩЫВЫОЮВЬ0
30599.opus,ЖЙСЙ4М0Н
30600.opus,Ц36#Н4Э
30601.opus,7М#ГБ1Ф
30602.opus,1ЩЯЪБИЖ3ИБ
30603.opus,ЖЯБ6З1Ъ ЛЫЦ
30604.opus,ЦИФБ#Т4Х
30605.opus,ЯБММИС6ЭБ
30606.opus,Д ЛХП8ТЮНАЦ
30607.opus,ОБЦПИЬЦ 7Х5
30608.opus,9Л4И П ЛДИ
30609.opus,Ы4ШГ8ЫБИФ
30610.opus,Э7М3Ч59Э
30611.opus,АП56ШЭМЧ#Я
30612.opus,Р2ЫКЯ8Ь
30613.opus,НФВУ6КХ
30614.opus,6НЬИТБ8ТГ
30615.opus,О П2З9
30616.opus,53М4Л Я3
30617.opus,Ы3КГУЕБ8В2
30618.opus,ЙЬЩЧИЦРГХ
30619.opus,ЗМ1 УЫИА1Ы
30620.opus,ШТОПЫНРК
30621.opus,ЫЩЯРЯКП5Р
30622.opus,В8497ИЬЗ
30623.opus,Л3ШЛУ0Д
30624.opus,5ВС8ЧХ0 Е
30625.opus,ФОГБ 8##
30626.opus,Е5У689ХВ
30627.opus,Х3Й0ЯКЖИ
30628.opus,ООЯСН4З5
30629.opus,УУОЗЦЗ45С
30630.opus,ИЬН12ЫХ#Ы
30631.opus,М#АЮЦЛРГ
30632.opus,КЗХЮЦТ О3
30633.opus,ВКБЖАТФ6#
30634.opus,УЕЫЩ СЖ
30635.opus,ЛСЕЯ ЦФП3 Й
30636.opus,Ф3ЫВНЛ9Н#
30637.opus,ЗДЬЛМГ1 К0Я
30638.opus,ДААЗК3АР
30639.opus,5Ю9СМ9#
30640.opus,5ЛШЧ ВМ6 РГ
30641.opus,ОГ И0ЬЖШ
30642.opus,ПЦЛ6ЫЮ ПХ4
30643.opus,ООЮЫГ3К8
30644.opus,7 9ХФ27Р
30645.opus,ЦАКФ15БЭС3 Ф
30646.opus,З52КЩ2Б
30647.opus,ФЩ#ВМИЩК0
30648.opus,ЬИМТЗБ2УИО
30649.opus,ЧЛ9ЛМВРАХХ
30650.opus,#ПЖЕ7Э 63
30651.opus,АЖХМБЪУЮ
30652.opus,ЦДЮЕЩВМ#
30653.opus,ЫВ 0
30654.opus,ЕТЛН0ЖХБ
30655.opus,ГЪЩВЧЖЬЦЮ
30656.opus,О#У ЕГ 2
30657.opus,МТ1М ФНР
30658.opus,УЙЩ8Ъ7
30659.opus,3УЧХФЛК6К5
30660.opus,Ь АЧ Ж ЯМ
30661.opus,ЫЦГ 9С
30662.opus,ЯПУ ЗД 9И9
30663.opus,ЕФМЫМШ А#
30664.opus,ШМЧЪВ8Ь
30665.opus,ХГ37И1ЦМЛ
30666.opus,АТЧ7 ЛЗСУ
30667.opus,И Ж21АМЙ1
30668.opus,Ц ЯЭЕДЗЙ#СЯ
30669.opus,22ЙБЙОП
30670.opus,652ЕПДР0
30671.opus,Э21ФЙ1Ы
30672.opus,Э ЙСЬНЪ2
30673.opus,ЛЦБЕФ0РТС
30674.opus,ТКУИМЗ 76П
30675.opus,ФЫ#БИЭСИМЙ
30676.opus,Х 3К4Э1Е#
30677.opus,У4ДУК6Ф0
30678.opus,ИЗНР1У Щ
30679.opus,ЭЪЖУТЧФ97АМ
30680.opus,9Л#ЖЫ
30681.opus,#26ЮГ
30682.opus,9ШМЦ70
30683.opus,РЗ4 4ШО5Ч
30684.opus,Т1Д О6Г2#
30685.opus,ЕЩГППЛЭЛК
30686.opus,РРЛД ЬЧНСПЮД
30687.opus,БЯТСЬ9А3
30688.opus,Ц7ЯХЧА9Д
30689.opus,ФЛОЗЮ
30690.opus,ЬПМЭП2З
30691.opus,ЫИХТ2ОГ
30692.opus,ЙЫСЩЗХУ
30693.opus,ХЗЦИОЕЩ8К8Ф
30694.opus,2ЮЦД26РЕЛ
30695.opus,М0ТВ6НИ2
30696.opus,СО84НЗМГ
30697.opus,9М78
30698.opus,0ШЯИЧЕ8ЫЛШ
30699.opus,#ЧА9РД5Ш4
30700.opus,ПЫП ХГ2Т
30701.opus,ЧЛБЛЦ2#
30702.opus,ДЙ107Д
30703.opus,МХФ27ЮОЖГ
30704.opus,ЫРГ0ФЙФЕФ
30705.opus,80АЮЛЫ
30706.opus,ЬТУЮЗГЧ
30707.opus,8ЫШФАЗ1
30708.opus,ЦЖЪИХ 6МС
30709.opus,СЗЬЧЪ
30710.opus,БШНС Ц 1 #
30711.opus,2ТЫ #ЫЪЙ3
30712.opus,АМРЗАЪЩУП
30713.opus,45А28Ы
30714.opus,ИСТ5Б Ы9
30715.opus,В0ЬЙ# ССХ
30716.opus,ТНЭ1ТС 42ОБ
30717.opus,ДЛЫГЬМФШВ
30718.opus,ЩЪ6НЗЕ7
30719.opus,НМ0 4ВЮ
30720.opus,Г2ЪЧШРО Г
30721.opus,4Х8ФИЮ
30722.opus,Д ЙЯ2ЬУЮДЪ7
30723.opus,ДЧЬКХЙЦ
30724.opus,М6ЕБГЙ554
30725.opus,Ъ#РЙ4МЬЮ Е
30726.opus,УХЗ1ЦЧТ75З
30727.opus,ЦВ Ь2МАЦ
30728.opus,ХЮФЭФЦГДЧ
30729.opus,Ж К8АВБВА
30730.opus,ЛЙМЖЗМ
30731.opus,Ы 440ЭЦ
30732.opus,БН8ЮЪГП6
30733.opus,2Б91УЮ
30734.opus,ЮЕНО4ЭЛТЕФ
30735.opus,ЧВИЯЙ ЩС
30736.opus,ЕБЕЙФ М4ЖХЖ
30737.opus,3ЯА2ЭЩЧШЙ
30738.opus,5Р4А521
30739.opus,Э3Ы 13Ы
30740.opus,4Ж2Ц3
30741.opus,Й7ЦОАЖ
30742.opus,ЛР2Ц1ЕНЬР
30743.opus,ЖУРРЕ5Ф ОБР45Е
30744.opus,БСКЬГЦЕИ7
30745.opus,З8ДЗЬЬЖС
30746.opus,МЧШФЬ02Г
30747.opus,К4ЕБ ТПЙД
30748.opus,ЬН П4Ч4 АЪ
30749.opus,БЫШГФХЫЛС
30750.opus,ЖЖТГЧЙ3
30751.opus,0ЦТ6ЖЕЬП
30752.opus,А22МРХВЛ9
30753.opus,Д5КЧХ #У
30754.opus,УОАЖУ 1 ЖДМЯ
30755.opus,Ю5ПМ
30756.opus,ЗЯК9НЮП
30757.opus,ЖЦ#РЪФ7
30758.opus,31УНЧ8
30759.opus,4ЗР6ДБММДВ
30760.opus,Э6 Ь3ЮЖС
30761.opus,ЩЪЩАЙНРЗ2
30762.opus,ЩЬ085ИЯ
30763.opus,К 8УЬ1Г1Ъ
30764.opus,Ц 2ЖН2СЬ7Ь
30765.opus,А2Ъ5Т
30766.opus,В ЦЦЖ8Ъ6
30767.opus,ЧФМЯММЖЪК
30768.opus,ЧПУ3ЬР0ФАТ
30769.opus,053#ЗРМ0
30770.opus,Р92ОСА
30771.opus,6НЧУХ4ГЫ
30772.opus,ЙЦТ4ДУЩЯСШ
30773.opus,ШКСЧС
30774.opus,Ф25КЧЗ1
30775.opus,Г6МЦПЩБЯШ
30776.opus,ЩЮШЦКК
30777.opus,У04ЧМ И7
30778.opus,МПФ89П5
30779.opus,ЙКЖ#Ю#ТЬ
30780.opus,С2ДПК2Л
30781.opus,#Е3ФЙИ3ЙЗГ
30782.opus,Ь7ЪЦУЗ7
30783.opus,ЧБ#П2АС
30784.opus,0 7ЗРОЬ
30785.opus,ЩЕ2МСЬ7Т
30786.opus,ХД ГЩН8ЫГ
30787.opus,БЕВШЛВЧЮН
30788.opus,74ЮБЮЭШ
30789.opus,5МЖЕ3ИА1
30790.opus,ГЙДЭ5ХЗ5
30791.opus,ВЦ ХФРБ
30792.opus,56ВШ6ЩХДЭ
30793.opus,5ДАН8ЮХЗЮ65И
30794.opus,ОЧЕ588БГС
30795.opus,#БОБ Л #ТИ
30796.opus,2К ГШЕЧУУХЪ
30797.opus,МЪС5ЩОЕЭЛА
30798.opus,НУФ59СЬЛ Е
30799.opus,Д0Я6ЛФЬЦЩЪ
30800.opus,ЯКЪЖЩ7Ъ
30801.opus,О67ИЧР 8С 9
30802.opus,40ЫФ52БД
30803.opus,Р0АФШ
30804.opus,ЬАВВ21Ь
30805.opus,КГБИЭЮ1
30806.opus,6 Ы10ИГОЪШ
30807.opus,Х0 5Ц
30808.opus,ЬХУЩ5АЛРТЬ
30809.opus,СШФТА Н
30810.opus, ЛЯМГГЭ
30811.opus,Щ0ИНЩТР#
30812.opus,ЬУРЛ8ЛФД
30813.opus,ШЕНЖНСП7ЮР
30814.opus,БОЬ ЙУ97
30815.opus,Ю0 ПЪЭ8
30816.opus,ДФЙЗ3ОЮ
30817.opus,Ц4 БЛ66СГЩЫ
30818.opus,Т32Ь2# К
30819.opus,76ЭЬ8ЬЖДТ
30820.opus,ВРЛВА3РУ6 ЙЯ
30821.opus,Е#АЪ6ХХ ЖС
30822.opus,1ЫВЫБЩТ
30823.opus,3ЭС54МЫ
30824.opus,ИИИЯ66ПЫ5ЕЪ
30825.opus,8Ю7ЬЫОЬП
30826.opus,ЫЭ8Д511
30827.opus,ВЬАЪ97
30828.opus,УВЗ107
30829.opus,ЩЕХ6 АВГ6В6
30830.opus,ХЧЩ3Н7П
30831.opus,З#ЕРЗЪ5
30832.opus,ЦП0РЛ
30833.opus,Ж3ЖОЭ ХЮ
30834.opus,5ВФСЙ6 О7Ф
30835.opus,НП 5ПЛКЖ
30836.opus,6ЧПБД ЙЙ
30837.opus,Л 0И4ЬИ0СЮ
30838.opus,2ЙТОВ38
30839.opus,5УРЮ2Ъ39ТФ
30840.opus,Ц ФЦСЪ#С
30841.opus,Д8Х 0ОЧ69
30842.opus,ЕУЛ#У84Ц
30843.opus,Н Я23ЛЮУА9
30844.opus,ФЛ# Г#С
30845.opus,1ДЧ52КНЙМЖА
30846.opus,КОЩ7 ПКА
30847.opus,ЙЪД8ЧНМЧ3
30848.opus,ГШЦВВАС3Ц
30849.opus,ФКМ8ВМКФ
30850.opus,ГШ Ф8 ЦФ
30851.opus,Я 1ЕЪУ #
30852.opus,М8 ПА960Ь
30853.opus,ЗЫИРАС ЪЗ
30854.opus,ЯЪЗ1ЪЬ
30855.opus,ЖЬСПЬ4ГЛМУК
30856.opus,ЮЫЭЛБ9Щ
30857.opus,МЯДШЫСН1Ю
30858.opus,ХТСШХТАО
30859.opus,НХИ1Л0К#
30860.opus,МЪКЯФ
30861.opus,ХУЮЪЭЖЯ
30862.opus,#ГЩИШ4
30863.opus,У6 Я7ЦТЛ
30864.opus, П3ОЛЗ5В
30865.opus,88БР9ХНН
30866.opus,428МА#ЛН
30867.opus,БДУ4ШРЙЙК
30868.opus,3ЛФЗШ Д
30869.opus,0ЗА С А4#
30870.opus,Х2ЛХВ ЮЕ ЕЖ4
30871.opus,ЕНТ9ПУФЩКЮ
30872.opus,ПП#Й ЩЙР
30873.opus,ВЧ5УПЛРА
30874.opus,55 ЗФЬУТ8Л2
30875.opus,7ЦУЧРЩОЭ
30876.opus,ОЗЙБ1ЭТ
30877.opus,О6ШАРУЩФЬ
30878.opus,ЖАААВФЩ#0ИДФ
30879.opus,6ЖЙМЭ20
30880.opus,3ВИВ#ЬРЦ
30881.opus,ЗПЪСИПАЧТП
30882.opus,ЩЮШЕЭТ
30883.opus,ГЧ ЦВ1ДЙ
30884.opus,Л2ННЗКЫ49З
30885.opus,УЛ5ЛЙЖКЮИЦИ
30886.opus,ЭУЮ1ВБООЗ
30887.opus,К8АВД#СЦ 0Ф
30888.opus,ЦНЙКЗЧШ4
30889.opus,ПФ26ЩБП#Д
30890.opus,36ЪЩЗ ТЯ
30891.opus,Д# Ч6РЛЛ
30892.opus,А5ЕРЭЙЗЭ1
30893.opus,0ГЗЕМШЩЭ
30894.opus,ЭЕКСЩ2ЪАВХ
30895.opus,9ГАЦЖЯ 
30896.opus,ГК#Ъ8ПЕА
30897.opus,ПЫЙДВЯ9Ь
30898.opus,Т9Й ФМЦ 7 6
30899.opus,ЩАЬ5НН2Х 8В
30900.opus,Г9БВ К Ъ
30901.opus,Г6МЩ Р74Э
30902.opus,Ь ЗХ К8Д
30903.opus,УЬ8ЭЪФО
30904.opus, ЭДФЦА7
30905.opus,0Ы58РКФ4Й
30906.opus,Ц1Щ4ЩМХМГ
30907.opus,Х63ЭЦ М0
30908.opus,НСРОЭ3М2Н
30909.opus,КЩДЫГ9ЖУ2
30910.opus,ЙЫСЫСЦ64
30911.opus,6ЭЪБФЦ С
30912.opus,9ЗХ #Г
30913.opus,#ЮРБЭД9
30914.opus,ЯЯ0В28ФЗХ
30915.opus,НЧХПЗ2ФЮ8
30916.opus,ЪЬ 92И#ЕЕЕ
30917.opus,Л0ПЧ2АЫШК
30918.opus,Ж4УГ Ц Г07
30919.opus,ОЖЮШ ФЪ5
30920.opus,ЗХЩЧЕЩЦ Л
30921.opus,52ЖВОГ5 ШЪ
30922.opus,ЯВХХЙЖЙ4
30923.opus,ЪИН23ОМУЪ
30924.opus,Т2УСЩФ 03И
30925.opus,ХЧЪЫ14Ц
30926.opus,6 4БИАИГ4
30927.opus,ТГЬУЧЫ1М4
30928.opus,ЗМН3У7
30929.opus,5Г4УЙЯЛ3
30930.opus,29Й ВВВИУ7
30931.opus,#ГО41ШХКТШ
30932.opus,Д74 ОМОЭЯ
30933.opus,#ЭЪ#Р
30934.opus,ЗУВ0УТФСЕЬ7
30935.opus,И3ЬЭФЦЪ
30936.opus,Й5НЩ8МР
30937.opus,Р4ЕХЫ7ФТФК
30938.opus,2ИШ3Ы0ЖЧБ
30939.opus,60К8П
30940.opus,6ДФН Т2ЪЗА
30941.opus,Й86ЕУЯ25Р
30942.opus,ШАЧФХ4ЯМ
30943.opus,ФВЮМ5НР0АЯБ
30944.opus,942ХМЕГ
30945.opus,Д6КТ2ЙЧ2
30946.opus,УНСР 84Т Ы3
30947.opus,ЙУВСЙЫЙЪ
30948.opus,2ЦГ6Ч
30949.opus,7ЖЗ #3
30950.opus,ОЫ27ЭТАСГ5Ы
30951.opus,НЧИЖП6ЯЭН
30952.opus,ПРТМЮЩ8
30953.opus,КЦЛ8ДК2В
30954.opus,БЕ Ф2ЯК0
30955.opus,6ЦТЯЭП4Э2
30956.opus,ЪТЧЖ#8Т
30957.opus,3МЪИЕЙЦМТГХД
30958.opus,ЬБСЯИКЪШ
30959.opus,ОНЧ6ИФ#СЪЕ
30960.opus,8АЯЪЭА
30961.opus,БЩСРЖОЧ СА
30962.opus,ЮРЦП
30963.opus,Н Д6Ф7 АЗДН
30964.opus,ОИ 5#ЙЫ
30965.opus,Б ФШБРПВ3ФЬ
30966.opus,ЫЯ5#ШСВУ
30967.opus,Щ8АПШЛ
30968.opus,К5ИАТУОАХЖСА
30969.opus,ШЖ#ИИУЗИЗС А
30970.opus,7З9Г8ЯПИ
30971.opus,УЬЪБ ЪЬЖЕ
30972.opus,ЫЩ7ИП1СФ
30973.opus,И9Ъ5МГ 3
30974.opus,Я 6ЖЙХР
30975.opus,ЭЕКК6ЙЫ
30976.opus,ЙЙ2С549У
30977.opus,4Ж3БЭРЪЫБ
30978.opus,ЯЦЗ0ЬНФАО
30979.opus,ЛМ7МЩПЦС
30980.opus,З 55Т9ЙПД
30981.opus,ФЦ8ЧГБЯ
30982.opus,ТТВНТ0Э49РК
30983.opus,Д1ЙДПНДЛП3
30984.opus,ИКЕЩ СМПЪЗ7Ы
30985.opus,0ШАПЦЕЦО
30986.opus,П 5ВПНВЗЮ
30987.opus,7Ь6ЦТМГЮ
30988.opus,О4Л 1Д4
30989.opus,2Р 1 КНВ5З
30990.opus,ШПАЧО7ЭШ
30991.opus,3ОИ75 1ИШЩН
30992.opus,НРВБ2#ЦС
30993.opus,ЖЛ3ЛЧАГО
30994.opus,О4Л9Щ
30995.opus,ПЦБМВЪ
30996.opus,УМТ ЮСЧУ
30997.opus,АЗЖЛШ31
30998.opus,ЖВТ#ЦНЕЧ#Е
30999.opus,Л СЯ3ЧРНБЩ
31000.opus,9ЧФЖФС5ГЯ
31001.opus,ЭОМЯЙЪЦТПЫ
31002.opus,2Й37ЕЬЪ5Е
31003.opus,С 2Л 7 КОЕОЮО
31004.opus,ЗЩТЗ1ЛЕЮ#Д
31005.opus,ЗКМЪ722 ЮЕ
31006.opus,ЗЖМ# ХЖЙЬДЦ
31007.opus,Ш ЩАЮ6Е ИМ
31008.opus,ИГ6Ц 2ДЭСЛ
31009.opus,З1ЙЕ4УЕГ#Щ
31010.opus,Й3Ц1Э
31011.opus,3Д96БФАПЬ
31012.opus,ЙДЭШ5В Р
31013.opus,Х8894
31014.opus,8ХХ2879
31015.opus,Ц7С ЬПБ 8
31016.opus,Ч4#9#УМСЭ
31017.opus,Л8ФНЗВЫ
31018.opus,6Г9 ФДК1О Ж
31019.opus,ЙОЖЦЬЬ1ПЪ4
31020.opus,ЙСЙ1УОЪ
31021.opus,866РФГЛ6
31022.opus,ШРМ30ЮЕИ
31023.opus,Г# ШЮШ3
31024.opus,4СДМ62К2#3
31025.opus,Х5У1ХКМ7Ю
31026.opus,К82  Ц
31027.opus,ЗЧ90ЯЫЧ
31028.opus,2ПАБ ТЪЖ
31029.opus,ФУБР0 ЭВЦ
31030.opus,НЧ4П1К ГБ6
31031.opus,ЕЪП Х6А60
31032.opus,НТЫЭ#8БУЩ
31033.opus,В3ЗЕ С7
31034.opus,3ИШ1Ь9
31035.opus,ЖХП8Н0ГНЖ
31036.opus,Н7МЭ#НРЩОРП
31037.opus,Ч П ЩК2Ъ
31038.opus,ЪК83К7И
31039.opus,Д ЕЬЦУА С
31040.opus,И3ГЗ#ГЫЫНЛО
31041.opus,0ЙАААЪ4
31042.opus,Ю35КМЛЦДСН
31043.opus,ЧЩЗ2Е3И0ЧЕ
31044.opus,498ЛЕ9ШК
31045.opus,У41ЮУ6Ы47
31046.opus,Р#Х1ЪС
31047.opus,УУ765ВРПЬС5
31048.opus,ЖТ1Ь5Щ
31049.opus,ГЗВГМЧПЗ1Р
31050.opus,МЯ2Д3 ЯД
31051.opus,АЛПУВО03
31052.opus,5ЦУ5ЩКЪЦ
31053.opus,ХРЮОЖЯЧР0
31054.opus,К5Л ЮЖ1ЧХЭ
31055.opus,0И 4ГГС#
31056.opus,8Л#ЭТПЛ
31057.opus,ЦЗЙ1 3Х
31058.opus,КЙ ЩЪГД
31059.opus,9КНХ#54П
31060.opus,4Ф2ЖФЛАШЕ4ОК
31061.opus,9ИАЖЦИ6Ц
31062.opus,УВ71ЗЛР
31063.opus,ГБ2ЬЯТ2ТЧ
31064.opus,7ТГЩП5СЮМЛ
31065.opus,КЙЛЮ1 3Б4Б
31066.opus,4КЙЮР 6Й К
31067.opus,Н В 3ЪТЦ2
31068.opus,ЩЦПНЛЗ
31069.opus,#В 72ЬЕ4
31070.opus,1Ю 8#Ь
31071.opus,З #УС07К
31072.opus,7#ТРЭ0Ж
31073.opus,7ХТ45К ЪКС
31074.opus,ФНМЛС1ДО11
31075.opus,4Л4АЦЙ9Б
31076.opus,#ЫЕ Ю ХИУ7
31077.opus,8 5В2Ь6
31078.opus,ЪАХЪ7ЦФ7
31079.opus,ТЗЯА9284Э
31080.opus,ВЦЦЖЗЙЙЬ
31081.opus,КН1М9ЬИО1
31082.opus,ЬКДСИР1Ю Э
31083.opus,Ь#ЦФВЬЪ
31084.opus,ЖВ9А6АЮБ
31085.opus,ГЬ7Ш959
31086.opus,Ц5Х ЦЖ ЦН#
31087.opus,УТГИЭЪАР11
31088.opus,КЛ8ВЗ0Э 9
31089.opus,З ЪЮПЖЮ1
31090.opus,НН4АХ9Я
31091.opus,РМ1Л4
31092.opus,ЖН8УБИИТ6Я2Н
31093.opus,ФЭ3У5АЫА
31094.opus,Х5ЪЙ4М87ТН
31095.opus,ХЯ14П2И
31096.opus,ПФУ3ХЬЙ А
31097.opus,ШЦ7Ц29Н
31098.opus,4У 1ЫЧ#
31099.opus,649УКШСМ
31100.opus,З78В37ЬВ
31101.opus,Ч8РО9
31102.opus,0НЩДНДО98
31103.opus,ЕБУХЙШЦЭЖЪЧ
31104.opus,БЗИЙЯЭ7
31105.opus,98НЖИЖЧ6
31106.opus,Ж712Й
31107.opus,7ИФ Т9РФ4
31108.opus,ШД7НДНЙЮР
31109.opus,ШБЫБЩХД9
31110.opus,2ЬЗУ БТЮ
31111.opus,СРЙЭАХОУХСЫ
31112.opus,8 80ШОЧ
31113.opus,87К Х Г
31114.opus,З98ЫЪЦ
31115.opus,Ф47ТШ2
31116.opus,Я ЧЬЦВ4Э2
31117.opus,Й8Г ГХ0 НД
31118.opus,5ЭГЮ ЩЪ6ЕЖ
31119.opus,346Ц4ЭКЬ
31120.opus,ЙДЛ3ШЮ3 5
31121.opus,8ГТЬЛ#
31122.opus,ЛЯ6Х КЛ
31123.opus,Г0ВЩ27
31124.opus,Х 819БОВАЕ
31125.opus,СЯ БР8ЬБ
31126.opus,ЯКВ Ы5ЕЪ
31127.opus,ЮУОГЮЗХ
31128.opus,ЗЫЧИЫ2ВЬ
31129.opus,Ь 6Т97Ж
31130.opus,ЩЦЬАЖ8ИТЛ7В
31131.opus,ЮЛКЩА5ЗН
31132.opus,Х ЯЮЗН719Н
31133.opus,ИЙБЛГМХВ #
31134.opus,П ЧЗЩК
31135.opus,4ЫВЪОЫЙЯ
31136.opus,ЯЩ7#ТШЧ
31137.opus,ФЬКРЮ1ЖЕАЙ
31138.opus,Ю ЮАТО
31139.opus,ИДПЖ#Л
31140.opus,21О1 Ц Л
31141.opus,ЖРКЯККЗ35
31142.opus,ТИМЫИ5ЪЬ
31143.opus,ЪЧ9НГДМ
31144.opus,У8ДХ 2Ю8Ч
31145.opus,Т4#ЫШЛО
31146.opus,ЖНЮЙЮ
31147.opus,ЖЗ8ХВБП
31148.opus,5 ЧП3#П7
31149.opus,8ЫГЫМ#С
31150.opus,ЧДМ9ЩД3Э
31151.opus,Д9 ЦЭН4
31152.opus,#ВПБЛТЮ2ИФ
31153.opus,Ш1Х#2 С
31154.opus,УА5ОЖЖЛЗВМЮБ
31155.opus,П Т Д 6Ъ4Х
31156.opus,КЧ97Е7ЗГЙ
31157.opus,6ЮШОС Ы7ИК
31158.opus,6#УЪЗ#ФИ
31159.opus,Е37ЕЗ22Ю
31160.opus,Й ОТ ЕКЛВ Г
31161.opus,ГХ9ЫФР27
31162.opus,ЙКФ1ЩОФ0
31163.opus,2И0Ш8ЦК
31164.opus,ЧСР49 ЩА
31165.opus,ДЙШЬЪЭН
31166.opus,ГВХЯ4ЕТКЪ
31167.opus,ЮЯГЬФНР
31168.opus,П60А#ЖЛ ФЩ
31169.opus,5ЭТОЫ2Ю0
31170.opus,ЮЯЙИ1784
31171.opus,ЕЖХУЮВ#УЦ
31172.opus,МТРБ49ЪК
31173.opus,5МЩНЙДУ2
31174.opus,ШЦД1 ЗЪ8ЩЦ
31175.opus,Х8ЗЧЧ ШГ
31176.opus,Х ЦЛ3ЖЯ5ЮЧ
31177.opus,КЧЫШ Ч3
31178.opus,ПЗРХНЪ0Ю8
31179.opus,ЭМПХ2В5К
31180.opus,ОЖ#4И5КЖ
31181.opus,ШЫ4ЕЙТ5МЕФАО
31182.opus,9М ЦОД0ТОЛ
31183.opus,ПАО5ЙГЙ
31184.opus,5Ъ4ЮБ 6 М
31185.opus,ЭЭП9
31186.opus,ЩЗДЙЕ7З
31187.opus,# ЭФШИХЪ ЖШ
31188.opus,УЧ0ЬК#Г
31189.opus,ПЙУЯЫ ИГЛ С
31190.opus,1ЩШЪСЯ
31191.opus,Й Д9ЖЕЩ
31192.opus,5ЙШККМО
31193.opus,Я 4 ЧП795Ж
31194.opus,ДМРЬО6М
31195.opus,54 ЕЦ8ЮЫ
31196.opus,ЮМЦ 6НМШ
31197.opus,У3МЗЪ435
31198.opus,Ы30РЕТ7
31199.opus,Л#О6РПЪ
31200.opus,Л95ПГ1Й
31201.opus,8МЛВ3Ш#
31202.opus,Х8ЬБЗЭЛТО
31203.opus,019Н
31204.opus,НЙЖФ ЮАС5К
31205.opus,ЬЫХЮИ МЦМИ
31206.opus,9ЗМ8М0ЮК
31207.opus,8Т9ЖОХЦЩК
31208.opus,ЯЯЛХШО И
31209.opus,97КНЦСМЬХК
31210.opus,Д ОП5Щ9
31211.opus,МТ5Ь4А ТЬ
31212.opus,0Б6ЭЯОЮ Ф
31213.opus,20ЙПДФ
31214.opus,7Я3В
31215.opus,0Ч2ЖЯЕСК О
31216.opus,14Ш38
31217.opus,ЗЗЛУУ СА
31218.opus,ЦБ4Я3КО
31219.opus,УХ5ООЛШУБ
31220.opus,2ЭГЕШ6#ООЕ
31221.opus,ЯУЧ 5ТШ
31222.opus,ПАЙ#ПРАЛ
31223.opus,25С БР0Е5
31224.opus,ФН7Т8ЫНЩЦ
31225.opus,Н7160БЮ8
31226.opus,7ГФВРС3Д3
31227.opus,6ЪБ3ЧЬЩЫЫ
31228.opus,Ь8Т#4ЪГБ
31229.opus,Х2ЛШЦЖД4ЭН
31230.opus,НС#2255
31231.opus,А3ЫМ8 3ЭЦ
31232.opus,Щ#4Я9Б5ЫЕЗ
31233.opus,А 2ОЫХ3Ю
31234.opus,1ШИД4Н8
31235.opus,КДЧН783Г
31236.opus,ЛУ8МЯШЮК3
31237.opus,ЦЙЮ1ДБ
31238.opus,#8Щ #ФГММЗ
31239.opus,Й2Л ЙХЫ
31240.opus,086ХБФ
31241.opus,ЙДЬС5ОЭ9 С
31242.opus,АЪЛ07И
31243.opus,ОЪ# ЫЭМ
31244.opus,1Н84З8
31245.opus,ХУЬЮЪЛ
31246.opus,ЧЯФ4ЦАВНЛ
31247.opus,ЪЙЩЯЪМГИВ
31248.opus,Ю9Ь2ЖЫ
31249.opus,Щ16ЗШЛ44
31250.opus,ГЯЩТМЗ
31251.opus,М2У6ДЬН#М
31252.opus,ЕГМЫ0ИБ
31253.opus,ДЪ1 УЕС МХА
31254.opus,ЭРЪ4РОЧРВ4С
31255.opus,КЮИ#ЖМД
31256.opus,УЩБНСЛКХЩ Ю
31257.opus,ЮБ35ПФЖ
31258.opus,МН1НД8ААЕ
31259.opus,3ДПЪ СХ5#О
31260.opus,Л729ЮЪЧ
31261.opus,Б0ЬЛЪП СЪ
31262.opus,ПНВЦУ6Н9Й
31263.opus,ЕФ 2ОТ9Г7Е9
31264.opus,М8ЫБДБРФЙ4
31265.opus,П8 ЦБ7М22ААС
31266.opus,ОТЩ8РЙРЛ5ЛА
31267.opus,ЕГХЖ#Я55
31268.opus,ГБЩАЯЯСУ
31269.opus,ХЮП5УР2
31270.opus,БС ФБ НЩПТ2
31271.opus,К1ЭЯУУЕО
31272.opus,5ЯЕАЭ1
31273.opus,ЫТЖЩЗШЪЫ
31274.opus,ХП Л4К#9
31275.opus,ЪСР А3ЭА
31276.opus,ВФУРЫЮЗГК
31277.opus,5ЩТ9ШЖЙВД
31278.opus,663ЯШФЦ
31279.opus,Г ЗЙРТЪЯ 6
31280.opus,5ЩЫАН Ш43КР
31281.opus,Б#Ч#Ь
31282.opus,ШХИФ ЗУ Ц
31283.opus,ЬДЧ34 Х#Т
31284.opus,ЪЕЙТВНЩП5Ш
31285.opus,М7ХКДЖ2ЦО
31286.opus,Й79К4Ю3
31287.opus,С4#ЛП6ИМ
31288.opus,8ОЖЪ4ФЦ
31289.opus,Щ2Ы Т7
31290.opus,ЧОЖБ38
31291.opus,И ГЙ7ЗЛ#З
31292.opus,ХВЕОЧММЮИ2П
31293.opus,П ЙЩЙФЭД0
31294.opus,ЙМХ3ФО9М
31295.opus,НРБ8Ъ4ЛИИ3
31296.opus,БАТ67ИУГИЛ8
31297.opus,М ЮЖ2ЕТЧ
31298.opus,МЕТЯЕИУ60А
31299.opus,ЙЖ0О0 ЫК
31300.opus,ЛМЯ83 ХИЩ
31301.opus,Р3ВБО5КК
31302.opus,Е1ЮФИЦНРЩ
31303.opus,8ЯЗЯГ1
31304.opus,ЪСРТ0Г4ЬЩ
31305.opus,ЯУКЕЦТЩ КФ
31306.opus,1ЩРЩСХЪ9
31307.opus,Ъ9Э1О
31308.opus,ЮЖАЭПВЬЧ7
31309.opus,ЗЭЬ9БУЩ
31310.opus,Д 2ВДЬХРО3
31311.opus,ЬЕФНХ7 Д
31312.opus,9 ТЭЖХП4Б7
31313.opus,7АКК П6 ШС9
31314.opus,З5БЪЯ98
31315.opus,ЦЗЙЬБЬ67
31316.opus,571ЮХ 6Х5
31317.opus,1ЩЛ8Э
31318.opus,Ж7 ЮАР9 ДЛ
31319.opus,ЪЪЮГМХЩХЕ
31320.opus,Н55СХ 12ЙЩ
31321.opus,#9 ВОТ2А
31322.opus,ЬЫ64ИБНХ ПН
31323.opus,ЭГЛТ9ЧУЙ
31324.opus,МЛ8ЙТ 2АЯ2
31325.opus,Ы18 ЖВИЩМ
31326.opus,ТЗДЕЮЪИОРК
31327.opus,АГЕЛ#ЭЩЦ
31328.opus,ДРСЯЮАЯБЮЮ
31329.opus,ПЗГЫОА7С
31330.opus,5Ъ4ЯК
31331.opus,НКАОД7КРЭУ#
31332.opus,НЪФЭНМЗО
31333.opus,УЦЧЭЦХДОШ
31334.opus,БЗК6ЩЭКДНЗ8
31335.opus,Ф ЙПД0ЗИБУБЛЯ
31336.opus,2ХАЪ0ХЪ6
31337.opus,МЯ ЧВШ6
31338.opus,3Ж С10ЭКР
31339.opus,3ФЭШ4ИБ0
31340.opus,КЕЧГДВ4ЬУ
31341.opus,ЦСЬ6ЮЫИ7С
31342.opus,В1МЦ
31343.opus,Ь4Й Я0
31344.opus,ЯЬЛФ ГРТ
31345.opus,2О ЩЦЙЗС
31346.opus,ЛУЫФ0ЬМ
31347.opus,Щ96ВЬ7Й
31348.opus,ОЬ 239ДУ
31349.opus,Б 91ЦЯ
31350.opus,М3ФОД Ш К
31351.opus,Н7#ТЖ2#Б5
31352.opus,ЬЯЪ Ч Г8
31353.opus,Ц8#Ш3ТЙЗ
31354.opus,ПКЖЧД5А2ЖЙ
31355.opus,А5ЯР ЫЧЮЪ Ч
31356.opus,ТА1ЗВ2Р0
31357.opus,ЭЕЭВЛЩ4ФФ
31358.opus,#Ю0АУ1ОБ
31359.opus,Щ СМУФ4С
31360.opus,Ч3ЗЭЙП
31361.opus,ЭВ ЧЩМЦГР
31362.opus,КЯАП16ГЮ
31363.opus,АЮОРЙЦЖУК
31364.opus,ХП ЦЫ Г29
31365.opus,ЫЭЙСЦН4
31366.opus,Э1ЭР7 У8
31367.opus,ЭЫБН0ЪЕ5
31368.opus,28ШЕФ ЫЗЧИ
31369.opus,ПШЮ5ЖО
31370.opus,УРПЮ8ГХШ
31371.opus,ИЧЮАМЭ7
31372.opus,ГЕИЕДИ Х0К
31373.opus,ФЛВФ ЕЧКЮХА
31374.opus,ЮБ 55ЛИ4Ы
31375.opus,ЮГ0З3ОЯЬ
31376.opus,У60ЖО5РЕ
31377.opus,ЬРУД8ЖЖБ4
31378.opus,ЗМ ЯБВТЛОБ 
31379.opus,7С7ЩУ93ХА3
31380.opus,Ъ4З 8ШС
31381.opus,Ю0ЧЮНШПГ
31382.opus,ЖЪ2390
31383.opus,73ЩФ53ИХ5
31384.opus,ЖЛЮБНБ 9ЗУ
31385.opus,3Х ЦФС К
31386.opus,ОХП9ПЬ7Ж
31387.opus,ПЦКФЮЧ
31388.opus,ЪН9ЧБЛО4
31389.opus,ЧКЕТЮК5 У4Д
31390.opus, РЫ ЛЩСЭЙ
31391.opus,Ю ЫЪШОФ Ч2
31392.opus,П #5Ы57Ъ
31393.opus,Э1МИПЕ ЯЩБО
31394.opus,Л9ЦДТ8Ъ
31395.opus,НСЮЕ6ЯСЪЪМ
31396.opus,Д1СИ0П
31397.opus,0К7ЩУИХВ
31398.opus,9В3ПЩПР
31399.opus,94ЖУТЬ5Ш
31400.opus,МЛНЛА64РВ5ХМИ
31401.opus,ДЧОШЪ Х
31402.opus,84ЙЭ4 ОВА
31403.opus,АЦЧ4ХП6Ж
31404.opus,П39Ч9БЪ
31405.opus,Ю Э4ЧБ5ЫН
31406.opus,ГВ ЧО5Р#ИНЮ
31407.opus,У8ШР#0
31408.opus,4ЯВ8ЮГ
31409.opus,7Ъ58Т4
31410.opus,УЧ0Ш#В
31411.opus,Л9ТЦЮЙ2
31412.opus,7ШС1Ц9НР
31413.opus,П8КЬДТФ9
31414.opus,ОКНБРБДНГ С
31415.opus,14 ЖЯЧЧ9К
31416.opus,ЬЕЕ5Щ19ЙН
31417.opus,МКН2ОЙ
31418.opus,5 ФЕЯЫ ХД
31419.opus,ТУОГЗ6ЮЙ
31420.opus,СС8ХООЖЬЮЦ
31421.opus,ОЫЧФ ХН ЫЫ
31422.opus,НХ 6 ЕП
31423.opus,ГНШНЬТЪ
31424.opus,ЫЙ0Н1 ЮЛВ
31425.opus,ШХИГ# АОЦН5
31426.opus,ЕРИЬФЭЧХКС
31427.opus,Д5ЩЖОЫБЗЦ
31428.opus,Л#Б Ж7ОХУ
31429.opus,ЬХУЖШ
31430.opus,ХЧ#З5ЯЯ
31431.opus,0НХ0БЯШМ
31432.opus,ХЯИД9ЫАРЫЯ8
31433.opus,Я5Я#О9ЭЖЩ
31434.opus,О5ЮШО77
31435.opus,НХУЪЖ2ЗД2
31436.opus,ЭГЖЙНЧД
31437.opus,Ь6А63 ВШ9
31438.opus,ПЧТТЦ4ДХЭРНИ
31439.opus,#ЛНЮГМЬ
31440.opus,Р#ФЫЯЬ#
31441.opus,Ъ75Ц9УЧЩ4
31442.opus,И4ВЙЮАЩЛЯЗБ0
31443.opus,#ИЪ7Э3РП75
31444.opus,7Я4Э07Р
31445.opus,ЫХ012ЙН ЪЫ
31446.opus,8Й3ЙК0КЭЕ
31447.opus,6ВЖК9ГЗЩРЛ
31448.opus,88ЧИРЕОЪ
31449.opus,ЧЫГЬВЙГ
31450.opus,ЭКГШГИ0ЛТЙ
31451.opus,ДЧ13Ф
31452.opus,Щ ХХ7ЖФ
31453.opus, РЛ 4СБ5
31454.opus,П2ГПЫ#ШЩДХ
31455.opus,Т Э32ЕЖД
31456.opus,Е8АЬЗ2 ЯР
31457.opus,ИЯ6Р7Щ0ОХ0
31458.opus,АСН7АС1ГОА
31459.opus,Т3ИЫ1ЖЫЦ
31460.opus,Е88Е13РЖЪ
31461.opus,СХ3Й8Э50Р
31462.opus,ЩЧБВЬ
31463.opus,К1ЖЭ2Ц7
31464.opus,НФШБ0Л4Г
31465.opus,ШО45У9Ц3
31466.opus,БЩКШ З1Д
31467.opus,ЖР ПЖХЯ МК
31468.opus,ВЬЬОЦХ8ХО
31469.opus,ЭГЯ 5ЕЕ29Ю
31470.opus,1ЦУУЬУГИБ
31471.opus,ОЭ 7Ю2С5П
31472.opus,КФ9Щ60
31473.opus,ЖЯБ32ЖЩ3
31474.opus,9ЗЬ8ИСЩЩРХ
31475.opus,ЛКБЙЛМЭ15
31476.opus,4Щ 4
31477.opus,ТЙЩЯЙКЖПП
31478.opus,ЫА БЩ31УВЕС
31479.opus,УТ#17Г
31480.opus,МЧ2ЦСК2И
31481.opus,ЬЯИ30ЬМСД
31482.opus,ЕХО10ВЫЮЪ
31483.opus,11 Й2ЩЛСМ
31484.opus,7 ЛЬЧ8ЩГЬК
31485.opus,0ЬТПЗД
31486.opus,Б3ХЙ19А3Э
31487.opus,Т58Г6СЙИФ
31488.opus,СОХЖЗЪЛО7
31489.opus,ЕЦД#СЗ17
31490.opus,ИЛТ2Ф58
31491.opus,ЕЫЖ1П8Б2
31492.opus,Р45ПО5Е Я3
31493.opus,4Т Г ЦР 5Я5
31494.opus,ЦЬ3ФД6М
31495.opus,ОАФЧУЧЛГ
31496.opus,Ы4У4УЪСЕ1Т
31497.opus,Б50ЧАСУМО#Н
31498.opus,5А0ЧТГМРРЖЫФ
31499.opus,ОГНЪ17ЫЪ
31500.opus,Я0ЖЧГЗ
31501.opus,#И9 2ФБЬВ
31502.opus,СШЕЦХПК#
31503.opus,4КТТЬСЦМ5
31504.opus,АЗ90ЕР6
31505.opus,ОРЙ АЕСЩКЗВ
31506.opus,ЪЭЕЙ13
31507.opus,Э ТФ ЭЭЪЮ
31508.opus,ЬЖРБ#7
31509.opus,Ч#5ОСКБ
31510.opus,2 КГФ1С
31511.opus,ЭЭЕ5Ю9Р85ГЮ
31512.opus,ЫХ8 А3ЕН8
31513.opus,АЖЭЬЫХЮ0
31514.opus,УЗЩ Г87
31515.opus,АШ#МСЭЫ Э
31516.opus,8ЪЦЪМЙИ
31517.opus,Х5СЫЮЮД33
31518.opus,ШЫ54Г8Ц4
31519.opus,ЬЮ9ЪХГ Е
31520.opus,УУЕВЮП5Й9П
31521.opus,ФЧЛЯХЙЧЭЬД
31522.opus,ОСЮ0ОГ5
31523.opus,ВИЦК7#ЙЦ
31524.opus,0ЭКНФ5#
31525.opus,С0ГЙЦЕДИ 9
31526.opus,5ЗВКТППХС
31527.opus,ЧЫ9ЬЭ5ДМ5
31528.opus,БЙВТЭТЦ92
31529.opus,ШЧЯА16ЩИ2Ч
31530.opus,Ю 0М04
31531.opus,Э ЯЙЧ5О #
31532.opus,55ЖХЙМЗЩП6
31533.opus,С8ШГЪ18ОТ
31534.opus,МЕКЧХЙ46
31535.opus,8АЮ5ЗЕДЦЮ
31536.opus,БЦСОЛ8Ш9Б
31537.opus,ЫЫГ8
31538.opus,НЪЗВУТИАО
31539.opus,ТКНД4ЮШЪФО
31540.opus,Л3КФ9МЗУА
31541.opus,ИЬЫШЛИЬКЙ
31542.opus,Ю НЮНЭ3М22
31543.opus,НЛЕМЫЬЮЮАНА3
31544.opus,НЫ20ВЧ6Ш
31545.opus,УВ6Н ЕЫСЭ
31546.opus,ГБ Ф 0 #Э
31547.opus,Ь6Б6ЭЖЦ#ШВ
31548.opus,23ПАЮР3ПЪ
31549.opus,3ЩЛРХЪЮЦ1
31550.opus,ВМЛЮЙ2ШР5
31551.opus,ЖНЭОИ#З
31552.opus,ЭГЦЪЧРА
31553.opus,0ХШЕЯДЛ
31554.opus,СЮБ75ИРГ
31555.opus,ИБ#ЛЮФМЛ А
31556.opus,РФ #У372
31557.opus,75ЙЩЗ2Й
31558.opus,АГД 9Ф1
31559.opus,#8 2ГДО
31560.opus,ЛЮ17ЫЪБ
31561.opus,Л ШИЗГХГШУ
31562.opus,ЦЯУЩЙКЖ8
31563.opus,5Ч753 76 Ь
31564.opus,ТГЬЩВ3
31565.opus,7ДХЧ9ДЗП Щ
31566.opus,Ц ЦМБДЧЖ6Ш9
31567.opus,БЫЭ3 Ю Ч3
31568.opus,К5ЭЕ9Ф7Щ
31569.opus,В108У1Ы1
31570.opus,4ЖЪС4Ц ХШ5Р
31571.opus,Н1БКМШВ
31572.opus,ФЪ ЪНЧ2М3И
31573.opus,ЯЖЮСССЗКВИ 4
31574.opus,З Ч3ЭЯБЧСЩ
31575.opus,ЧП7МЛ6Н
31576.opus,9О Ю79ФАРЗ
31577.opus,ЪЗЩР
31578.opus,ИЕДЭВЕЪ5Ф4
31579.opus,8НЬ ЪЫ0ГЛЩ
31580.opus,К96
31581.opus,У68ЯМИ ЫЛ
31582.opus,В1СЮБЬЯ
31583.opus,94Ь# 0З7
31584.opus,ДВЛ И6М
31585.opus,В10ВЗУЧ
31586.opus,ЙЕЦЦРЙ5
31587.opus,2НАГРЬ
31588.opus,ЭЬТ # 93МЛЯ
31589.opus,ЙЕЮ7МЧЛ0
31590.opus,16 ЙШР С
31591.opus,АМЯ 36РТТД1Ъ
31592.opus,УАЪ8РХВ
31593.opus,ВТЖУЖ ПШЮЗ
31594.opus,6ЦМ11М#ЫШ
31595.opus,ЦЗПТЫЬЦНЙЧЪ
31596.opus,Ъ8ТЧЕБ
31597.opus,ФН2 ЮР
31598.opus,#ЧЗАЫЭХ
31599.opus,П4#ЧЪГ
31600.opus,ЬО6ЙБК3
31601.opus,Х ХЦЭЗТЧЬХ5
31602.opus,РЧУТЗЬР4 Г
31603.opus,ЦБПК61Т6ЕФФ
31604.opus,7ЦЙ4ЬЛН#7
31605.opus,ПО Л 5ЛЪ1М
31606.opus,РЯГЩЯЮ
31607.opus,ЮФХ11Е1В
31608.opus,КША7АЕОМЕЬ
31609.opus,К#8496ВР
31610.opus,1 ГНАОЕР5Щ
31611.opus,ЪЖОФЦАМБ6
31612.opus,ЗД 2ШСУОЙПЖ
31613.opus,3ЮДУИПМБ
31614.opus,ЛЛВНЖЛВЛ НМ
31615.opus,52ОНЖХ5 3ФХ
31616.opus,9ИЫД Д 5Н6Я
31617.opus,А8ИМ5Ц7Я
31618.opus,ПМЙЙ2Ъ#58Э
31619.opus,#ЙТ ОЭМИЮ
31620.opus,ТБ УЬЬХ5
31621.opus,468Л8ЩХХ
31622.opus,Ы2Ы0АЦ55О
31623.opus,8ЙЮ5Ц
31624.opus,#4МАПКЙ2
31625.opus,ЯТЖВОН7Ы#
31626.opus,ГЮЖ4БСЧФ
31627.opus,ВМЯЭЬ ЛНУ7
31628.opus,#ЗЫЬЖЪ ГЕ
31629.opus,ЗЛ ПЮЗЦВФК
31630.opus,73БЧК
31631.opus,БЯ4Й1Ы9
31632.opus,Ч6М3ЦЩВ
31633.opus,ЕЫЛ2ШБ0ЩДХ
31634.opus,ФНУХРПФУ
31635.opus,РЬ6ЭЫАСАП
31636.opus,ИМБ Г3ЕП 03
31637.opus,З Н3БЗ Ь2СЖЮ
31638.opus,ОЕТПДЫЪКЪКФ
31639.opus,10 Ь0Ч
31640.opus,РХ7Э5 Ш
31641.opus,Ъ7ЧЖ0 П
31642.opus,7ПХВ23ЦШВ
31643.opus,КЕЩЮФЛП
31644.opus,84АР9
31645.opus,0Ж Е3СЩНМ4
31646.opus,ЦУ0ЩЦНЖ
31647.opus,ЩЙРУРЪЙЛЕ
31648.opus,ЖЧДА8ВЕ
31649.opus,ВБ706 # П
31650.opus,39Х03
31651.opus,Я#2С0 ЙР
31652.opus,ЛЙЮЬ73
31653.opus,АЛШЪЮ 05Ы
31654.opus,9 МЭШГЗНЛ2
31655.opus,РАЮ БЫЬХИБ4А
31656.opus,ЪЛЖ8ШШО5
31657.opus,ЬЯ0 7Ъ ДБА
31658.opus,М1ЛФ2
31659.opus,БАЪГЗЩ1
31660.opus,51МХЧКС 8
31661.opus,ИЮ#Г7З3
31662.opus,80ЦШПЛЫТ
31663.opus,НЦПЪМ25
31664.opus,Н1КФ6РВХА
31665.opus,УУИАЩЦТФПШК 2
31666.opus,7ХЯЫ8Е6Щ
31667.opus,АТ4ВХК ЧИ
31668.opus,О ЭЕ#ЩЫЮ Я
31669.opus,ДЙМЗРЩТЮ
31670.opus,Щ9БЫК8С3
31671.opus,05ЫШЯ ЧЧ
31672.opus,1Ц1 Я7Ю
31673.opus,Ч68ПИО3Н
31674.opus,О АЖЛПБ
31675.opus,Р6 РХ15К2Г#
31676.opus,# 4ЕИ Р6Б
31677.opus,ЭШ82ЕЯ5ХЗ
31678.opus,Я1ЫШН2
31679.opus,9Н Ч6Ц9
31680.opus,ЩО4ЦЮЪ
31681.opus,АЧ8Ь28Ь
31682.opus,ОЖЬМПЕ74
31683.opus,УКЭЕ6 0
31684.opus,ЪЖ6Х
31685.opus,П3БИ30Ж
31686.opus,БИЩ4С#ДТЬЩ
31687.opus,ЩЙ6ЮЕ5РЕЛ
31688.opus,Ю ШК АЦЗЫ
31689.opus,6УШМЗЧЖЧЧ
31690.opus,1559Ч Д
31691.opus,ГД772У 5П
31692.opus,НЧ#РЯХ49
31693.opus,#КТКЯЭ3ЮЭР
31694.opus,МЯЗ8ДМЪХ
31695.opus,ДП4ЭЗЮ
31696.opus,ХЬ0ЪНМСЫЫ
31697.opus,0 ХИ9Ж3ИЕ
31698.opus,Ь АЙН Н13
31699.opus,3ЙКЭ1 В1
31700.opus,ЫЫВ32ЩС7А
31701.opus,ЖСЧДБТ24Е
31702.opus,00Ы7ЦХС Б
31703.opus,#БХЖЮШЖЛ
31704.opus,Л5 Щ4Д3Ш
31705.opus,ЩНГЖЪХЧУ
31706.opus,76ЦАЯ1ЛС
31707.opus,34Е4Ъ8С4
31708.opus,КГ 1Ц4ШК
31709.opus,РСКЛЖЩЕЫЩ
31710.opus,КОФ ВЗ6#
31711.opus,ОСФВРЕШХ
31712.opus,Г 4В6Р 7Р Ы
31713.opus,Х03ЦОЛ БСЭ3
31714.opus,НЗ1ДДГ2
31715.opus,МСХМЙЦЩУТ
31716.opus,ВЩТ3ЬП4М
31717.opus,Н9Щ93ЮМ
31718.opus,Б5 Р#
31719.opus,ФИ 5НЦБХ5
31720.opus,У8РЪЪЯ0
31721.opus,ЩБЦКЩЛВЪ
31722.opus,6ГЭТ
31723.opus,Й ХЧГЦЬ5СВ
31724.opus,ЧЯОКО8ОЯ
31725.opus,Н УЯМЛ ЮЭЭФ
31726.opus,9ЛЬЮХ#31
31727.opus,ЫЪКИ5УАЪЦ
31728.opus,МЛЪЩТ52 Я
31729.opus,ЮЗТЯК0#
31730.opus,ДБ6ЭХЦ# Р
31731.opus,3Ж ЯЧКДЪНМХ
31732.opus,Т9УЛНЦ3
31733.opus,ЧЬЫЗ4ФЪ
31734.opus,ЦЕ9ЪТЙО
31735.opus,ДХЯБЦ5Й
31736.opus,ЩШ7П40
31737.opus,ЗБ91П5Л
31738.opus,Л8ЭК0ОК
31739.opus,АЬЗЧЙ#4Ю1Ю
31740.opus,329 Ь9ГИГ
31741.opus,6УЦЮЕЖУ0Я
31742.opus,СДВЕЮ46 4
31743.opus,2ЫИСД4ЛВЕ7У
31744.opus,2Н2ЧРЯ
31745.opus,ФВБТ
31746.opus,АЫ3Л ЭЯФЛ
31747.opus,ЭУ ЗОИ9Х
31748.opus,Р 4СК2 АЬ4ИХ
31749.opus,ЙХЯФ7Д3ДМ
31750.opus,Ц4Ы#09
31751.opus,РАП4ЯФЖ8
31752.opus,90ГЭПЯ
31753.opus,2ЧСЛ7ЮЗХ
31754.opus,И33#ФЮДГЩ
31755.opus,ВЫ2Г0БЪ
31756.opus,#ДРЙ Х ШЬД
31757.opus,УЦ 0Я30АФУ
31758.opus,ЦЦ0#И ЫБ
31759.opus,6ВК ТТЧН3ТАСА
31760.opus,ХЬЦ3ЩИ3
31761.opus,4ЛЯЮГКФГШАТЬБ
31762.opus,4ФООМ8СБП
31763.opus,7ВСЯКЪЧХ3
31764.opus,ЯРДЧЗВЕТЦР
31765.opus,ЦН 3Д
31766.opus,1ВЩН4ХЙ#
31767.opus,ЫЮ М3ЭКЧ
31768.opus,3Г0КНЮЕЙ1
31769.opus,1ЕЖГЙЩН#
31770.opus,Ю9ТЗЫ7М
31771.opus,5Ъ4М#НШО
31772.opus,Ж 9636 Г
31773.opus,КЛТЯАЖ ТИ#Т
31774.opus,К664Ф#8
31775.opus,НЫЪЩМ7ФНЩГ
31776.opus,66ТЭ4ЦТМНЯ
31777.opus,И В0ГБ
31778.opus,Ь6Х ФУ4Э
31779.opus,Д3Я8ИХ2
31780.opus,1Л9Х96
31781.opus,ОО0ЙЪЪБ
31782.opus,НЦЖЯЖЦХЛЦН
31783.opus,Ъ4ГАФЙЫА8О
31784.opus,ФГВЮЙ
31785.opus,Ь22ЗА
31786.opus,НИ6С7ШЗ#ЭК
31787.opus,ПК969ЪРВ
31788.opus,НЗ2Э7РЕМ
31789.opus,У69Т6 ПКЮД
31790.opus,ЖЪЙЩЫН5Й
31791.opus,Ш#С8НЭЦИШ
31792.opus,И6ГЫБОКЗ
31793.opus,КЭ У22В
31794.opus,ШШ0НГ1Й
31795.opus,Ж8ЭИЗЬЕ9Ю
31796.opus,Э9РЕУФОАДЛЪ
31797.opus,Ф7ЩА ПЛ#Р
31798.opus,М2ОИБЪ2Ь
31799.opus,Б 9 6ГЛ СВФД
31800.opus,ШЬЯЭ6
31801.opus,Э #ФВР9
31802.opus,ОТ98З8ЕШ
31803.opus,58ЫЯ3Н9Н2
31804.opus,8ГЬО0ПЧ
31805.opus,РШК7ФЮ55ЧТЕЦ
31806.opus,АЮШГ84
31807.opus,АБА2ЭК
31808.opus,ИАЕК МФФМЛЦО
31809.opus,ЪЩФЗ39
31810.opus,МЦ8НЪМБ
31811.opus,9ЯПЪИ2
31812.opus,ЯТ#83Ф
31813.opus,ТДГЩУ45Л
31814.opus,ИЙШБЗОН ЖЖ
31815.opus,38 ЖООФЮ
31816.opus,7НХ6ЖЗА#
31817.opus,2ЭИМЬШ0
31818.opus,ЪМ0ИХИ3ЬМ
31819.opus,39ЗЪК8ИМ
31820.opus,16Й1ЕС5Щ Ы
31821.opus,4БЕЙГЮЬЕ1
31822.opus,03НОЪНБ2
31823.opus,ЙЫ0ЪГБ
31824.opus,#4ЗАЗ 4
31825.opus,Ч0ИЯ0П8
31826.opus,Ц1ОЯ9У
31827.opus,4ЯФЫ Ж ЗА
31828.opus,Г БЩ1ТТТ0
31829.opus,6ЫЯ0МЪИ#
31830.opus,ФЭ3ГЖАЬ
31831.opus,ИЭ71Б#А
31832.opus,П9ЫЭЦЦСЮ
31833.opus,Т2Ц6М0
31834.opus,Н8Г МЩ
31835.opus,ЦУГУР#ШВ А
31836.opus,91 НАВЖЧХ
31837.opus,ЭЭ8 Т Ф2ЬД
31838.opus,Ю9П68ФЕУЬ
31839.opus,ЪФЪ31
31840.opus,ИЛЪГ4ЦЛЗ
31841.opus,СЙХЪЮЧТФ
31842.opus,ХЭ6ЮЪЛХ
31843.opus,ЖЧИТАУЦХ5ЛЫ
31844.opus,У0#3
31845.opus,Ф 1НУ2 Ю
31846.opus,ЛЩН7НВИУГ
31847.opus,ДВВРГ3НЬБ5
31848.opus,АШЛНЪ7ЧБЕЫ
31849.opus,1ЕФЖНСИ
31850.opus,5ЪЫОЖ
31851.opus,0735#2 Н
31852.opus,Л 5УОЪ
31853.opus,Й#ОШНЕ3Х
31854.opus,ИК#ИЩЯЭ3М
31855.opus,ЖЦ7УБРЬ8Ф
31856.opus,ФФ4 ТИХ3#
31857.opus,93РВЫ ЦШЧ
31858.opus,ХЯ Д 3РБЧ1
31859.opus,ОАМЬНУЩД В
31860.opus,ЮЕЩ5Ш8#
31861.opus,ЬЗ1ЩЦЭ
31862.opus,3ЭГЦЭ #ЙИ
31863.opus,1Е1ЙГЙТ
31864.opus,ЭК 53ТФЮУ
31865.opus,7Е096С1Ю
31866.opus,0А2 ЛЧЧМЭ
31867.opus,АУЪКД7ЕКЙЛВ
31868.opus,Ц9Й7 Г7
31869.opus,Ы ЪУМ
31870.opus,Ь6ШК7 ЭТЯ
31871.opus,48ЦЭГЦ
31872.opus,ЬБСИЫС
31873.opus,6УЩЦЩ7
31874.opus,5ЛЕДЙ ЩЫ
31875.opus,ДКОПФ4ЪЖ
31876.opus,З ЫЖ ГЕ ДХ
31877.opus,АЩЬ33ХЪТЦБ
31878.opus,0РЗЪЩ05
31879.opus, А#У8Ж
31880.opus,8ЪФУ3ЪБТ
31881.opus,ЮЮ5ШЫ##
31882.opus,ХЭ4ЗВВО
31883.opus,ПЦПХГХ9Л7Ь
31884.opus,ЬЧЛ6Р
31885.opus,9#УИ17
31886.opus,КЯ2В7Р
31887.opus,СЪЛ1 ХФИШ
31888.opus,УШБУЮЮНЫ
31889.opus,ЮЧ ЭНПУ
31890.opus,ЭЗ1#Ъ
31891.opus,ИВЦУ Щ
31892.opus,ФУХЭ4ОШ#
31893.opus,ЫФЕЫЮБЭ
31894.opus,В УФЬ12МТДНЛШ
31895.opus,5ЙФКЯЗРЭ
31896.opus,3Я5СЩЦЩ3
31897.opus,ТЩХ#ЫЭЭЗФ
31898.opus,У5ЩВЫГФ ПММ
31899.opus,ЛЦДЫА2ЭО
31900.opus,В23 9ФЪ
31901.opus,ТЭ5ЫЙХ8Л6Е
31902.opus,Т0УЭ9Б
31903.opus,3 8ШГЖ Ц7Ы
31904.opus,ФХЪЪЩЪ9
31905.opus,У3ЩСД ТУТ9М7В
31906.opus,ФТ7З0И Ж
31907.opus,4Е2 ВМТШЕ
31908.opus,ШАВ3ЭС4Э
31909.opus,М ЛНЫУЦ
31910.opus,И2 ОО45В8И
31911.opus,ЦЧКК65Ю#
31912.opus,7ГЛЛФГ2
31913.opus,ТЫЯЦЗ9 Д5
31914.opus,4ЫЦ 8О ЗЬ
31915.opus,ЪЮЫ5ФГ5ЭЖС С
31916.opus,2Т#5ГБЕ2Т
31917.opus,ЭЖЮБКМЭМ
31918.opus,ОЦЗ8Ж2СПФ
31919.opus,ШГГКЮЪ#
31920.opus,СЙННАЮ#ЙШЖ
31921.opus,ЦБЧФП0ЮО
31922.opus,ДСГФТ ЩКЦУГ
31923.opus,5ХЭ3ОЭЗЬО
31924.opus,А206КЧГ
31925.opus,0Д 8ИЕИЖЧБУ
31926.opus,#ЪЪСШ
31927.opus,1МЫАЩ
31928.opus,7Т8Т2ЫЙ7
31929.opus,У4ЬЯ9
31930.opus,РО5Й9ЭСХКВ
31931.opus,Й5ХЪАПТЧ
31932.opus,ЗХ367ЖЭАП
31933.opus,У20Б#10
31934.opus,НП9#3КГФЬ
31935.opus,28ЬЦ4К6
31936.opus,А2ЧАГ#ГЬЯГ
31937.opus,Н 0Т ЯЫМЙ
31938.opus,7В4 88Ш4
31939.opus,ГЪХ9 Э4Я
31940.opus,ПЬЗЖ17ЖЧЭ
31941.opus,#7ВЛДР ЫП
31942.opus,ЦЩ Л5РКАЕ#8
31943.opus,ЕЕЪАЩ РОСВ
31944.opus,ШЬЫЭЮ Д8Ц
31945.opus,#1БДЫТАГ
31946.opus,ЫЙИ4РЩЬЖШ
31947.opus,8Ю#0 Й4
31948.opus,ХШЩ 52НУВ
31949.opus,ЙД76ЧЕС# Э
31950.opus,ПС7ХГЪ2П
31951.opus,УДЬИЭЗЕ4И
31952.opus,ЮМЗЯУФ9
31953.opus,ЦЯМР ГУУ
31954.opus,5 ЭШУР
31955.opus,ЯПЬК9Ж#ЦЕЛ
31956.opus,Е П5ЗП7ЪИЛ
31957.opus,ККРОЯРЙ Ю
31958.opus,Н4ЙБГЫ9
31959.opus,ЦУДГ3ЖЕГЫИ
31960.opus,ЬДЖ 67 2И
31961.opus,АЭ7О3Я6П
31962.opus,ЦФ КЯБ6Э2О
31963.opus,1ИЬ2ЧГХНШ
31964.opus,Щ5ЯЗЧЧДЭБ
31965.opus,МБКФГ75К
31966.opus,С2ЬСЭВЪДЯ
31967.opus,Л1В6Н71
31968.opus,ЗХ1АЙР9Б6
31969.opus,УК6ЙЩ ДУДЙЗ
31970.opus,6810ЛПУ
31971.opus,9ЛЩФОЦ4Д7
31972.opus,Л8#ЬБТА8
31973.opus,КЖ3#Ю
31974.opus,Б9Ы4Я3РЩ
31975.opus,ХОЬО9КТ6Ъ
31976.opus,#34ХЧУ
31977.opus,4ОП9ЫЭ
31978.opus,ЖНБЖВЙ И2 5
31979.opus,СД6ПШЕ3ВДЩ
31980.opus,СОЗАЩ0З5
31981.opus,БАДМ#ЯУР9
31982.opus,НС9 ЗЕЕЪЬ
31983.opus,4Э0ЖПОП К
31984.opus,4ББФОЗЛ4
31985.opus,ФМЩТ1Ч1ЗЗ7
31986.opus,Й7ПВЫФ О
31987.opus,3ЪМХБС
31988.opus,ХИМКТР7 ДХО
31989.opus,Й9Ю0ЕЗПЙ4
31990.opus, ЮИУ#СВЮЯ
31991.opus,943В А8КЫХ
31992.opus,ЪТ Ш#Ц
31993.opus,УЭВЧЦЭ УОД4
31994.opus,ЛХ7#ЪЗ
31995.opus,3ЫИ1А0Й
31996.opus,ЗЭЯЯ8И
31997.opus,ЛЪ8ДШУХ
31998.opus,ЦД С2ГЫЫ4
31999.opus,Ъ3Л2ЦИР5Т
32000.opus,7СШКУ НПЬ
32001.opus,ЗП6ЬК0П#Ц
32002.opus,2ЭСЫП Ы#
32003.opus,ЧЧУ3 Й6У0
32004.opus,ЧЭ2ТБС0ОЗ5
32005.opus,Г2З6Ч Ы
32006.opus,ФЦРЛУШДЩ
32007.opus,ЖКЮТЛ9ЭЖ
32008.opus,#ВФ4ЖЪЙ1Н
32009.opus,ЪЩБЧЧШ
32010.opus,ЙЗХЛД5Х2ВЪ
32011.opus,ИЪТВ3Х 4ШЦ
32012.opus,7КЭАВЧ
32013.opus,008Ф
32014.opus,Ф5ГЧ4#НФО
32015.opus,Ы Й7ПЭ5Ч
32016.opus,2ФЦ14Д
32017.opus,2ЕЖГПЯЭЗС Ш
32018.opus,0Ъ1ЕАЫ5ЙЙ
32019.opus,УПЫЭЕУЦ
32020.opus,Ъ Я ГС#02
32021.opus,ЖЖД85Ч2ЦЖ
32022.opus,ЙЖОБЛ4К
32023.opus,Ю3Н0ОИФУ
32024.opus,ВЯР40П3Э
32025.opus,КЧШЦ5О3 9
32026.opus,4ЕХ1ЮЮ2ХГ
32027.opus,Ь ИРПЛ#
32028.opus,5ЙЮ8АХ7Ш
32029.opus,Я66ЮТ9СК6
32030.opus,ЙТЮАЫРЗ
32031.opus,1ГДЗ5Щ
32032.opus,Ы3ЬСВ5 2НЭ1
32033.opus,М#Я#0С4
32034.opus,ЯЦПХ0ХХ7
32035.opus,ЭЦ60Р
32036.opus,РСЪ 8ОТЛ
32037.opus,И6ЗРЙЕ3ЮКЭУФ
32038.opus,9С2Е9ЯГДЬО
32039.opus,БГГДМФЗ
32040.opus,Щ0Ч8ЭЯИСН
32041.opus,ШВЯ#2К
32042.opus,ЛНЗДЛН
32043.opus,ТЛЩГ6РЖЙЮН
32044.opus,НУ ЧЕ РГЬ3Ж
32045.opus,39ШЫЬ9Й
32046.opus,К9#ПИ#К
32047.opus,ГДЙГЧБ
32048.opus,Ш 7УЩСПЦ4
32049.opus,Е1 НФЖ ЧЮ
32050.opus,ОАЪЮМ8ДО
32051.opus,Т#0ЯЦЛ#4
32052.opus,886ЮПШ5
32053.opus,АЧКЭЖЛЛХЮУ
32054.opus,7Щ Ъ2Ц
32055.opus,СЩЛ43#У
32056.opus,ИЦД1К0ЭВ
32057.opus,РКВ#0ЦИЗШ
32058.opus,УЫЩК1НЖ
32059.opus,8П4ЬЖАБ
32060.opus,ОЫН3ЧЦВВ
32061.opus,5Т82З2ИГ
32062.opus,Т6ЯУ#ГЧ
32063.opus,П8ЬА#9 Ч
32064.opus,Ы0ЩЛРЖЕ0АН
32065.opus,Л9ОЯЕ8О
32066.opus,АМЭГИ6УМ
32067.opus,ЙП Е5Ц#3Щ
32068.opus,ЗИЧЖХ5Р
32069.opus,4Р8ДЕ74В3 Д
32070.opus,Д#4ЭЪФСИЯ
32071.opus,Ч 0А5А
32072.opus,Я4Ш4Ъ#8
32073.opus,ЩХК4ЙРФБ
32074.opus,В0В3#К6ЭА
32075.opus,Щ6Я9Ж
32076.opus,4ЦНОЮЭЩВ2Н
32077.opus,ГЗБПЧ9ДИ5Л
32078.opus,54ЖСВЮТЮО
32079.opus,ЗПКЖЪУОЕ
32080.opus,Л79ЮАРХ
32081.opus,5ЪРЙСЦО
32082.opus,ВН61М9ЮЕИ
32083.opus,ГЖЮЧССЮ У8А
32084.opus,55ЭЧБРЯ
32085.opus,3ОР1БОЭ
32086.opus,ЧЪ ВК ВЙЯ
32087.opus,2ЭЦУ Т
32088.opus,У6Х2ЪХ
32089.opus, КЪЬГГ
32090.opus,ЛП#З4ДФО
32091.opus,Л8АТЩУУБ
32092.opus,ШАМ6МГП
32093.opus,#АЯ РМЙЙ
32094.opus,Щ6ПБЦЖ ЛН
32095.opus,Х#Ч84ЙДЫ
32096.opus,ЮЫЖ56
32097.opus,М#ГСЫ
32098.opus,СЖЗ2ЙГ87
32099.opus,Ь3Ь К ЫГ6Х
32100.opus,УУ3О 5В
32101.opus,АТАВР 2 Э5ЖЦК
32102.opus,ЩЫЯД#0
32103.opus,87ГЫБСПЬН0
32104.opus,6ШРФД9РР6
32105.opus,ЩТИЫ5Й2ЪИ
32106.opus,4ГЯ0ЙВ
32107.opus,В5Н0РЯ4
32108.opus,4УЖ6БАЧЩЪ
32109.opus,ЫЧЭЙИ Щ5А1Щ
32110.opus,П5БПЫ7ИИ 1С
32111.opus,Д7ЕЗБМ Щ6
32112.opus,РФТГ15ЦЖФ0
32113.opus,М7ФЭТЫМИА2Н
32114.opus,5 КЩАКХУ7ЖЕ
32115.opus,ЩЕ9ИЧЛ
32116.opus,ЭЬЗЪ 2
32117.opus,8 О Й12Ж
32118.opus,##5ЗПГЕ
32119.opus,ТЬ П8ФЕШ
32120.opus,ЫЭЭЪЪЫЫФ
32121.opus,Т41ЮЫДГШ
32122.opus,ТДФ1ДЖР9Ч
32123.opus,ЭХ ЭЖЕЛ
32124.opus,С 6РЭ4691ЖЕ
32125.opus,З1 ОЙ8Ш
32126.opus,ЭЙИЧ ВЭВБЬ7Е
32127.opus,ФУЪЙЖ0У#ДС
32128.opus,3ЪЬТ6ЦДИ1Ф
32129.opus,НН#ЮГЖ16ДЫ
32130.opus,2С9У9ЛГ5
32131.opus,З ЕЮВЯСХ8АГ
32132.opus,9ПБШЙВАУРЬ
32133.opus,У6ИКТЭН Ц Я
32134.opus,ЮАП5И7 Б
32135.opus,Ф24ЗНЮ
32136.opus,8Б6ДП Е ЪОЧ
32137.opus,ЮР ЙП85ЛЙ
32138.opus,6 ХЫКОЭ
32139.opus,5ФРЙРЩ5
32140.opus,И3ВДЭЫЬ0Б
32141.opus,0АЯОЧО#2И
32142.opus,4ТЕЯМ8НЛЧ8
32143.opus,Ы2М8ПКА8М
32144.opus,С9И1АЪЗМ
32145.opus,Э8ШВ64 ДЬ
32146.opus,ВЗПЧ6Й ХПЦ
32147.opus,9ШМ ЧК ВУ
32148.opus,Ч8#ЯН7УБГ
32149.opus,306ЯЯЕБ1
32150.opus,#НЯЖЫТЯТ
32151.opus,6ЗГЖЖЭ1
32152.opus,ЙЪЖХЖ0ДЕ
32153.opus,ШТЬЪЙЪВ
32154.opus,8Ф#С7ЛК
32155.opus,АМЙЭЭКЛ1ЪМ1
32156.opus,СЦЮЛЭО
32157.opus,ЭЕЖЭБЯВ 2
32158.opus,ИШАЗ 85Ь
32159.opus,ШЬФ00 8 Л
32160.opus,72 8К Ц
32161.opus,ВДН99ЯЖАА
32162.opus,# ИЗЛ8 АВК НС
32163.opus,ТНЙБЯЗЦЪ
32164.opus,Л5ЖЙМ 0ЬАЕ
32165.opus,ЕСБРЙАЗЖ
32166.opus,Я6АТЬЫ НУЯЕ
32167.opus,#Я7567
32168.opus,Ш5ЧЩ0ПК
32169.opus,КАЦ0ГВБХС
32170.opus,4ЙЛЫЫМР
32171.opus,БД1И ТЬЙ
32172.opus,З4#ОЭСЦ7Ы
32173.opus,5Ы4ЯОР
32174.opus,МЛИШ2 ИК
32175.opus,4ТЯ7Б30ЕЗД
32176.opus,3ЧЮ688
32177.opus,ЙУЫР8ФПТ ЛР
32178.opus,АЬЧКН3ФЛ
32179.opus,90ЗБ
32180.opus,ЦЕМЮ4ИМ4ЙЮ
32181.opus,ЪЕ7ЯДХЫ2Б
32182.opus,И ЩРЮЦ
32183.opus,УЕ2БФСИЭФ
32184.opus,РГ7Я 2О2ЖЯ
32185.opus,МЗПЧЫ22
32186.opus,8ЪМ3ИЗ#
32187.opus,6ИУ ЭС6М4
32188.opus,ЖВЮМ0ВДГУЕЖА
32189.opus,ЗЛИ8С53ЩРЮО
32190.opus,#0ИКБ0НИ7
32191.opus,Л8Ф0ХЗ6Е2
32192.opus,ЪКУМСЙ
32193.opus,Р Щ1ТИ3Г
32194.opus,ЕЧФ9Ч
32195.opus,Щ8ЪНЦЫИ
32196.opus,ЩРЪВ1ЛШ
32197.opus,Я4Ф4НЖШ М
32198.opus,94 Б5МГЗ
32199.opus,0ЧВ#4Д4Ч
32200.opus,2ЭШ344
32201.opus,УГЭ20ТАЙ
32202.opus,5ВЬЪЪРК БК
32203.opus,Э7ЭПОХЪР
32204.opus,П858ТЙЩ6Х
32205.opus,И2 И6Ы7Н4
32206.opus,Й ЖА6БЗ
32207.opus,ЗС80ХЮН
32208.opus,П4ЯП 5М
32209.opus, ЧЮЭП2
32210.opus,ММЩТЦБЧНУ
32211.opus,МЕСВ9АЦ
32212.opus,УЦЖДЦ
32213.opus,ГЯ И1ЩУ
32214.opus,Ф4ИХР4Щ#О
32215.opus,А ЧРКЪВШСЕ9
32216.opus,КЦЯ2РЙЬШ9
32217.opus,К09СВЙ
32218.opus,4Я 6Ъ8
32219.opus,ПЮЯЗ2ОИТЖ
32220.opus,ЗЧ ЯАЙИПОЦ
32221.opus,ЧЩФ#Л 9РСУС
32222.opus,М1 ПЩ М
32223.opus,6#Х8ОПЬ
32224.opus,О4ТХЬИ1С
32225.opus,Щ ОГХПШ
32226.opus,П А5ЪОГС#
32227.opus,МД3Ы ДЭННИХ
32228.opus,ГЕЦ0ЪФД5
32229.opus,У1С Ф4ЯЧЧ
32230.opus,ЕЕ6А5ЦМЭ ОИ
32231.opus,ЖТ0ШИЬ26З
32232.opus,Т#3Ч8 Ш
32233.opus,Ц3ЪЕ5ПШ ИМ
32234.opus,ОЧ8ГББ2ИШ
32235.opus,#9ЮЯ#МТ
32236.opus,Н4ЦГИВЮОКР
32237.opus,2ЛЖ9БДВХТ
32238.opus,Ы5ЫКБДЯ6
32239.opus,ДЩО9РКЛЮШ
32240.opus,ГМ333ЛВ
32241.opus,Ч И7ДХ#ХБ6
32242.opus,Т9ЛПИЦЗШНЯ
32243.opus,С9ЮЙ5О4З9
32244.opus,ХАЩЧ3МЬЛЮ8
32245.opus,ЕЮД 8Э7Л
32246.opus,ФСЛ#ЧЕР2БЬДБ
32247.opus,Я#Ч ЪЧ Л
32248.opus,МБЭПЮ
32249.opus,Ш ОО9ШЖ
32250.opus,#Ь7ГДЩША
32251.opus,7ТРЖЭ0
32252.opus,Й ФЭ4Й0
32253.opus,ВЧКЗИЯ 
32254.opus,46Ж3БДЭЗ
32255.opus,АХНП0ДЖ
32256.opus,БЗ#А4НЛ ЬУ
32257.opus,ЫЫШ4АВП
32258.opus,#4ЧГДЭТААБ
32259.opus,7 5Ж4АЯО8
32260.opus,74УЯ5Ы7
32261.opus,АЦС7#ТЮЩН
32262.opus,7ЛВ СШ7
32263.opus,РЭР17Х2Ч9
32264.opus,Ь3Е1Щ6РИВ6
32265.opus,ЧЦ ТП АБ ЬИЗГ
32266.opus,НЮВФ Б
32267.opus,ЛЧРЬ1ЦАЯ
32268.opus,5 КБПИ4ВЯС
32269.opus,Ъ 5ВАЭ
32270.opus,ИА Ж65Т3 М#
32271.opus,Т14ЕИЮЯЙ
32272.opus,ВПШ1 ЛК7И
32273.opus,ЮС#3Ы38Н6
32274.opus,7И3ЙР#
32275.opus,0Х2ЯТЦ9 ЧО
32276.opus,12Т9ФЬУ
32277.opus,Ь02ЭЫР
32278.opus,ЖФБ4ХЗНЙЯ
32279.opus,Ф 1З5
32280.opus,4И91 7НЕИ
32281.opus,ОФ# ГПИ4НЖ
32282.opus,8Р4Я9#0
32283.opus,Я#ЙЭФЮ97
32284.opus,Р8ОЕЛМ1Д
32285.opus,05 ОПРХ
32286.opus,3 ХЭ9Е#В
32287.opus,ЛОЬ6Ж51ЪГ
32288.opus,ФЮ5РКЭ4
32289.opus,3ЪЗ0 Ж
32290.opus,ОЫЧА
32291.opus,4#АЯКЕЫ
32292.opus,9ЕЕДЕПАЖ#С
32293.opus,48ЗСРКБХ#
32294.opus,ЦЖ 2ЭД6 ХЦ
32295.opus,ЖЛ202Л
32296.opus,ДЩРЩЯ7Ж ЯК
32297.opus,9ДУЕИИЮЛБИ
32298.opus,ЦП #МЧ
32299.opus,9ВМ3ФЛС4
32300.opus,ГШИКДРЬЖЮЭ
32301.opus,2Ф5ЯЧ6ЦЦЕ
32302.opus,3А 5ШЬВДЪ
32303.opus,ПИ0АЧ БЭКВ
32304.opus,91ГПП2Н0НУ
32305.opus,Ь43ЧЮФНН2
32306.opus,ЦЪИЕПЧР
32307.opus,071ЛЖДН#
32308.opus,5Н1Й3М4С
32309.opus,2Ч7ЙЛЦСЖХ
32310.opus,Ш9ЮУВШАСХ
32311.opus,0Й5П3НХ4
32312.opus,ЩЬЫЫРЛРП
32313.opus,ЖЫГРСШ7
32314.opus,ФШМ26Ф7
32315.opus,ЭШ1#5УО
32316.opus,ПБ8ВСЭ0ЩО
32317.opus,5Ъ3МК22Г
32318.opus,Ф08 ДЩИШ
32319.opus,6ФЫМЬЗШ
32320.opus,ЦЗ9О06#
32321.opus,Й4АЦ6ЩЯ
32322.opus,3Н3Р ВЫГ8И#
32323.opus,98ЗЧ63И3
32324.opus,ВЯ0ЛУВФ4
32325.opus,717Б МИП 2
32326.opus,ХЧЩ 8ЧФШ5
32327.opus,Т067ГМЧФБ
32328.opus,72ЯХЭА5Н
32329.opus,ЮЗШСТО#Ж
32330.opus,Г С7ЦПИДЭ1
32331.opus,ВЖ6Ъ
32332.opus,#ЪЪА5ЯИЙ
32333.opus,ЪОДЩЛЮ
32334.opus,АВЙМЪ61
32335.opus,ЩОКНЪНМП
32336.opus,КФ 88ЫШЗО
32337.opus,#ПЗОНКИБ7СР
32338.opus,АДЮЬ Н9УЕЫ
32339.opus,ЖН8БИЮЭП
32340.opus,ЬШЛОЧ8П
32341.opus,Р6ЗЧ9ЧБ5Л
32342.opus,ЫМШБВ#Э
32343.opus,РР92 0
32344.opus,ЫКНС1551
32345.opus,МЛУОТЖЛ4АДП
32346.opus,#ТИ7БН9А
32347.opus, ПЛИЙТМ
32348.opus,УИ5Ю#ТТ83Я
32349.opus,Щ960УГХГ
32350.opus,ФЬП1ЦА9
32351.opus,Я5МЯ3ЧЭН
32352.opus,ИКК66ПШ
32353.opus,АСПОБЦЛДЫР
32354.opus,С3З1Д Щ Ь
32355.opus,В33ФПЛЩ
32356.opus,УЭА ДНЫЧЧ
32357.opus,М866МРБЧ5
32358.opus,Ы5О РОЯ1
32359.opus,Б ДЛШСИ
32360.opus,ЙЯСИЙВЮ
32361.opus,50 ЭЩ Э5ОЛ
32362.opus,РЬРЭИ 1ФЖЛ
32363.opus,ЬТБ5ЙП3ТЫ Л
32364.opus,95ДЕКЯЙ2ПЭИ
32365.opus,ПДУЗФ
32366.opus,1ДОЖБОЫ
32367.opus,ФУЭ#8ГВЯЩДП
32368.opus,ТЙИЫЛФБ2ШНТ
32369.opus,4ЬСХЦБ3
32370.opus,8Ц6ЮЦО НФЩ
32371.opus,ЬРСХЫЕ1УЙ
32372.opus,Ч2УШЕТКС0ЙЦ
32373.opus,ТБВ31И ЫЬФ
32374.opus,5542#5ЪЮЗ
32375.opus,РПНК35ЖЫНО
32376.opus,ЦГМФ89
32377.opus,Ж ХЭТ2О6К
32378.opus,Щ#НДТМ6Ж#
32379.opus,Й6 ЮД#ОСО
32380.opus,Б ЛЩОЧЩЛ
32381.opus,ЦЫ1ВФ3
32382.opus,С ГЙЪ5 ХШ
32383.opus,Т0ЭУО98
32384.opus,9ДС68О6НРЬД
32385.opus,ИЛНРГЫП5К
32386.opus,УЗР15Ю
32387.opus,ЗТЖЙ 64У1
32388.opus,ЬЯ1МНАЯ
32389.opus,НШ1ЕПЭТ2
32390.opus,ФСЭАРУАДЭ
32391.opus,ЗГ4ЕПМШГ2
32392.opus,П7Е 52 ГПОК
32393.opus,#ХЦЬ0ЯЖОС
32394.opus,ВЕЮГВЯ5Х3ЗЕЦ
32395.opus,Б1Ю0ГШ
32396.opus,Э ЪПДЛ8 9
32397.opus,К2Ф055 54
32398.opus,5И#Ж0
32399.opus,В8СЪШЗ8
32400.opus, ОЫ7 
32401.opus,КЮШЙЕЧГЭ
32402.opus,#Ц6З7КЖ5З
32403.opus,С7 1Ю4М2ЕЧ
32404.opus,ЪКВБН0
32405.opus,ПЫМШУКПАЗЕПДБ6
32406.opus,2ЮЫЮБЫЯ
32407.opus,ЩБНШ8ФЩН
32408.opus,К7 6#8ЪЛБ
32409.opus,ЕЦР137Й0Й
32410.opus,ЧШЮЙРЦРУ
32411.opus,22П0#СКЭ
32412.opus,1Д Щ ГЯ3
32413.opus,ЫЭ ВН4ЦАЖН
32414.opus,5ФСЮФЕМЩ4
32415.opus,ЖИПЦ1ВЬА5А
32416.opus,ВБ1ГЗЫХК В
32417.opus,ВГ АМ1Ц1А8
32418.opus,Ы5ШВЮК
32419.opus,7ТО4БЬЬКХ
32420.opus,НГКГ АНМДЕ
32421.opus,ЬЫ ЙЫ1О
32422.opus,ЖПФ ХЯ5Ф
32423.opus,ЯЩФ4МОЖБЖЕИЗЬ
32424.opus,ЖКЧ0ЩЖЕК
32425.opus,АЗ ФФРЪЕК
32426.opus,АЗЮМРЬ28ГЗ5
32427.opus,Ъ Л4ХЕКТ7Л
32428.opus,ЛО5С 6К6ХО
32429.opus,ЗЯРУЦЛ05
32430.opus,Б#ЗЯЮЧСА
32431.opus,Ч2ЕЭС6КСЦА
32432.opus,44С ЖГ
32433.opus,3МЫЕКВЗЙ
32434.opus,БОРЬ У ХР #
32435.opus,09ЪР8
32436.opus,ЙП0ЗЭ
32437.opus,3ТПЬЭЦСУЗЕ
32438.opus,137ЗГТЭН
32439.opus,ФШ8ЦХ3КЕХ
32440.opus,ЕЛ 7ЯО5ПВ
32441.opus,ФЛМУХ5ВУЭ
32442.opus,КОИ##И ЖЕЗ
32443.opus,ОА Ы3Й63
32444.opus,У75С 3Ф1
32445.opus,КЗФНЖЪЮ#К
32446.opus,ЮЙГЖМЮ
32447.opus,ЩЩЪЛ3
32448.opus,#РУ4ФЭЙЬ#
32449.opus,7ЗГЧЪ
32450.opus,СЮЦЪЯ#9Ь
32451.opus,74Щ8 П#Ф
32452.opus,48ЭЙ8Ы
32453.opus,ЙПГ79З БЪ
32454.opus,ЧКТЯ0 ЖЯ
32455.opus,ПГТЭ3НЛГЦЫ84
32456.opus,Ш1ЩБ4ИЬ 
32457.opus,ЪЮТТЯЗМФ
32458.opus,ЙГЗУГЗРИ Ф#П
32459.opus,Ш# ЙЪ8
32460.opus,СГГЙ 3У
32461.opus,#НЫ04А8
32462.opus,3КПЭ5
32463.opus,#У 4ЭМНЙ
32464.opus,ЗФУКЬКЙГ9
32465.opus,3#10
32466.opus,ХЫД1ШЮУ
32467.opus,КЛФСОЫ2Ш
32468.opus,ВГ4С468ШЧ
32469.opus,3ЧГСВ1РЙ 8
32470.opus,Й4КМ2О7Э
32471.opus,С3ЬУАБИ К
32472.opus,ВДБЭБЩ2УИ
32473.opus,# 7ФНШ5
32474.opus,Ш Щ5ДЬНЭЮД
32475.opus,Щ4Т 3БЩ5Ч
32476.opus,ЮЗМКЦОЖ
32477.opus,1Ф1ПБГК
32478.opus,4 ШЭ З0ЬШ
32479.opus,Ч6О0ВЗЬ 
32480.opus,Э6ЩЭ6ЪЛ3
32481.opus,Ч ИУУ Л 2О
32482.opus,ЯИКДЛ08Ф 
32483.opus,8Х2ЬЕИИЧГ
32484.opus,Э93ААН2Ч
32485.opus,2ТЭРГН 9
32486.opus,ЛЦ ЦЪЭ7
32487.opus,ЙЭ6ЫЯЪТ9А
32488.opus,Б СУЪЗФЕКД
32489.opus,Х0Л1ШТ6П
32490.opus,Х4ЭЙИ0ИНЩЙ
32491.opus,9ВХЬГЭШЗВ4
32492.opus,АНЦЦЬАИТХЕЛЪ
32493.opus,ЗЭАШ3 Ц
32494.opus,ФТНБЩЭР ЦБТФ
32495.opus,Х7ЧСФБ2
32496.opus,Э6ОРДЬКЧЭ
32497.opus,Е7МИ0ЮК
32498.opus,1Ь ПЗ3У#
32499.opus,Ш1Ю0КО
32500.opus,ГХПРЫЪМБ
32501.opus,0ЪХЕ5
32502.opus,НБЛЩСЖШ2ОМ
32503.opus,МЫЖЮ #ЭЫ
32504.opus,ХЮЛЧ8Я ДЩ
32505.opus,9З6ЬЮ
32506.opus,ЬОЦШВ
32507.opus,ШОБЛХЮ2 КДУЛ
32508.opus,АЛО5 ЕМЯФЭ
32509.opus,ПЗ ПЬ##
32510.opus,НОС0 АЕЩНДУ
32511.opus,Е9 А7Б908О
32512.opus,РМР7 Б2
32513.opus,Ы АД#ЯЬЬН
32514.opus,Ж КЖМВ6Ц62
32515.opus,МЭ2Е6ЖЩ 
32516.opus,ЩИЖНИБГУЕКЧ
32517.opus,УВМ ФГЧШЦ
32518.opus,#74 БЬ ЛКЫ2
32519.opus,З2ЧБИ#Ц0
32520.opus,3 ЕВ
32521.opus,ШЕУ 2Е3И#ША
32522.opus,7 ВЖ#БДЪ
32523.opus,23ЕМЩМЪ
32524.opus,4ПРЯ2 У2Ц
32525.opus,ГЕДКАХААД
32526.opus,Ю6ЬЖЪЦСЬ
32527.opus,0ШИ НВЖХ
32528.opus,ЖЦПОЕЖЙГР3Б
32529.opus,ТС6ОШЖЪЦС
32530.opus,Д#2ТГ93
32531.opus,#П510ПЧФ
32532.opus,СЪВ5#ТЪАХ
32533.opus,2#УЛЪ5МХВ
32534.opus,05 НЩ844
32535.opus,ЯТШЖБС34
32536.opus,ЖЮЬ2МЛГЦ#
32537.opus,6Е6ГГ9З
32538.opus,УП58КНЦ4С 1
32539.opus,ОРВ7БЩХР
32540.opus,ЫЙЬИ6ЛТЯН4
32541.opus,УЫ 0ЯН7ГД
32542.opus,ПЦХ6Р5РРФ
32543.opus,1ОБГ4ГЧХ
32544.opus,ЯХИЧЮ 
32545.opus,7Щ1ЧИТУ
32546.opus,НЗЕЦГЛ
32547.opus,ЬБШЩ399Ы
32548.opus,ФЫНФД
32549.opus,ПЫМЗ0Ж
32550.opus,1ФЯЭ1ЙН
32551.opus,017ЦН
32552.opus,БИА05Ч3
32553.opus,ГОП # Ф
32554.opus,9#1Д6ЖП
32555.opus,Ж9С1РГ
32556.opus,З48П9А7
32557.opus,8ЧЧЖ3#Р
32558.opus, ПФ7Я2#
32559.opus,ЭЙЧЪДЕКЙИ
32560.opus,ВЩУ2Щ8НБМ
32561.opus,13ЩАВЛЗ
32562.opus,Ч9ЮЗММ2 
32563.opus,Ь28ЦББЛГК
32564.opus,ШЗЫ04Е0
32565.opus,ШНВ Й ОРРФА4
32566.opus,М#АФСБ3
32567.opus,5Э2ОХТШЩ 5
32568.opus,ЮХЪЗГЮАШ
32569.opus,3С8ВЫШЧБТ
32570.opus,##З7ДЧНЮ
32571.opus,ЫЦИ#6ШХ
32572.opus,МЙЧЮЭ83ОНН0
32573.opus,4ЦПРЮ
32574.opus,3ФЦЬНАТЯ
32575.opus,5Р5ЧО#Д
32576.opus,ТНТА8З2ХБ
32577.opus,И59ЭЮЮЕЯ7Е
32578.opus,4#2ОЖЕСЯ ЕДК
32579.opus,8ЩЪУСХ
32580.opus,ЩЕ4ЦПГГЯЯ6
32581.opus,ДЦМ06ШЪ
32582.opus,Х8ЛФЧ8ОБК
32583.opus,Р ХИ ИСЪ5Г5
32584.opus,К634772ШК
32585.opus,ФН98ЬЙЯ
32586.opus,ТЯ9 ВССГ
32587.opus,248ЙПАДЦД
32588.opus,ЦНЙЯЛ#0
32589.opus,С5УЯГОЬЮ
32590.opus,Щ1ДЬС3Р3У
32591.opus,52ЫБ0ЧОЭ
32592.opus,ЗДЮ3 Ы3ЖГ
32593.opus,ЩАОЪРЖХН И
32594.opus,Ю26ЩЕ16Ж
32595.opus,ЩВАТ
32596.opus,Ш#7Ф9ЫЬЕ5
32597.opus,РЙ6П4ТНЮ
32598.opus,Э#ВГТЖ4С4Г
32599.opus,7БЩ59ФЭ
32600.opus,М ДИ7ИМ9ФЗ
32601.opus,ЭЮ3З7ОЯЭ
32602.opus,8ЖЛ ЩР2Щ ЭС
32603.opus,1ВЧЕПЫБ
32604.opus,92ЙЩНЪО23
32605.opus,ЮЭП 0НЦ ЪА
32606.opus,В ФБЬНИ
32607.opus,ТЦР6ЬЯБ8
32608.opus,Е#ХВВЫ5
32609.opus,ЗРЯВЩ 4
32610.opus,ОГ0УОЯУ
32611.opus,7З9ОЪГЧ
32612.opus, 976ТИЪ
32613.opus,ЯМС7Ш ГБВ
32614.opus,ВРСЦЗ2ЫЙ
32615.opus,ЙЬ1 ВПКД
32616.opus,ШПЯЖЛЬ7Р
32617.opus,7ШИЛ
32618.opus,ЖМЧИЙЧТГ1
32619.opus,БЛЖ4ЯПЯ
32620.opus,Г9Ъ КГ
32621.opus,Ш455ЛААБК
32622.opus,МЬИКЫ ЙА9ХЛЧ
32623.opus,8Ф6БФЖ6 #
32624.opus,ММВЮВА ЪК6
32625.opus,Э9В985О
32626.opus,Э ЬЮ4ИГУИ9
32627.opus,ЕЬЛ1ЮАЦ СД
32628.opus,ЛУ30СЧ#
32629.opus,2З 2Ы
32630.opus,НЬ3ВТАЯТ4
32631.opus,Ю062ЕХП М
32632.opus,ХЦ4Ь3ЖУА
32633.opus,9АЗЫП#0
32634.opus,ЗМБФ С5Й7
32635.opus,1Х4ПЬ ЧМ
32636.opus,ГЪС ЕЦ6
32637.opus,ШФПФ 5МЮТ
32638.opus,6ВЗГ17 2ВОЧ
32639.opus,Ю54 ЦКЗ
32640.opus, 9ЪО 
32641.opus,М ОЮ2Ь68 Л8И
32642.opus,УСЧС 498Ш
32643.opus,И9РИА АЙ41
32644.opus,ЬЬПТ Ы
32645.opus,ТЭ ЖХ4
32646.opus,НПЪБ 1ДН8Я0
32647.opus,ОШЭЬ ХФ
32648.opus,ФФДУЭ Э4ЮЕ2ЧМ
32649.opus,УЭ1Ъ КДЗ
32650.opus,Д4Ш#ОЛШЙ
32651.opus,СД ЭНДЮГ
32652.opus,25ГЯ5 9Ф
32653.opus,ЭЪ ЙШ18
32654.opus,КРЗВЛДЦ4В
32655.opus,ЙЕ027Н1ЙЕ4
32656.opus,ЗЩИДА8ЗФЭ
32657.opus,ЖЮУЮИЕН МЯ
32658.opus,С9КХХФЪ#
32659.opus,ОАК1ГЙМС
32660.opus,Я0ННЖТЯГШ
32661.opus,ГЗЧМЦ5 ЦВ
32662.opus,ДГЗ#Д Ж8МЯ
32663.opus,ЪИМНГЯФР
32664.opus,ЩЦЯНЯ0
32665.opus,ХО9ЩЖЖ54Ж3
32666.opus,Э9Е4Ы8МЛЖ
32667.opus,ЬАЩЧЕЖЖТЮ
32668.opus,Н4ЛМНДЖРЦ3
32669.opus,ЫМ5Х3ДЬР7
32670.opus,ЬЗТ5ШЯТЗ 3
32671.opus,05Н ЪХЬЖ
32672.opus,Х8ЭМЙХЙ 1З
32673.opus,Ь ЗСМ0ЙБЖ
32674.opus,ХШ1ЯДНПА
32675.opus,НЙЧ#КХСБ
32676.opus,ЪЯЦ8Е6Д1Х
32677.opus,8ЦОЩАН
32678.opus,Ч7ВХЭКЮХ
32679.opus,ЦТЗДЬЬМЖВКХ
32680.opus,ЛШЙСЛБУ4Щ
32681.opus,ЮЦ 5ОЙ64Е4
32682.opus,ЦЩГЗ ИО6П
32683.opus,Н ШВХШ0ВСЬ
32684.opus,ЗШЧУГБЩ
32685.opus,#6УЬ9#Р
32686.opus,ТЫ3СШФИ
32687.opus,ТТ0ИХБ2
32688.opus,ТДЬЩ211Э
32689.opus,ВГ3 0К5Г
32690.opus,0 1 В5ЙП
32691.opus,Ъ04ЛС21
32692.opus,НЮ ШГХЮ 2У
32693.opus,П 1МНЫ3
32694.opus,Х1ЗЛЪЖЛЯ
32695.opus,ЦЗЭП23
32696.opus,1ШЕ Э ЛЗЪ
32697.opus,РФЯОЫЛХ
32698.opus,Т ШЙЫ92
32699.opus,3Ъ#ЪТГ7
32700.opus,ИФ5ЭЭ8ЛЭ4
32701.opus,8ЖС 4Н 
32702.opus,ВЮН7ДННЙ7ЫИ
32703.opus,78ОЯ63ХЭЕР
32704.opus,ЪФ3 ШХГ
32705.opus,ВЩЙЯ84К 4Х
32706.opus,5БЮН97ЕГ
32707.opus,ЮУЗЗЮНК
32708.opus,8#ЦВЗРО
32709.opus,ГХЮЗ717ЗЮШ
32710.opus,2ЫНФ6РЕ2 1
32711.opus,ЕСЮ1685
32712.opus,ЭТ7СДП ЦО
32713.opus,3ЧП3СЙР
32714.opus,ЭКИ3#Ч 2ЫХ
32715.opus,С НЮ 6КШ 2
32716.opus,#Т8УОЪЭВ
32717.opus,Э4Й ЦДЗЯ2Р
32718.opus,ЦНР2ЯФЧ
32719.opus,ЛЙВ 4Е2 ИЯ
32720.opus,2 ЩГФЮОКЖЫ
32721.opus,ЕФ1ШВЙ
32722.opus,Э ЮЦЫНР ШВЯ
32723.opus,ГЛ Ж0ЩХ
32724.opus,ДЗЯ00П0
32725.opus,КНН5 ЭУЩЮУ
32726.opus,Ф1ТЩ7
32727.opus,ЙИ ЦЪ82Д5
32728.opus,ЙЖШЫИЙБ
32729.opus,ЫВШУТБТДЩЗ
32730.opus,9С57Х
32731.opus,ЮЭДОВЙЧЗЖ
32732.opus,Г3АЭШ8ЩЬЕГ
32733.opus,ВУ82 9
32734.opus,ЮЫЦ Н6ЬГ
32735.opus,К0 Ф2Ц5 В2Й
32736.opus,Х1ЕЮ ДЭЪ
32737.opus,7У0 Ф
32738.opus,7#0МЕЖ 9БЯ
32739.opus,ЮЭШЙИХЦХЫ
32740.opus,УРУЛ4ТЬДЫ0
32741.opus,807Ь Я
32742.opus,ЫЖШЮ ГЭБ
32743.opus,ЕЫТА8ММ
32744.opus,05О Ь9П
32745.opus,ИБУЬЙ С7
32746.opus, ЫПХУЛПБЫИ
32747.opus,РИ1 ФЭ3Й
32748.opus,ГР ВЕЧХГШД
32749.opus,УКШАШ
32750.opus,0ЭГЗУ4ОДЦ
32751.opus,23ЧХШ РЭ
32752.opus,4ДУ2ЪАТ
32753.opus,ЫСЬОФ Ю5Н 6В
32754.opus,ЯФ5ЕЩ8ЕЧБ
32755.opus,ДЧАЯЮЮРЬА
32756.opus,ЯГ91ФЯ
32757.opus,Р2 4ХИЙМР
32758.opus,Х2 К1ЩЭ Я
32759.opus,И И5М4Ъ3ГША
32760.opus,ХИЗ3В5ЫЭ
32761.opus,9ДЛТ 2Э
32762.opus,Л Э ЩЪУЪВ
32763.opus,ЬЬАВЗЯДИ  Т
32764.opus,4ЭЩ6ЪЮЭАУ
32765.opus,18ЬЮ8ДБ
32766.opus,ЭШЮ6998С
32767.opus,#ОК2ЦЭМ
32768.opus,АЯРЦОКТО1ЛП5
32769.opus,УЮ0#ЧЖГСА
32770.opus,7Ф АН7УШЦ
32771.opus,ЩЕ0#ТГ1
32772.opus,Н0 ЕИ7
32773.opus,ЭН333ЙЭ
32774.opus,ЧА05ЙВИП
32775.opus,ОЧЫ2ВК ЖСВ
32776.opus,0Ц2ДОВХ
32777.opus,ИД64ЕККА#
32778.opus,9ХЧЬ2В48
32779.opus,ЛРИ5З94ВЩ9
32780.opus,ЖК3У22 ДБ
32781.opus,Я2ИВГП74А
32782.opus,ЯФ#МЮ
32783.opus,#ТПЩ1Я2К
32784.opus,ЗГ5А2ЕНШР
32785.opus,0АЙЬОК82
32786.opus, 8О7СЦ
32787.opus,#ЖРЗЙЖ#
32788.opus,ШД8БРФ2ЗСЫ
32789.opus,РВОЗТ3Ъ6
32790.opus,ЩДХНЙ#5
32791.opus,ЮЭЛ7ВЛ
32792.opus,Ч 832#РЙР
32793.opus,2МКНЯ4К
32794.opus,Я7Р#ШЗЧЬ
32795.opus,Ъ4ЛДСНЙ 3
32796.opus,Ж1ХНУР Ы7
32797.opus,#ЧС ЭН
32798.opus,2И9АЕДПРЙЭХ
32799.opus,НГ КЮЪ#4
32800.opus,М9УОБ 1Х5
32801.opus,Ж ЬЕ8#Ю
32802.opus,ЦЖ#КЬТИР
32803.opus,ВХДИХЫЫДСЗ
32804.opus,ПЬЛ5Н2Н0У1
32805.opus,6ЩИ3О9П
32806.opus,Ж 7Я Л1ЯЛ
32807.opus,РИЩЩОА61У
32808.opus,МА1И43РЭР
32809.opus,Г2Д45Л
32810.opus,ВБИЛВЫГЯХ
32811.opus,ЭЩЧ9Ж63
32812.opus,8ЩАМКЮ9
32813.opus,ЩБ4С Щ 2
32814.opus,5ЧБЪЩЛРЯЬ8
32815.opus,8ЛМЫ Н 36
32816.opus, 5КЫИЗ9
32817.opus,РС4Б0Ж8Ч
32818.opus,ПЭА4 7
32819.opus,К3Г73Й4БИСШ
32820.opus,УЗ6СЮ1Ж #Ь
32821.opus,ШЗЩ5ЪВ8ЩЩ
32822.opus,ХЮЬИ ЛЗ
32823.opus,К Ф8Ч21
32824.opus,ИРР1ЙФ ШВТИ
32825.opus,4Ф8ЪЬТИЧА36
32826.opus,6ЮВХЮЛЖ
32827.opus,ЛЙФМ2#ЭРО5Ж
32828.opus,К ИД3ЗО4У
32829.opus,Ъ8ЬЙЧЛ М
32830.opus,АДЯЪХПГ5ХЦ
32831.opus,ЕЙ5ИТЕ2 АО#
32832.opus,3ЭЮШУ2Е
32833.opus,ЯС1РЫБ1
32834.opus,БШ19БЯ04Ж
32835.opus,ПЧЙ ЧХХ
32836.opus,Ы ВЩИИ8РО#
32837.opus,ТШ0ЙЯ6
32838.opus,ЭЬЮХМ4
32839.opus,58ЩМУЕЖ
32840.opus,29ТЦ6ТШ9КХБ
32841.opus,Ъ0ЗП13
32842.opus,ЩЦ4 ЪТ
32843.opus,ФЗ9З6УЪ
32844.opus,1КЭЦ8 О
32845.opus,ЫЭ4ЮВБСД#Ч
32846.opus,ЭЪЫЕ 2ЗВ
32847.opus,6ГМТФИЬЙ
32848.opus,ЩАБОТ5
32849.opus,ЭЮСХ9Б2
32850.opus,ЩЬЭ6ГЯЪ
32851.opus,ПЫЭЧ Э 2У
32852.opus,НП#ХЭЩЧ
32853.opus,ЯХИОШ 9
32854.opus,ЪК9КОЯФ4
32855.opus,ЛД2МЦ0Ъ
32856.opus,ХООПЪЖЦЛ
32857.opus,ЮТХДПК 
32858.opus,УЛЪ3К8З3БМ
32859.opus,Ч З 6П
32860.opus,УЪИ8К0СВ2
32861.opus,М7ШЕЙХ8
32862.opus,7ФЬАЭЦ1
32863.opus,4ЦЯЕ7ЧШМ5П
32864.opus,СГТПЯУОИФ
32865.opus,ЭДРА8НР
32866.opus,С3ПНЬЩ РЩ8
32867.opus,Г#ВУ9ИРЛЗ9
32868.opus,Г4Ф3ЖЧГДФД
32869.opus,307Ф ЪЮЛ
32870.opus,ЭБ4УЭЙМЙМ
32871.opus,ЗЛБР2У2Ч3Н
32872.opus,Х6Я919
32873.opus,ШИО8ЬКЧ0 1
32874.opus,Я3З В3Ь
32875.opus,И3К7ЯБГУИ6ЧСФЕ
32876.opus,ЙЪШЯ4ЦЕ6ГФ
32877.opus,ШЕГ9ЧГФ
32878.opus,Щ3Ж НЦТ9Ж
32879.opus,ЛТ0 И6Й
32880.opus,БШ8 ЕХ26Я
32881.opus,ЗЭМЭЗЦААИЦУХОФ
32882.opus,ФЗЯ6АЕР#И
32883.opus,ГЕ Л3АЗГЧРЧ
32884.opus,ФЗА5Т188
32885.opus,АВ31ИИ8
32886.opus,Й#ИТИ1СТШ
32887.opus,Н8ХУЗЩБКЕ
32888.opus,2ШВЮ#У
32889.opus,3ОЙ8ГХБЦЛ
32890.opus,В9Ы386ТЭ
32891.opus,2ХЗУФ3МИО
32892.opus,Э#ФХЩОЗЩК
32893.opus,2 Ч2ХФГРРЯА
32894.opus,57 Э70С
32895.opus,Я3ПЮНЛЪЖЧ
32896.opus,ЗФ 6 ЛС3
32897.opus,Н ХЮЮШ8Р
32898.opus,ОЛ9ПЪЫАХ
32899.opus,ЛНЙРЫП48Й
32900.opus,ХД13НЭ
32901.opus,1Ф 3Ф28
32902.opus,ШВ4ЯДКЙ#
32903.opus,РТ6ГЛШ1
32904.opus,АШ4С1НГТМВГ
32905.opus,7ФБМЛ3ГЮ#
32906.opus,ЭЯЮЦ0Ы
32907.opus,ЖАЗЬ5КЭТ
32908.opus,ОЕ9ХЫЦЩ
32909.opus,АШСФЗЬ5 0
32910.opus,ЯУДТЧЮЭ
32911.opus,5ЧГ42#ЩРХ
32912.opus,Ь#МБФЙЕЛЙЦ
32913.opus,5Ч1ЮУ Х
32914.opus,ЬЭЪ49ДУИ5
32915.opus, ЗЫТЩ2ЧШ
32916.opus,ГЙ8ЫЬО
32917.opus,Р 2БОКТЬК
32918.opus,МИР3 ЮЛ0 С
32919.opus,9У7МБ8И77
32920.opus,НЯ ЙФБОЦ
32921.opus,ТШКТЬ БЙ
32922.opus,ДХ973В2Ж
32923.opus,Щ2ШЮЫИРЛ3
32924.opus,П5Е96
32925.opus,ФК71ДВ
32926.opus,РЮШВБДМУТХ
32927.opus,ПЪМЦ2КУ3Г
32928.opus,МНХ ЧОГЛ7Ь
32929.opus,ЗЕЙ ЭАЫЗЙ2
32930.opus,ГЧИЩЦ
32931.opus,ЙЧЛЩ#ГА
32932.opus,ЩУ88
32933.opus,АМЖ31ИДЙ7ММЯ
32934.opus,ЪФ#МЕЖ
32935.opus,6Я#ФМУМИИ
32936.opus,Ш#ЛЖЕЕШП
32937.opus,1ШЕПВК
32938.opus,8ИВЮНАП
32939.opus,ЫРУ#ЯСЭЛ
32940.opus,АИ#7ЕЖЛКДА
32941.opus,ЮКР1Д
32942.opus,75ЭТ33 Ы
32943.opus,3# #
32944.opus,ИЮЭМЛРЭУЬ
32945.opus,Й#ВГП
32946.opus,ЮТ4Х0
32947.opus,4Е2ЙБФЩ4Р4
32948.opus,Э0Ф ИИКЯУ
32949.opus,68ИЭЮП3
32950.opus,ЦЭЧ0ЗЮ5 У
32951.opus,У9ЛЕЪЫ4ЫЧ
32952.opus,Ш4ИБББВХ
32953.opus,ЫЯФФУ0Ж
32954.opus,7ЭЯТВЦКАЮ
32955.opus,ЭМРАЪЫЯП
32956.opus,ВЦ # ВАРФЕСБ
32957.opus,9П5#ЩЛ
32958.opus,ЬРР1ГРХЭ1ЯЮ
32959.opus,ТДМЕК6ТТЗЗ
32960.opus,ЩО09 Д
32961.opus,ЬЛЧЧМОВС
32962.opus,ЯИЯБ3ИРО
32963.opus,ЙН67ФЙЩЛХИ
32964.opus,ЬМЩ9З88Ь
32965.opus,2ДЮУЬ3Р КГ#
32966.opus,ЬИКЩЮЛЗМ5
32967.opus,АЯПЩРКИМ
32968.opus,Ю127 ШХ
32969.opus,РАД 1О
32970.opus,ШОЪ6Й9
32971.opus,ЮЕ28 ХЛЗ6
32972.opus,Э7ИЮЮНЖЗФ
32973.opus,6ВЗ7ЮЛГ2Ы6
32974.opus,ВЭЮЧБЫА
32975.opus,Ь9Г8ЬН#М
32976.opus,КЮАБНФЭРСМЕХ
32977.opus,ТЗГГЙУБЕ09
32978.opus,0Х30С8ИБ4
32979.opus,40ФНЦФГ
32980.opus,ХФШЭЩПЮ 9#
32981.opus,АЛЮЩУ4Й0Ш
32982.opus,КВОИК
32983.opus,РД0ШЫОРУ
32984.opus,Ы96Я4ЧВ
32985.opus,ЭШВЖНТ ЧОЪД
32986.opus,С#2О8ЪФ
32987.opus,НХ8ЗАЭНЙД
32988.opus,ЮХЯУ П63А
32989.opus,Э#БШБЬД58Д
32990.opus,#0ИЫЕЮДА
32991.opus,ХНЕГ ЖЬ5ЮОЖЕД
32992.opus,8ПЯЛЯГТ
32993.opus,Г2Ш7ЪЬ7Х
32994.opus,ШИЙСТМ4ТЬГ
32995.opus,ЮУФРНУСЬЗН
32996.opus,1ЦЫЦ3ББЦ
32997.opus,ЯИХ2 К 1ЪА
32998.opus,0МЭЗЪД6ЦЮ
32999.opus,ЖФЗ189
33000.opus,10##5М
33001.opus,НШ#ВЖП
33002.opus,ИЯЫИ9ОЧ3М
33003.opus,Ъ ЭГБШ #
33004.opus,ДКЫ И79РФ
33005.opus,ШЧЕАЮ#ЫЕЧ
33006.opus,ВК3ШФХРР
33007.opus, И9НОЯ31ФП
33008.opus,ГВМЫГ85
33009.opus,ГРЯЬТСХЖ ХНЧАЬ
33010.opus,Ц60 Ш68
33011.opus,СЦ#ЯКШЕВ
33012.opus,ЖЭ8В 7К
33013.opus,29ГЕЩЙ1
33014.opus,ХГЗТ6СА 74В
33015.opus,0ШМК КК7Л
33016.opus,М0П9ДОВЫЗ
33017.opus,ЗФЯИЕ7Д НЩ
33018.opus,Ю0ЙЪЦ
33019.opus,ЫОТУЫ5ЛЗ
33020.opus,Р7ЙФ9
33021.opus,Ъ2ЦЫЖ
33022.opus,МР0 ЮЛ НФ
33023.opus,БО5ЩШНИ 
33024.opus,Ч Я7Ъ9Я8
33025.opus,2К2Ж9
33026.opus,7Ф8ЬЮ5ХГЭО
33027.opus,ОЪШБГСХ
33028.opus,ДЭ0КЙФ1
33029.opus,ВСЪ#БЮ4Ъ
33030.opus,1 ОИ
33031.opus,ГН490Ц9О
33032.opus,84 ПГИМ МО2
33033.opus,ФЭЦБЦ 2ТОЦ
33034.opus,З#Л8МРА3
33035.opus,3Ъ56БЧКО
33036.opus,П6ГЬММЧ
33037.opus,3Я##З
33038.opus,КЦ ВНХЩК
33039.opus,ЭГБЦЮС3В
33040.opus,8ШХСХИОЭ
33041.opus,ЮА3 ТЯ8
33042.opus,П#8Я1Д5
33043.opus,ЙД#ЛЪ9Я
33044.opus,ЛЫ9 Ы4Д6
33045.opus,Э121ХИШ
33046.opus,2Р#3#ЖЦЖ
33047.opus,#С4АУЙЮУИСЩТ6
33048.opus,1ЩДВЕЫ8 Б
33049.opus,ЯС УЛЩЯЩ ЮС
33050.opus,0Ц2Х4О5
33051.opus,М9МЯ5
33052.opus,ХШЖЬУЭЩ
33053.opus,ЛМЦЮ Ы4Э
33054.opus,ГОЮЭЯЛГЖ
33055.opus,ПК7#ЧХБЯЦ
33056.opus,2 КВЦЬЖЮ
33057.opus,КЖЮЙОЯЬЙ
33058.opus,ЗФГУ2КПАР
33059.opus,НОЮ ОИУЮМ
33060.opus,ЮМЖ# #
33061.opus,ОД5ЕУ 70УЗ
33062.opus,ЗАУЗ3 С
33063.opus,ЦНБЖУУТ#Е6
33064.opus,ЪЕ М ГУЛМ9
33065.opus,2ЫР ЖЖЪВТ
33066.opus,УИ Л#Х0Э
33067.opus,ЛСЛЦЙБЛЗ
33068.opus,ЪПСЯУ#Я
33069.opus,ПРШ38КМ7Н
33070.opus,РОФШ470
33071.opus,Э4ЬЫ7ЕЙ
33072.opus,ПЖАИЛФВ7Г6Д3
33073.opus,0 ШВЫ
33074.opus,7ЩЕВ56ВЕИ
33075.opus,ЦТЖ9П0БК
33076.opus,ДЖИЮ Р4ИОП5Х
33077.opus,И ЫБРУЪ
33078.opus,6 Ф МЕБШ1ШЮ
33079.opus,ФЖЩЯЧП5З
33080.opus,ИР3ПСЛД
33081.opus,У7 ЗА ПЖ0Н Е
33082.opus,СТЧ5ЙФГКАКДК
33083.opus,ЫШРОПХК
33084.opus,ВЛ1НЪЪ
33085.opus,ЖЫХН0ЛРЭ
33086.opus,КПЛЯ43
33087.opus,#Э87Х
33088.opus,СЮ9ЧЗЖГД
33089.opus,ОЖ ВКЬЗЬ2Д3
33090.opus,СЫПФХВИЙЪЙМ
33091.opus,БТОР1ХРГ
33092.opus,МХЭ П 5МИ2РФ
33093.opus,6ЭАЫКИХЗАЦ
33094.opus,Э8ЩТЩХ КХ
33095.opus,ЧЫКПЫУЫ1
33096.opus,ЛОСЗЛЗ
33097.opus,Й #ЕУП82
33098.opus,ЛЗ5ЩЧХЪ3
33099.opus, 9 НН9ОЧ
33100.opus,Т9РБЫЮ4ЗВ
33101.opus,АНАСДЖЪТЖБМ
33102.opus,71ЭШНЦЕЦЫУ
33103.opus,#ТТЖЬЭЬ0
33104.opus,48ФЬФ9#
33105.opus,Ю СЛЮРЧ2БФ
33106.opus,ЛСЗКЬ33ЪЖО
33107.opus,ШОЪС#1
33108.opus,О877УЪ6
33109.opus,НГ#Е ЯЛ5ЦО4
33110.opus,43ООЯ9В
33111.opus,ФТЖЪ53
33112.opus,9ЯТ81СДЩМ Л
33113.opus,МЫ05ХП2
33114.opus,ВПАН4ЭО9
33115.opus,НБЛ73ЮЭ
33116.opus,2Щ У3ФЫ
33117.opus,Н9Л 59Ч7В
33118.opus,2#0Ъ29
33119.opus,Р0ЕИМИСЖ0И
33120.opus,8ЪЩ8ЬМ К
33121.opus,2ХЩВ ЯШ5П
33122.opus,ЛИЧМФМ 4ЕГЖ
33123.opus,ВЬ АЖФ#ЕЕ6
33124.opus,ЬСМУЮЩЧ2ЪВ
33125.opus,ЕТЩВ31ЙАЪ
33126.opus,П О71СЙК
33127.opus,ЬХ22ИГ2ЖДИЦ
33128.opus,ЭХЗКЯ1 ЛЗ
33129.opus,П51ЫФ С66
33130.opus,ЛЩЭРВУМ 4ДП
33131.opus,У Б7ЦА6Щ
33132.opus,МЙИ20ЛЬ
33133.opus,71ИТСЬЙ7
33134.opus,ЬФПН6Р1 ХЗ
33135.opus,М374Ж0КЩЯ
33136.opus,ЭФ2АЪПТГ1
33137.opus,ЗПЯ23АУПНЬ
33138.opus,ЭЙЖУ СУ
33139.opus,ХЬИ ФЛ7ОЛ
33140.opus,Ж7
33141.opus,ЭРШ# ТЭШ
33142.opus,ПЭВ2 М0
33143.opus,И#Й #ВГ5Э
33144.opus,ЫФВЕ7П6ТШС
33145.opus,В78КФИ0ЯЬИ
33146.opus,ШЧЦНЯЮ
33147.opus,РЯЩ6ГШЯ
33148.opus,1АОЦ3ДШЪЖ
33149.opus,Щ#Л И4Н2
33150.opus,А2ЫНЭ#ОЬ
33151.opus, БРЩЕЫПЫГЩ
33152.opus,ПЪЬБЦ ФТХС#
33153.opus,НМА1ВХ К1
33154.opus,3ДЭГЯД7Х
33155.opus,КЪУЯЪ5АА
33156.opus,ХСЦ2ДШ БМЗ
33157.opus,Л4ЩБЖЙ
33158.opus,ЛНЪ#Р6В5
33159.opus,ВП ФУЧГЖЯ
33160.opus,ЙМГЕЩ1ШЩ
33161.opus,5ДЦФ654Г А
33162.opus,ШЪЙБРЬ4Й Н
33163.opus,ЩЧЩИЩЙФЦ
33164.opus,56ЬВДЯППЬШ
33165.opus,7С 3ПГ0ЦЬФ
33166.opus,ЫОЙ ЗЯВ ЮХ
33167.opus,ЛФОЧ6ЯШ0
33168.opus,ФЛЫ3 44Р
33169.opus,ЧТ3В7ЬЯ
33170.opus,Э3ОЫЪ9 4
33171.opus,РЯ7ХЫАМ5К
33172.opus,ФСА8ЦА
33173.opus,ЩТКЩХЪ
33174.opus,3ПСВПОЯЕЪА
33175.opus,КЛАА5ХБ#АВ7
33176.opus,ОШ0ШУЭЩ
33177.opus,ФХОНЮВ#М
33178.opus,ИЩНК7КЛЭЛЫ
33179.opus,Х2ЩРЯ#ФЮСУ
33180.opus,Щ ПМЯЙД
33181.opus,ЧНЖРП2 ЩБ8#
33182.opus,ПЧХОО8ЫЕТТЛАР
33183.opus,Х0 ЪСГШУ
33184.opus,Т9#СШЩО
33185.opus,ЙЫЗ302
33186.opus,Ъ8Ч1ЧБ
33187.opus,Н4ЩА ЯБНЭ
33188.opus,6ГЮ0ЯИВ9
33189.opus,3ЖНМ75ЭР
33190.opus,ЬЬМ2Т89
33191.opus,БЯ6П КЦЙ
33192.opus,ШИ У УТЛУ
33193.opus,Э40ЖРФ1Б
33194.opus,УОР#КХ0П
33195.opus,Ф1 6ЧТ6О6
33196.opus,ЕЦЮЛ7 ЩЖЬ3
33197.opus,ДРЯ1 0ХЮ
33198.opus,ЙЯР21ЮС
33199.opus,ЭБИВН УУШНС
33200.opus,И0ЫФ6М58Й8
33201.opus,36 К0СВД7 Я
33202.opus,ЩЗ3 Ц2ЕСЗХШ
33203.opus,ВАГ3Л8Ж
33204.opus,5#И1ЕЛК3
33205.opus,НЩЮЭАШ0
33206.opus,ЩН 95 9
33207.opus,ЗЪЛШЧТ6
33208.opus,Л2ЛЩМЫР
33209.opus,#7Й0Ш8
33210.opus,Т83ЛХЦЯЖ
33211.opus,Щ3ЧЛ#2Ж
33212.opus,ЩМЙЙ4ШИ
33213.opus,К9# 6ЩШГ
33214.opus,Й2ДСЭС ЬЧ
33215.opus,2#С 0Р31
33216.opus,ЗДЭ5РЫФ8
33217.opus,ЕСЪШЪДЫЭС
33218.opus,7ЖЩЫШО
33219.opus,7МЧ04ЮЛ
33220.opus,Х8ЧЪЦАЕВРМ
33221.opus,Ш1Ц Ц5ЫЗА
33222.opus,ЛЫР20
33223.opus,ГЭМ204НЧ
33224.opus,ЩЪРЕШВФГСЭ
33225.opus,ЭРОТЙБИУ УЫЯ
33226.opus,7ЮКБШ6Ы
33227.opus,3ЫЙС 02Н
33228.opus,7ЬЖИ ОТНЭРР4
33229.opus,ПБ# ДЬ395
33230.opus,ЛТМГШЖНЗ
33231.opus,ЛАЧРЛ Ъ6ЫР
33232.opus,В17МБВШМ Н
33233.opus,РЙЬЙУА4 Б Н
33234.opus,ЙЮФ56
33235.opus,ЗЩМШБ7Л06
33236.opus,З8У79Ю9Б
33237.opus,ФЪСЫ7З0
33238.opus,ТА4РЙ# ЧЮЖЭ
33239.opus,Ю9ЛЧЙИД #
33240.opus,ЮУСНОЭЕ Б
33241.opus,3ЩЮЮАНХ
33242.opus,МЗЩЧТ##
33243.opus,ЧОИ1ВРИЕЛЙ
33244.opus,9Щ5ОПМБ7
33245.opus,ИЬХЛЯ ОТ06А
33246.opus,Й7ЪЩКАЙ
33247.opus,ПЮККК1Ш
33248.opus,Й ЬЯ ТПЫ
33249.opus,ОРЭЬЭ#С
33250.opus,790ЕСУ
33251.opus,Ю 07Е3
33252.opus,Ы#5УЭЪ
33253.opus,М8ДБ59БТПР
33254.opus,16В0А З5Б
33255.opus,8ЖМ6ДХХВХВ
33256.opus,МОЪ618
33257.opus,Щ0287Е1
33258.opus,ЩДСЖИ 9Г0К
33259.opus,ДТ1МЗ#УЫ3С
33260.opus,ВЩЩ7З7
33261.opus,СЛ ХИВФ6Ю
33262.opus,Ч4ЬДКХН
33263.opus,ФКНН0Ф
33264.opus,З4ЦМПЕРС#
33265.opus,ЩЦШ2
33266.opus,ЮЮУФР7УЕПМ Ф
33267.opus,ТЯ0Я9ХЕХ
33268.opus,95К8П3
33269.opus,8К Х 52Ь4
33270.opus,24ЪС РЮ ЯЯ5
33271.opus,ФУАЬ4 П7БЩХР
33272.opus,У# Ь840П
33273.opus,СЦЕЩ968 Х8Й
33274.opus,51Ч3Г Е
33275.opus,З6ИОШЪ7
33276.opus,ВЙВБ2ЪР
33277.opus,7ТЮ9ПЩ2
33278.opus,Ч9А2РЬЧО
33279.opus,Я2БЗ3Ц
33280.opus,4Щ1ГЧЕЬФВ
33281.opus,8ЖТОЩЖВЫЦ
33282.opus,ДП2Н3Ф6Х
33283.opus,Ы75СЮЮБ#0
33284.opus,9СЯ#7Ф5Р
33285.opus,ТГ9ИЧВЕАС7ЗА
33286.opus,8У 4БИЗ
33287.opus,ХЗ6ОЛЪЧА
33288.opus,#ЭР6 ДСП
33289.opus,ЯФЛ УЬЭВУ#
33290.opus,1Ч#6ЫЗМ
33291.opus,ЯЮМ ВГЩ
33292.opus,ЭЦ3Ф2Ш1Ч
33293.opus,МЬД8АВ49
33294.opus,Щ#Р07 ЛЙ
33295.opus,Ч1МФ77Р
33296.opus,УФ40МЗ7Ъ
33297.opus,ФЙ4ДЙЧБ
33298.opus,З АЭС К3 Й
33299.opus,6ЭПЛМФЛМЩЗИ
33300.opus,6#ЖЯЪВУГ
33301.opus,Д2ШР1АИПЙ Ъ
33302.opus,1Ь5А4ШЛО2
33303.opus,ДТК1 В0ЮШ
33304.opus,ВАЦ4ЪЬЩЫ
33305.opus,СГГХЯЛ#Д
33306.opus,7Л2Э5БСД
33307.opus,ЯЦ3ИЭФЬ
33308.opus,8ЮА5ЙЗМНСС
33309.opus,#ТТФУЕ 55М
33310.opus,КЖН Э9С5
33311.opus,1Н 1Ъ
33312.opus,Й# 2К# З
33313.opus,1908Ш П
33314.opus,4ТЪ3Н8З
33315.opus,Э ЩУФ2ИФ В
33316.opus,ЛЗЙ#П
33317.opus,2ТФ2 74
33318.opus,РЮОЩГФЯЪТ
33319.opus,7И7У3
33320.opus,ЩЭЗ9ЩЮЛ
33321.opus,Э4Ч ВЩ
33322.opus,Й0766ЪЪ
33323.opus,ЖЬБЯЯЙЫАДЖ#
33324.opus,58МУ611
33325.opus,Ч#РУ У
33326.opus,5ЮМО35
33327.opus,ДБСКБЗЖУ
33328.opus,ТЗ9Ч0Х Ф
33329.opus,#Э8ПФТГ7ВП
33330.opus,Г 3И0
33331.opus,ШЛЙЦЖЬМИ
33332.opus,ЮЙЮ#Э8 3
33333.opus,ПШЪЧХО
33334.opus,ЧРТЫ 8ЩК9
33335.opus,Н СЭЬ5867У
33336.opus,5РЦ67У
33337.opus,МЮЙ1РЕОХ1
33338.opus,ГЗ8ЧДЩЬ34 5
33339.opus,1Ъ#524
33340.opus,ХХВЛ8РХ38ГЖ
33341.opus,ЖЖЦИП3ЫЦЙК
33342.opus,7К9Ф4БД9
33343.opus,Ь9ШЬГЪ96
33344.opus,ШЬЗМ4 8ХЙ
33345.opus,9ФЮЦ3Д
33346.opus,Т#Т8ЛЪУФУХХ
33347.opus,А 66Ъ0АЙ
33348.opus,ИИУФ С96ФЙ
33349.opus,0Р0КШН4
33350.opus,0ГХ Щ92НВ
33351.opus,4У3Я 5Ц ЧЭ
33352.opus,БМЬ03Ю6#6Ф
33353.opus,ФФА2ТЫВУВЫУ
33354.opus,ЩШШЩТ1
33355.opus,4 ГЗНУ 23Р
33356.opus,МЪ ТУ9ЖЩОИ
33357.opus,Т9ИЦЦЕАСУЗ
33358.opus,0ЖБ ВЪ ЦУ
33359.opus,ЭБ9ФЭХЧ
33360.opus,ЫДОЫУУ Р
33361.opus,Ц ЗОФЩ3
33362.opus,Ъ2Ш5ШУС
33363.opus,ДЖЧРП8ГД
33364.opus,ЬЦФ Й ЯГЖЧБ
33365.opus,6 МЭ Д АХН89
33366.opus,У10ХКЗ 7КМ
33367.opus,ПМЫ2ВВН
33368.opus,СМАГ
33369.opus,Р#ЬИЫ2ТВКН
33370.opus,6ДТ5РЯ НЙН
33371.opus,Ю8ЛР9Ф7Г
33372.opus,ФЧ45Ц83О
33373.opus,ЮЪСМФ РАЙ
33374.opus,371КМКВ
33375.opus,УРЦБЭЧЭЭ
33376.opus,УШСМСВК9ЕЛ7 Г
33377.opus,47СБ АЮ2#
33378.opus,АЯ0ЧЫЕЪФ6
33379.opus,3ЬУЭЛЧЫ
33380.opus,6ГСУ ПЮ
33381.opus,ПАЭФ8ЗЭМ
33382.opus,УЫФ7БАН#
33383.opus,З5ЮУФ14Х
33384.opus,Д#ХУ2Д8Т
33385.opus,#ЛИЦ4ОФДЩЦ
33386.opus,#ЙФ01Х Б
33387.opus,СЭ 2ЕМЗ8ЖЧТ
33388.opus,ЯТАЭЙБСКР 8
33389.opus,Н7ДТ 1Б ГСЛЮ
33390.opus,1РЭЮИКЯК
33391.opus,#ЦВУД
33392.opus,4ЯТЫПРХ К#Г
33393.opus,АЫЕЖАЙ 4ЬН
33394.opus,Л7У 3ЛНФС6ЗЦ
33395.opus,44У#УВЗ7
33396.opus,ВП ДСШО1Ы
33397.opus,Г#Г40ФУ
33398.opus,34В6ТИ1ПХСЦ
33399.opus,ВТЫ135Х0
33400.opus,ЪН98ЩК
33401.opus,ЫШКПСВЖ 
33402.opus,5Г3АУМ8ЭЮ
33403.opus,8ХФГ0И
33404.opus,3РВЪТНЩЙ
33405.opus,8ЩР 9ЙЮАА65
33406.opus,ВРВЩАЫБФ
33407.opus,8 3ХЛ 8
33408.opus,ПЧ 0Ь Ц84
33409.opus,Б9Ж04Э
33410.opus,К3С ФС4 2
33411.opus,ЯПФИ843
33412.opus,ЯЦОЙСБЕ94
33413.opus,Щ#ШР#Н Ш
33414.opus,7Ш7Ч3Ц
33415.opus,ЦЗ6ЦИЮ Э72
33416.opus,9СЯЩШ5ЮЗ
33417.opus,80ДХ 34
33418.opus,ВЯГСПАЬД 8
33419.opus,Ч0М025
33420.opus,9М#Й1ГМ
33421.opus,ЭСПГО2НЩ
33422.opus,РДЦУ1ЕУ0
33423.opus,#0 5ХЧНИ
33424.opus,Ы1УУИЙТЬИС
33425.opus,Л9Ю1ИЦБ
33426.opus,Э4ХКЕИГОЪ
33427.opus,ЦЙУЖ Ж1У3
33428.opus,1А9Д
33429.opus,8ГЗ3ЛВГТТДК
33430.opus,ВЯРБ8ПКПЗОК
33431.opus,Б93К6ЮЙ3
33432.opus,И1СХ7МСТ 
33433.opus,6СЭЯ3ЮНЗ
33434.opus,ХИ220 У
33435.opus,ЛЗПОВ МПМ3
33436.opus,Й6ХРЫЬБЪП
33437.opus,ЪЧПЙНЙЕШ0
33438.opus,ЦЧМ ШМ#Ц
33439.opus,УЙГЕГКС #42
33440.opus,Ъ5Т0БРФХ 7
33441.opus,ЦЦ2ИС3Е5
33442.opus,УУВ#П61
33443.opus,ЖЕЩЮЖС2ЬХ8Е
33444.opus,Ч#4ЫРВ1
33445.opus,МЖР ЧЮБ31
33446.opus,У 3КВ7ГЗЬЩР
33447.opus,УГЬАЫ7 Ы3
33448.opus,ЕЖ5ВЭ Е РРЯ8
33449.opus,ЦВИЖЮ#КВ
33450.opus,ФЯ16ЛЮСЮ
33451.opus,М79ЙМ2ЙВЫ
33452.opus,Щ ЮЛГ
33453.opus,#9КО4АСН
33454.opus,ЕЯ4ШЫ
33455.opus,Н1Ч#ЩИЛ
33456.opus,ГЬ8Р9 Б
33457.opus,ЫЦЧАЮ ЬИ1
33458.opus,Ю#ЭИПДЫ 4К
33459.opus,2ЧЫ#ОВЫ
33460.opus,9ЗУЦ0ЩА#Р
33461.opus,295ФЭЛП
33462.opus,2ЩТПЪФ
33463.opus,Ч42ХЩЦЮВ
33464.opus,2ПБФО72ФЪ
33465.opus,ЯЧВЭЩЬД4
33466.opus,НЦФШЮХОЯ
33467.opus,ТЩФХЪ
33468.opus,ЧХУЯДНШ352
33469.opus,ЙЩГ5ХЛЩДУ
33470.opus,ЕУ2515
33471.opus,ЩЮЮЬДУЪЮ
33472.opus,РЗБКВЧКЧЖЭ
33473.opus,Р0У 1Б ГМ4
33474.opus,46ЦЕ2СЩ
33475.opus,С83ПЩ9
33476.opus,ЦШЯИИ7И
33477.opus,ЩЦОТ#08
33478.opus,ЫЯЫ#ЖШ9
33479.opus,Л КМВ682
33480.opus,Ж5ЖЫИ5Ю9Ш
33481.opus,ЛФЩРЫТШЪ
33482.opus,6ПЦ9ЫЕ0ЙГ
33483.opus,ЮЕ2Ы1 #Ы
33484.opus,ЙЦ5ИЦБУ2ЧАЕ
33485.opus,3Ю84ЛБТ
33486.opus,ВЧРЖ95ЪЕ
33487.opus,ЫЫ В06М
33488.opus,АЙ4ЮЬЕ
33489.opus,БАШГЬЭЬЙУ
33490.opus,ЩМ41Й0ИЩ2
33491.opus,БМЬ5БХИ9
33492.opus,П8Е ИП ПОЦБ
33493.opus,1Ц 5Ц 2АЛ
33494.opus,К Я7БМЩ4 1И
33495.opus,ЮАЖ3О9
33496.opus,КЙ М2 6Ф
33497.opus,4 9Ф#7БИ
33498.opus,ТТШИ3УИЭ7
33499.opus,2НЛЕЧЖМЮС
33500.opus,1Я0ДУЖЦЯ1
33501.opus,ЬЛДЫЦПЮ8
33502.opus,13СС3ЭЙ ХК
33503.opus,ИДУБЬМГЗБ2
33504.opus,Е2Я2ЪЦЕЩКЛ
33505.opus,ЕШЧИ3ЭДЮАЕ
33506.opus,Ъ63Л8ОБ 4
33507.opus,ЭКПЮИЮ ПКР
33508.opus,1 КАФ
33509.opus,99ЕБУО8 Щ
33510.opus,5А#ЮЯК 9И0НБ
33511.opus,АЗ #2ЪЛМУМ
33512.opus,ОЗШЖЭ 2
33513.opus,ХЧ2ИЪЧЧ
33514.opus,В3УЖЯ201
33515.opus,БФ64ЩЧ
33516.opus,Э1ЭФ29
33517.opus,1ИЮРЭПСЭТШ
33518.opus,65РЖ6ЧЙ
33519.opus,7У66МФПЭЧ
33520.opus,ФЙНМХЫ1М
33521.opus,Щ9О А3ЦШ
33522.opus,З0 ВШБ7ВП7Щ
33523.opus,ПТЛЪУ ОЧЧ
33524.opus,ЛЩ8ХШПЗ
33525.opus,Э5ЗУЗ0ВФ
33526.opus,О317ОЭ09
33527.opus,ЮШ43И
33528.opus,И77СЯОТ#0
33529.opus,5ЮЩЛ36У6С
33530.opus,ОХ ЧН2Ъ3
33531.opus,ДЙ МИКЯЧ
33532.opus,Ф7Л9П5М
33533.opus,5МР8ЙРИЫ
33534.opus,Й РОСЪУ
33535.opus,РНАЪСЮЯЧ
33536.opus, 704ЗУГ5
33537.opus,В0Ь8#ПС
33538.opus,СХ ЦРФУ
33539.opus,Ж8ББЯ
33540.opus,М8Ю Ж
33541.opus,ПШКХШ1Щ0
33542.opus,2 ХБА
33543.opus,Р23А ИЖМЭЦ
33544.opus,ЧТУНУПР П
33545.opus,ХЮ Я6ВДТ0
33546.opus,КЛ7Ф42ТУЙ5
33547.opus,3ДБРТГЬ3
33548.opus,МЯГН2ПШБЙ
33549.opus,КШХ #Л44С
33550.opus,ИБ4К ШБЫ5
33551.opus,ВМСЗЭННТ98
33552.opus,ЩЫ74#ШЪ
33553.opus,70ЩЛ8ЩР
33554.opus,НЫ ЭК И1Ш7
33555.opus,Я92ЪВЙУ
33556.opus,5СЖФ1А
33557.opus,З41УПНБЪ
33558.opus, 7ХКЭЖ
33559.opus,41НРЩЖЗ9В
33560.opus,ГК4ЪА64Я
33561.opus,СХ Ж 6У1 6
33562.opus,0ОМ ПЫУЗ
33563.opus,Н#ГГЪ7Ъ
33564.opus,ЖЫ ЗЫТИ ГШС
33565.opus,4ГК4ГТЦЗЭ
33566.opus,36ЖУ7М
33567.opus,НГ48ЭСАП4ЬН
33568.opus,ДЖА ФУЩ6ЕУ
33569.opus,АМА 5ВИ 9ЛМР
33570.opus,АНИЕЧДЕД34П
33571.opus,#ТАЯСЫЖХГК
33572.opus,5ЩЧЖД5В
33573.opus,РЦФЩС3 КЦЫЮ
33574.opus,М2УФФЧТФ К
33575.opus,0ПЯФ5ОЬУН
33576.opus,ЦЦЙСУТСБ#
33577.opus,ЙЖЙБ#ДЪГС0
33578.opus,71Б 7ИР1
33579.opus,ДИЛУГИХЧЮ
33580.opus,К9ММ ЛЬ8ЩЯ
33581.opus,5351ЛТУО Л
33582.opus,ПЙУ7ФПЖЦ 
33583.opus,#9БЪЪКП
33584.opus,4Й Р97 АЧ
33585.opus,ИЯЧ1#
33586.opus,Ь1ПИБОАЪ
33587.opus,8УИ Я 9АЖ
33588.opus,1МДПА#У1Ы
33589.opus,ЭШЛ5ЛД42Л
33590.opus,АХВЕЯРШСЩ
33591.opus,МЩЫЛЮС1
33592.opus,ЬН1ЫЙФ 6ЙЭ
33593.opus,0Ж#ТЬЙШ
33594.opus,ИЭИ9ЖЙ ТЫЭП
33595.opus,ЪЦФУО ЭБ 4
33596.opus,Я8 #ЖУ
33597.opus,Ц2Ы Т1Ц7
33598.opus,Х59ЕЧВД
33599.opus,ЗРБД53ЕШФ
33600.opus,РЯЫ1СОЙЪ
33601.opus,В2ТЬ4ТХ
33602.opus,7ФЗШП46
33603.opus,7 ШЛ ТЛ
33604.opus,ЪЫШЪ
33605.opus,КЭ#ДЭДЖ5Й
33606.opus,#ЧТ#Б 1
33607.opus,#Л252
33608.opus,ЛХЯЫЧЛ
33609.opus,КУ 2ФПЩЯЕ
33610.opus,#АЖ8З
33611.opus,ДПЕУЭЫБ7УЦ
33612.opus,ЩВЧТ7СХТ5
33613.opus,ПЛО0ВИЬ8
33614.opus,49 ЙРЖЬКШ
33615.opus,ЯМИЬЭ #
33616.opus,26ЩИ50
33617.opus,2ЛБО5СЧ
33618.opus,ЖТАМ0ЧТЦ8
33619.opus,ЙФМАЖВЪ42
33620.opus,С7Т8Л00З0
33621.opus,Ч1ХИ03ЭГ
33622.opus,ЮЬМЪЪЮ1ЗБ
33623.opus,ОФХ#СЯ1Щ
33624.opus,БН4Н76АЭ7Й
33625.opus,Ю ЭГХЖУ9
33626.opus,ЙС6 
33627.opus,Й0ЛДМЪНМВЯ
33628.opus,63ЕЫЛУН3
33629.opus,СБЦ12Я1СЖ
33630.opus,ИЗХУЩБЕМ
33631.opus,ЙНДС1ЗЕ6В 5
33632.opus,5ШЦПЫУН
33633.opus,3Б 46К 3
33634.opus,РА6Ч1КЮ
33635.opus,Я ЭА26ЙЪ
33636.opus,КБС1ЪЙМ5
33637.opus,ЙНЙЭЭЙКА
33638.opus,0П98ЯА
33639.opus,ПЧТЫИЦВЫЙ
33640.opus,ВАФЕХ7ДТ92ПБ
33641.opus,Х9С27ФЭ
33642.opus,ЬД А#КЦ
33643.opus,Н9ЫХЖГЭЩ
33644.opus,6ЙЙ82ТС0
33645.opus,СКЯОЪ4ТЙ
33646.opus,ДЫН7П5Д З
33647.opus,ЛЦР1С#С
33648.opus,ЮВЮЫЮЩ
33649.opus,НЛ8ТВ9ЕЪ
33650.opus,ХЫВГ5ЫЕЮЧА4
33651.opus,ЙНЮХС6Д
33652.opus,ХП9ГЗБЮЦ
33653.opus,0ШЧМ М
33654.opus,Ъ0Ь8ЩГ
33655.opus,0СЭИ4ЕЯ
33656.opus,Й76НЛ24
33657.opus,Ь2КЦЙ
33658.opus,1Ы8 ЛЧ
33659.opus,Л3Ъ3ГГЭ7
33660.opus,П ЕАОИГВ2Ж
33661.opus,ЙШ18ЦН0Ф
33662.opus,Ь6ЯАМХТЯЬЕ4
33663.opus,Ж8 ЦТ1
33664.opus,Ж2Щ4Э2
33665.opus,СПКГА6У3Ф
33666.opus,АЪ ЦА ЬУЖ
33667.opus,ЙГАЯ5ЛТЮЧ2Д
33668.opus,М7ЧЧ32Ш
33669.opus,ЫП35#2ЮВДЦ
33670.opus,АОЕФЬ ЛП6
33671.opus,Ф5БЙДИЪУ
33672.opus,Т 8 МААГИА3
33673.opus,О 4НМЧИЯ
33674.opus,ТЩИЕЗ4 ЖФЯ2
33675.opus,Р5ЙПЩППДП
33676.opus,З 9 #ФЭК
33677.opus,8ЯХФЧ9Б
33678.opus,ТЦ1ДТ 7ЯУХ
33679.opus,91ЬШЖ
33680.opus,#5ХГ7ЗХА5
33681.opus,000ЭЯ
33682.opus,Б3ФЖЙВИ 1ЗИ
33683.opus,Т9ЗШ К Р4И#
33684.opus,7И ЩОЮБ9
33685.opus,65Н4СВ9ОТ
33686.opus,ЙЫЕУЧБГ8
33687.opus,САНУЙОШ7ЖХ
33688.opus,ЧД9БМП
33689.opus,6ЯЫЯ55ХЖЭА
33690.opus,ФНЖТ3ФЯ6
33691.opus,З ЮЛ4ЫГВЪ
33692.opus,1ФКО5УЫ
33693.opus,Ю 3ЫЕЪТЙЙ
33694.opus,Б74И41
33695.opus,ТПФ1УЪУ
33696.opus,ЙЯВУ6С5ОЩ
33697.opus,Б#Ш ОЮЬЩХ
33698.opus,ШПВ ШКЦ Ц
33699.opus,ОЛ1СППУ
33700.opus,ЦД4ЪАС  БУЭЧ
33701.opus,Ч4ДА5ХК5ПДЮ
33702.opus,1ЬЛ78Ш
33703.opus,БККЮЪ6ЙУТ
33704.opus,271Э 
33705.opus,Ь9ТИ ЪФЕ#
33706.opus,ЕБ3 СР ЬУ7Ы
33707.opus,Ш9Ж2УТХЬ#
33708.opus,ИЛЦСЯОЭ5УЪ
33709.opus,ЪЦЪ 7О4
33710.opus,Р17 ЭА08
33711.opus,Щ9ШХЗ3Т
33712.opus,Ъ69ЬЯПЩТЭ
33713.opus,ВМО7ЩЛЦ
33714.opus,ЛДЬЙ411
33715.opus,Р8ЯПЬЯЦ
33716.opus,ЩЙРТИ02
33717.opus,УЬР60ЕФЮЧ7
33718.opus,2НЗ1РКВ
33719.opus,3ЛЕ4ДИ85
33720.opus,ЫЦЬЫГ9##
33721.opus,ЖЩЦФЦЩЦ1
33722.opus,ЭРЯННЙРЗ5
33723.opus,1ЛПЯДК 26
33724.opus,Ь ЛЪЛ1ЙБ
33725.opus,С0УЧ Ю6ЖШ
33726.opus,7ХГМЯЩ2
33727.opus,АЩ4ОЬ
33728.opus,ФВВБРПЮЭЮ
33729.opus,НЦНЫР9ЧМ75А
33730.opus,Х Р9ЫД9К
33731.opus,ЛМА МПЖ
33732.opus,ЯФХ ЪЛР
33733.opus,Э#Ы 7БЖЕГ
33734.opus,2ЯЧБИУ43ЩИИН
33735.opus,Ы3УЧ0ВЭЭВ
33736.opus,ДЦ7АКТЛТЦ
33737.opus,0ТЯЦОЙД
33738.opus,8РПФЭ1В94
33739.opus,ШМЬСЧ5Т О
33740.opus,ДС21ДС0КЮМ
33741.opus,8СКРЮОЩ2МГ
33742.opus,2Е50ЭКД4А
33743.opus,ЪГ08Щ#Я
33744.opus,З3ЛЪ ЪИЮ9Я
33745.opus,6ЗЮЬГЮ6
33746.opus,ЭЬ164ПУ
33747.opus,1А3ЙТ9ЩВ
33748.opus,ФНЯЛПЯ3
33749.opus,НЗ ДЗ3#М ВФ
33750.opus,Э7ХЧО52Ж3
33751.opus,ВЮ1ВВАЬЙО
33752.opus,ЦЭХЭС##
33753.opus,ЛИШШЬЮ24СО
33754.opus,ЯЗ2Х1ХА5ДС
33755.opus,РРЭШРЮПА
33756.opus,КЮ5ГЛУК
33757.opus,ЗСИХК
33758.opus,ЙД5РЭ62 Ю
33759.opus,Е9#ЮЮ36Х
33760.opus,У9В МРДЬЩИ2
33761.opus,8ЧПЗ К Х26
33762.opus,69Ъ ЖН9ЭФ
33763.opus,ИБ ДЮЧУИИЦ
33764.opus,Э Р6АЧ4Ц
33765.opus,К2ЦВЙ ЪЛ
33766.opus,А7УЬС1ЦА
33767.opus,ФЯЭ85УЙЫЕВ
33768.opus,7ЮНВЖЦТЧ
33769.opus,ЛАГЩГИ4ЮЗ
33770.opus,Э9С0Ю0
33771.opus,Ш0#БМ20
33772.opus,ЛЧБДНШШЬ
33773.opus,5Р5ГЩ5#
33774.opus,Ю77ЩДТЙЖ М
33775.opus,5Э1##Ъ0Т
33776.opus,#Ч 5#РСБ
33777.opus,ШК#ПЕЧ
33778.opus,7ЗЕЖКПЧ Р7Щ
33779.opus,МРМ94РЦ7
33780.opus,5ЯА63ГА
33781.opus,ФШВ ЖК
33782.opus,НЭЕИУТЙТЦ
33783.opus,В10ЬЖ ЫН
33784.opus,ЪЙ1ДОН2ИЛФ
33785.opus,0#ЫА
33786.opus,ФП25ЫТ ЯР9
33787.opus,ЩЦМ 5 ЯС1Ц
33788.opus,6ЩХФ3 Ъ2ЬР
33789.opus,1ШЧТ#КЩ
33790.opus,ЩЙЯ#Т БДИБ
33791.opus,ГОП3ЯЯАК
33792.opus,ЯУ6ХЮ
33793.opus,Н0Г Х 1
33794.opus,Е Ч6ЫК 9ЕОЬ
33795.opus,Н4ОЮ219
33796.opus,Е6#БФЬЭ9Ш
33797.opus,Д2ЭНХ3Г КК
33798.opus,ЯПДГЭЗ ИЭ
33799.opus,ЗХНВ ЗКЯЙ7
33800.opus,СИС#БТХР6О
33801.opus,6О Б УПГЩ5З
33802.opus,2КГЗБИСМУ#УО
33803.opus,ПККХИЩ
33804.opus,ОЧЦЕЮЙВ8АПР
33805.opus,ЮЗЩР6УИУ
33806.opus,2ЭББ3ЖЗЮ
33807.opus,ГЫФУБЬ
33808.opus,ЬЮ ЬХЧЮЭИП
33809.opus,ФЭДЧСМ З8Ю
33810.opus,9ЛА36ПР
33811.opus,СИОМА9МК КТ7Т
33812.opus,5ИГ В7А5Г
33813.opus, РМДЬЗЗ
33814.opus,В#50З
33815.opus,7КВГ7Ъ4
33816.opus,1ЙЕП МКЧМ
33817.opus,РД5ЙСБФСВ
33818.opus,У4 РТТР84З
33819.opus,ДЙЗ91Х
33820.opus,НЗЖИ7 М ЦТ
33821.opus,БИ7Ф 61Ь
33822.opus,6ХИЖЦЗСТПХТД
33823.opus,СЧСБЬЗ МККЩЯ
33824.opus,7# Г25ШЬФ
33825.opus,8ЕСЕНХЛСЧ
33826.opus,ЦН ЦФЫ5Л
33827.opus,ЪН4ЮТН4
33828.opus,1ЦНЛИОФЩ
33829.opus,ЯАЭРХТЫСАЙ
33830.opus,1ЫЕЙ73#ТИС
33831.opus,#ЭЦАЪК БК8
33832.opus,ЙПЧФЖЫБ
33833.opus,ЫТ6ПР8ЭЪ
33834.opus,6ЪФ9Э0
33835.opus,#7 ЦМЦ7
33836.opus,ЮЦ2ДЛТХХ
33837.opus,ЭЬ52ИЗЫШ2
33838.opus,М7ЬО9В1УК
33839.opus,ЗТЦЙВНЭ
33840.opus,ДК21Ц2
33841.opus,0М ГЭЦЪ3
33842.opus,ЦЧЛ896
33843.opus,5НЧ6УЧ
33844.opus,А9ГЩА4ЯТФ
33845.opus,ХДЛЦЛ А6ДМ
33846.opus,СКСЯОАЬ4ОЮ
33847.opus,Л 2К13Щ
33848.opus,0ЫГЧБИ08
33849.opus,Е2ИВЭУ 8БО
33850.opus,9 ЗЮ6025
33851.opus,0СМ6ЬЯЬЬ
33852.opus,ПЖЭЯН3В2С
33853.opus,ГЭ1ШЛП
33854.opus,РЙП6Ш ЛЛП
33855.opus,ВНММХМ0
33856.opus,Щ7О#ЯУ4У#
33857.opus,ГГДК2ЮЖ
33858.opus,МЯЕ4ГСРЪЯ
33859.opus,ЯЗМ3ФХЬ1Р
33860.opus,32ИЧ7ГЫФМЕС
33861.opus,ЗМ9ГЗЯ7КЦХ
33862.opus,ВЬПС62
33863.opus,В7Ж5ИЗДС1О8
33864.opus,9ЪХГВЧХ
33865.opus,ЩЗК9ИПС
33866.opus,М ХЭСЗТЮБ6
33867.opus,ЫЛ ЦП9К
33868.opus,УЦИО В
33869.opus,ПЫЦ ЪХЙ
33870.opus,АР05ЛЩЫ
33871.opus,ЙЛ54В7ЫБХЯ
33872.opus,СУ КМЙНДЗЩ
33873.opus,##ЭИС5О
33874.opus,91ЮУ1Ю
33875.opus,ИАЮШР Э РХА
33876.opus,ЪЖР24ШЫ
33877.opus,ЫКЯ#УБСГ
33878.opus,М9Х Я5ВЪ
33879.opus,ОВЩЪЗГААЮ
33880.opus,СМБ7Б ЛВ
33881.opus,ХЖ ЯС6ШИ1
33882.opus,9ФЧ23ЙНФЖ
33883.opus,ЙЧБ2Н37
33884.opus,ЛЮЕЮВЕЬ9С
33885.opus,ГЪХШЯ
33886.opus,ЮКЗ1Й КАН
33887.opus,У#ЮЯЪ 7 П
33888.opus,Й 0Ы9Б
33889.opus,ТМИИ19ЖР6ГР
33890.opus,ПЗЪГДЬЙИК
33891.opus,НЮСУЗ4ЙЦ
33892.opus,РАЛФЪАЯЦЦЦ
33893.opus,ЯЭ АПЭС
33894.opus,В С1Ь5Ш31О
33895.opus,ХФОЫ1ОЬШ
33896.opus,57ЭД ЯИШЭ
33897.opus,7 4ЧЪИЬФК8
33898.opus,ЛЖЪШЭ8
33899.opus,ПЩС5ХБУЬ#
33900.opus,Й8ШХ 0Ь
33901.opus,УО1 Т54
33902.opus,ДФЯ691ДД8
33903.opus,9МЧИЗ7ЪСВ
33904.opus,4Ф7 ВЗДЕ
33905.opus,ЦЗ ЪИВ ЩДШ
33906.opus,РНЮЪП #А7
33907.opus,УРУОХЕНЙФЮ
33908.opus,НА1 МУМТ6ВГЧ
33909.opus,У99О 62
33910.opus,У231ЙЪ1Ь
33911.opus,ЭЭ Э4ФИ8ОНИ
33912.opus,О С3ЮЮ3Х82
33913.opus,РУИЩ35ХА
33914.opus,СКЗЖ1 Я ИУ
33915.opus,# 0П#4
33916.opus,ЭС 8КФ#В
33917.opus,Щ0ПЭФМПЩ
33918.opus,АН#7#Р7ЖЗВ
33919.opus,ЬЯК03ЧВХ
33920.opus,СЧ7#1УЗ
33921.opus,Н 46ХЦДЛХЛЛ
33922.opus,К26ЯПЭЛ8
33923.opus,ЛХЫД ЧЛ3
33924.opus,У9НЕРУСР5ТКЧ
33925.opus,1Р РЕДЮЪЦ
33926.opus,ЗКЮОФ58П
33927.opus,ТЯ1 ВТЬ1Ъ
33928.opus,7 3 2ЪОУЛЛЯ
33929.opus,Д2У ЭФ9Ю
33930.opus,ША1Щ ЖНЬ5АНМ
33931.opus,6#ЮЦЮМФЗН
33932.opus,0#Ю99Г
33933.opus,ЧЙ87СФ8Ю
33934.opus,ДЛЕЗЫХ0ЪЬА
33935.opus,ВАЩ1ЫЭ8И
33936.opus,ЫОЖОА5ЙТЮНЬ
33937.opus,41 ВИ2ФЦЧ
33938.opus,ЖЛЯТОБЭШЦ Ю
33939.opus,ЖЗ ШЗГИД
33940.opus,ФЙ9#РЯШГ
33941.opus,7Ы7ММН7
33942.opus,0# 12Э
33943.opus,ИЗЖ2НШФЖИ2
33944.opus,К4ЮЭ П9Э
33945.opus,Т#РЯЙГА ДД
33946.opus,5#Х7 ЮЭЕРС
33947.opus,7ЖСГ2ЛЙЩ ЙК
33948.opus,А7МЩ1ЛУФЬО
33949.opus,#ЙППИ
33950.opus,5ТДТ 3Н1КЦН
33951.opus,4ПДГЯИ0ЫЩЕВ
33952.opus,Й8ЪАЯ ЫЛБИ
33953.opus,РБ3ДДВ0Ь
33954.opus,7ЛГХЖЯ4 1ДГ
33955.opus,ШЦ ЩАЙ
33956.opus,ИЮЭАСМ3МЪ
33957.opus,РЙ 8НЮЦСЛХП
33958.opus,Ф43ЖФ
33959.opus,ФТ Э9УЦ# ЦИ
33960.opus,ФПНГПДЙ1Ь
33961.opus,3ЬХГХПВ#Ф
33962.opus,И7А0ЩШПГ
33963.opus,ДЖШАБЙЦИНЕЮ
33964.opus,Г5ЫДРКЖ8Р
33965.opus,ЪЖ9ЬЭУЮ
33966.opus,РЛБЙЯ9ГЯО
33967.opus,ЩП6#8
33968.opus,АЛЙЛЬЖЧ ВОЫ
33969.opus,Ы ЬЧ3ЯТ59Ч
33970.opus,Ж А0ЮАЪ
33971.opus,ОСЛ ФФР
33972.opus,ГЭГФЦ 6
33973.opus,ЛДЗЮЯ9ШС
33974.opus,4ЖЗЖУМ8#
33975.opus,9Ю3ЭТ Н3ХФ
33976.opus,ЦРЛ70ЩИ ЙО
33977.opus,З2ХЧЯЯПЦП
33978.opus,Г44П7БЕШ
33979.opus,1М0ЗУ ОХ
33980.opus,ШШ ЕС3ЗЫЕ0
33981.opus,ЫСП6 М7 ПЯЬ
33982.opus,#Л5ЛВ КЧИ3
33983.opus,Р7ДЭ#2АЛ
33984.opus,З6ЗШО1
33985.opus,УМ4РЧЗ
33986.opus,ЗБ645Ц
33987.opus,Т85ЛОЬ4
33988.opus,К ОЛ2ЕКЪ
33989.opus,МС6Ь6Е9Е7ИТВ#
33990.opus,0ЦНЗКЙЮГЧ
33991.opus,Ъ5Н7ПА0
33992.opus,9Ъ5ХП8ЬЕ
33993.opus,5ЭКР НЩУ 8
33994.opus,20 #3ДЭ
33995.opus,ЛЭ42З99Ь
33996.opus,Х0Ц Л3Х5
33997.opus,ВЮ0ЯФ
33998.opus,ЫВ6ЬН7 ЗТ
33999.opus,#ЬЛШПЪ#
34000.opus,АНЫЫБА5З
34001.opus,Э ЯМИ8ШИФ
34002.opus,ФЗЭФИ9Ш65
34003.opus,ПТЧХ#ЗА5Й
34004.opus,ЖЧЫГ3ЦЬ
34005.opus,2КЕЯ4ОА6ИФ
34006.opus,Щ2 АП4
34007.opus,ЩЦЛ#ШП
34008.opus,Г96ЬВОФ
34009.opus,ЛИОЯЗЭ2Э8
34010.opus,ЧГМЗУЮЕЦ В
34011.opus,КЕ##ЭВДХ2
34012.opus,47ЕЦ##Ш
34013.opus,4ПХ#ЭЕ
34014.opus,#Ь7ВЩЙИМЧК
34015.opus,УБЫЙ29
34016.opus,ШБЮМГ0Д6
34017.opus,0НЮЫФЫ0 Р
34018.opus,#БЫЦСИВ9Ц
34019.opus,ЮБ С0ИЧМЦЕР
34020.opus,Ч4 КИ#ТРШИ
34021.opus,2# ЩЙ01 О
34022.opus,ЫР4ОА1ДЧ Э
34023.opus,ГЦЖЩЫЪМА3В
34024.opus,О101
34025.opus,ОЙАЛРЛ2 8
34026.opus,Т29БЭЗ7
34027.opus,6МШС 2ЗЭДИФ
34028.opus,ТУИСНДЯЦ ЖЭФ
34029.opus,ЙУДФК
34030.opus,ГЗ7ЪКЛ ЗГ
34031.opus,Ц 9ЧФ7
34032.opus,ЬАФ М КЧ2
34033.opus,ХФ 8ШХ #И
34034.opus,У В7ШЙО
34035.opus,52Е7ЮЭЪС 
34036.opus,ТУГВ
34037.opus,6ЧЯ09ФЫ
34038.opus,9ПЛЖШХВ
34039.opus,ЯОШЫЫВ3
34040.opus,АЖ68Э9
34041.opus,ЛЯШ62ЙЕ2
34042.opus,ЦУКЖКВ
34043.opus,МГСТ ТЯС7Ю
34044.opus, ЖЦНИХЛИ3
34045.opus,ЯХЮ1 ВО#Й
34046.opus,ВЖОИК2 Э2К
34047.opus,ЫВГПЮ9ЖЮБ
34048.opus,ЗСЦЯЭ0
34049.opus,9ХЛАРП Х
34050.opus,ОПА В9ЛК
34051.opus,Г7115ДП31
34052.opus,2ЩЛ6Щ#
34053.opus,Н 8КИЙЛГ
34054.opus,ЦСЭКНУ25
34055.opus,Ш96#ЖОО
34056.opus,5Ч7Р0Ш9
34057.opus,ЕШЫНЦЙЭ
34058.opus,ЩЩТХ5 ЬАЩ Ф
34059.opus,1ЛСИЭ3Н#
34060.opus,ЪСГЭ20
34061.opus,Е#Г4ТВЩЬУЦГ
34062.opus,Э##БОЯ
34063.opus,ФЫУЮПУЯ
34064.opus,Ю5ЙЙАФЯЬ1
34065.opus,ЪЦ1С5Д
34066.opus,У5Э ЙД3ЖФ
34067.opus,УВ5ЗЪЮ К
34068.opus,А8ОВГ5ПУЭ
34069.opus,Ф654ГЭ8
34070.opus,КЧФ2ЕМЖЬХ
34071.opus,ЬЖВЛ4Э6Э8
34072.opus,РМТИУЫ3ЖПТГЕ
34073.opus,ШЫ4 ЖЯШ
34074.opus,А4УЗ2 Э5Ъ5
34075.opus,А2С ФГХ8
34076.opus,Ф#Й 0Е#
34077.opus,ЫЬКМХ#ТЙЧ
34078.opus,63А5ОЮ#
34079.opus,ПЯ7КФВФ47
34080.opus,ДА71И48Ц
34081.opus,ХЦНОЗ774Р
34082.opus,СРМЯРЛЧ 5Ц
34083.opus,Д69ХЩЕТС
34084.opus,Ш5ЮЪЙС
34085.opus,ВДЦ3ЗАЙЕЫ
34086.opus,ЭИСТЩС Е83М
34087.opus,4М 2А9Н83Щ
34088.opus,47ЩЛХА87К
34089.opus,ЫЖЖЗ59
34090.opus,ЪЮ92С3
34091.opus,7ЮХЖВЬУ
34092.opus,ДЛЙБ АД
34093.opus,ГЧИЯСПЕ574
34094.opus,ТТК М3ЫЩ2
34095.opus,У0 0#М#
34096.opus,Ч#0ФИТЪЙ
34097.opus,5ЭКУЙ3ЩХ
34098.opus,#П8Ю54
34099.opus,9ЩЛЗИ 9Л5
34100.opus,97Т0БШЩЬ
34101.opus,Й180БЩС3
34102.opus,ЕИ98 #ЗЧ
34103.opus,ТЙ44А2ХФШЦ
34104.opus,2Ф92ОФ
34105.opus,5#1П#УЫ
34106.opus,ГБШИ8
34107.opus,ЯГКБ9ИЯЭ
34108.opus,ЩИО ЧЦГ8
34109.opus,Г1Х1КЫА
34110.opus,ЙЩЦ Щ#8
34111.opus,5А АДМ54РЯС
34112.opus,#ЧР Н 03ЕЖ
34113.opus,Д9З9 #3
34114.opus,Ю7СЮ5ЗЕ7Б
34115.opus,Н4ПЯС
34116.opus,Т# НЪ0ОЭФ
34117.opus,ГФММЬГХИЪЗ
34118.opus,56 722ШЬУУ
34119.opus,ЛЫ ЯХДВ3АШХ
34120.opus,Ф 5ЛШ9ИДЫ
34121.opus,ЙСБЯ3ЧЭЛ
34122.opus,ЕШПЛУ2#
34123.opus,ЭС6#ЪЕО5
34124.opus,РРШЙ20 3Ч
34125.opus,Е17Б5ЧУФ
34126.opus,Н9ЕЙ5ШЗХ
34127.opus,3ПЮХПЮАФ
34128.opus,ВЗЩШ
34129.opus,6ЩЬ9 РА5
34130.opus,АЙ8ШЦЪК
34131.opus,ЬЛДЗРЪЯРТЛ
34132.opus,7 ЙО
34133.opus,Ш0 Е3РЧЩ
34134.opus,ЬМФХЪУД2 Д
34135.opus,0З 6Щ
34136.opus,Й1ИЩ ЪБФЖЖР
34137.opus,ЦЙЮ4Е#ТНЮ
34138.opus,ЮС Н#ИН
34139.opus,ЪЩУЛ6ЕФЛ
34140.opus,ХЗЧЦЦЭ Ж 4
34141.opus,ГИ8ДКГГЛЮКЙ
34142.opus,Т9МЙ Ц
34143.opus,О9Ж91МХ Б
34144.opus,АУ 8КЛМЯ1Р
34145.opus,Л1 ЙЭ
34146.opus,Ж 9ЧЩ4
34147.opus,ЯЩХЭЮ7И5В
34148.opus,6Ф3ДЩ1З
34149.opus,#МФН1Щ1
34150.opus,2ЪЙУАВОБ
34151.opus,ЧЙУ9 ЕБАЭ
34152.opus,КЙКШЩ0
34153.opus,ЦНЛ3ЮЭЧ
34154.opus,ЬПЯЭГХЗЗЫ
34155.opus,ПФРА0АЖ2Ъ
34156.opus,МЙЩТДИЖФ
34157.opus, Ц БС2АФ
34158.opus,ЙЫЫПФЕ8ЬЦ
34159.opus,Г ЭМЩС2#
34160.opus,Н7ЫЮ23 Т0РЪ
34161.opus,Й1МК ЦДГМЮ#
34162.opus,ФКЧЗД#Е3
34163.opus,ИФ7О6Щ
34164.opus,СЦПЬЖРУУН5
34165.opus,ЯЧ1А4ЦДФ
34166.opus,О9ПЙБЯШ
34167.opus,ЛТГ ЫА ПНЪЭ
34168.opus,ИЯ7ЯМЙ1ЫХЫ
34169.opus,3 #А3 ЦФ
34170.opus,3У6ЛГ1ИЖП
34171.opus,ЭЖКЙПЖ 9
34172.opus,ГФЕ4В6
34173.opus,КК #Ъ47Ш
34174.opus,#4 Л 3Ш1
34175.opus,ЦУФ 3К Ф
34176.opus,3Й7К Э
34177.opus,СБ#ЧКЫ9ТЕУ
34178.opus,7КУ Р7Э ЙУФ
34179.opus,ЩХТ2Ц
34180.opus,К8655ЪВЦ
34181.opus,1МЮЮ75ЧН
34182.opus,9НЪУ93
34183.opus,ЮЯШПЧ 4
34184.opus,У449ВЫЖ
34185.opus,ЧГ73КАЗГШУ
34186.opus,ПКЭУЫБ4Л3
34187.opus,ЦИЙЙУ#Ь
34188.opus, РЪРН2ГЯО
34189.opus,ЯБЧ0И1У
34190.opus,Ф ШЭФЙЪ8
34191.opus,Р0Ъ НИИХМЗ3
34192.opus,5С5ХГ2
34193.opus,4ЯЭЯ08ИЕ
34194.opus,ЩХИЬЩИ3
34195.opus,8НУАЙГЮЩ8
34196.opus,ЪПМСХ#И4П
34197.opus,ЬНЩЛАФД
34198.opus,4К1 #Н1Х
34199.opus,9 ЛУЭ0ЧВУ
34200.opus,ЗЯ9АД4П
34201.opus,2ИФ9ЧШ
34202.opus,ЦЪХФ3#УФ
34203.opus,Я1И И Ч7ВИХ
34204.opus,1ЕЫР ВКТК
34205.opus,ЪПСАПФ 4Б
34206.opus,2ЭЩ9ЙУ
34207.opus,ЪЬ#ЭЕШГМ
34208.opus,ЪШЧ 48ЪМ
34209.opus,МОМНЬЛЬ5Э7ЗЕ
34210.opus,МЧЕУВЕЫД
34211.opus,ЪПДХХ5ЫЯ
34212.opus,ЦЯФМЗ84ФП
34213.opus,ФФ0УЙЮ
34214.opus,ЗДССЯШГЯ3
34215.opus,НО7#85Р
34216.opus,ГЬУПКЮППП3И
34217.opus,КШ8Ь#КПУЗ
34218.opus,БМЦ8РЧ5ХЦ
34219.opus,БЮЕРЛН 1
34220.opus,17ЧЧО
34221.opus,ГШЧ ЪАНЦЙП
34222.opus,8ИЖ0ЪБМСЖ
34223.opus,УЛМЖФ6УФБ
34224.opus,8ИГЪЬЕЪ3К
34225.opus,ЫЪЛЦЫ49
34226.opus,КГЪЕ##
34227.opus,ЩШЗМГЙР
34228.opus,6ЫЬДЕ У8Т
34229.opus,ЙНЧФЮ5З3
34230.opus,410ПЗ
34231.opus,01Ф5Щ
34232.opus,9ЭВАЙ8ИГЙ
34233.opus,ЭОТЬ5М7П
34234.opus,КЩ6ЬШП
34235.opus,ЙУЯЧВ ЧФЖ
34236.opus,УДХЙ6ОДДЦБ4
34237.opus,97 0ЙГ
34238.opus,5Я 27ФФ79
34239.opus,6ВХУ7ЗЛЖ 70
34240.opus, ИЫХ8И6ЩЪ
34241.opus,ЧЫКЛЗШ7Ю
34242.opus,3ЯР8Р5УЛ
34243.opus,ЯГЕУЕЗ Ч
34244.opus,МЪС Ш
34245.opus,#Ф Щ9Я3П
34246.opus,3ЭШР#2
34247.opus,2ЩЪМЭ 
34248.opus,ЮЭЮЬ4ЙТЪ
34249.opus,ШФЫЯРМГМС
34250.opus,ЯНА0ЮЧЭЕЩЗАР
34251.opus,ЗЫИ 2ХЮЖЧ
34252.opus,9ДЫВ8988
34253.opus,ВЭ7О4УКЙ
34254.opus,Э#ТЩЮЭЮ
34255.opus,6АЬФХШЖЫ
34256.opus,ФЛЗ6ХШТЬЕ
34257.opus,0ВТ6НЦБ6
34258.opus,ЭХШ#6ЖГ
34259.opus,НЦРЙ4Д1ФШ
34260.opus,О3#ПСЩАЕВВ
34261.opus,ЪЬКЫА0
34262.opus,УГЧШП71МЭ
34263.opus,2КЙЗМА9
34264.opus,8ФП6ЙЯРЭ
34265.opus,ЩОК3ЛСК9
34266.opus,2ГФЯПО0Ъ
34267.opus,0Ь ЖФ2С
34268.opus,СЧХХ Р8ЮА6
34269.opus,ОЯИКБ22
34270.opus,ГХ8К4МБ2
34271.opus,ЦИВЙХЗЭ
34272.opus,Б2ЧББТ1
34273.opus,Ю 8БЭ2ЕБ
34274.opus,1ОЦФЫЖД9
34275.opus,ММЦВБЮ5ЕЬ
34276.opus,УТ 19Л4#
34277.opus,ЮРК8КОВ К
34278.opus,ЦСШЯ3К Е
34279.opus,8ЭНЛЛ2ЛС
34280.opus,ЛДМ7ДД9Д
34281.opus,ЛККХ7ИЧУ1
34282.opus,9ППЪ2Ш
34283.opus,ХШ Г0ЮЩ6
34284.opus,Ы4ФЩЮЛШД1
34285.opus,И65ЧЮ А1ФМЭ
34286.opus,Б6З 82Ч9В
34287.opus,П0А 7#
34288.opus,ЖБЕЖ3ФАА
34289.opus,ЩР00 Ч Я8
34290.opus,Т8ДТЪЬ6ЯЩ
34291.opus,0ЧЯ4#ТИ#
34292.opus,У8ЛСЮЬ0Ю
34293.opus,Ъ0Н1 В6СБЕЮ
34294.opus,У9З 7ДИЭД
34295.opus,ГЮ6 ДЛЫХЦ
34296.opus,ЮЫКЦХ79ЕУ
34297.opus,8ПХЬЪО5Н
34298.opus,М8В Ы
34299.opus,ЖД5Ъ1РЫ
34300.opus,МХБХЭЧ94З
34301.opus,Х0И7ЫТЩ9А
34302.opus,БХЦЮА Ъ9
34303.opus,ГП7ЛЦРВЬЦГ
34304.opus,НШР7 Ч ШМСИ
34305.opus,#4Т7ЪЦ
34306.opus,01Н5ХЙЛЖЛ
34307.opus,Щ5Р Й7
34308.opus,ЪА9 ДПЭИ
34309.opus,376ФАЕДЛЗ7
34310.opus,ВФ7Х27ЕДЫ
34311.opus,ТФЪМ8Ц7Я
34312.opus,УЭП7Т3ЯТ
34313.opus,ПШ8БЗ2ЭЯ
34314.opus,ПЮ  3ГМДЬП
34315.opus,Щ#ЛО38БМЩ
34316.opus,З2МП8ЬН1
34317.opus,СУЕЧХЩЩЕБХЪ
34318.opus,ФШЭБ4З
34319.opus,ЬКЩЯЬХДБЮЭ
34320.opus,ЖЯ2ЦСЗБ
34321.opus,МЛУЖЩЖЙЫЮФ
34322.opus,8ЮСЗ54ОГ
34323.opus,КМЭПНКЩ К#Л
34324.opus,ЯМ4ЯКЯ3АВС
34325.opus,1МРСК8ФЫФ
34326.opus,1Ы2БЕИ И
34327.opus,СПЧ12
34328.opus,ЮЕЮ2П3СП
34329.opus,Г01ЖН Г
34330.opus,РКЫР0ГЗ8СЗГ
34331.opus,ХЪЪДЗЬЛ0
34332.opus,ЕНДР ЗЭХИЫ
34333.opus,ЬУЖПЛВО6
34334.opus,Я0ББ#ПК
34335.opus,ЧЗ13С8Ц
34336.opus,2ЕАГЛ#2РМ
34337.opus,4ЩУЭБН#Б
34338.opus,А62ОЗ23
34339.opus,С1МЦННМ
34340.opus,ЮЭОВ6БФ#
34341.opus,В2ЖХ93ДУ С2
34342.opus,ЛВ1ЕГ7ХК
34343.opus,КЦ1ЭСЖДЦ
34344.opus,Ж6УГЪ4ИЛАЭ
34345.opus,Е0ЯППВЗХ
34346.opus,Ж#ЯЭЭЖАЮ 
34347.opus,Ъ ЩСВОЬ
34348.opus,Я ЦЙЫЛ
34349.opus,5ЗГ СЬ1ИОИ
34350.opus,РШЯСЖА ЦЩА7
34351.opus,ЮСА8М0ОО
34352.opus,Я56ЮТ Г9ЭРЕ6
34353.opus,ОХЧШЫКО
34354.opus,ЧЗЛЫУЙГ
34355.opus,ТЖЯЧ
34356.opus,ВН2ЯЕГ1Н
34357.opus,АФЭДБФЫЛВ
34358.opus,ЪЦ1ЙШН3Ж
34359.opus,ЙМИЪЪ5 Ж
34360.opus,КЧЫЗ1СЖ
34361.opus,Ш188Ф5
34362.opus,Ю28КЙ
34363.opus,Я Б 5УАЪ
34364.opus,0НЬС0Г 6Ъ
34365.opus,Б28ЗЮЭ
34366.opus,Г7ЩЫП0ЪК44
34367.opus,ТЫ Я3Й3ЧКЗ
34368.opus,УХ5ЭГЛ8Ц
34369.opus,ЙЭ М Н1
34370.opus,5ОЫ57ЬХ3
34371.opus,ГМ7И5НР
34372.opus,Э2ПЕЬЕЩБ8
34373.opus,ИО8ЕП ЪПЪЛ
34374.opus,ФЧ1ГЙ
34375.opus,М#Й Н ЛЖ
34376.opus,Й НД5ЗР 8У
34377.opus,Ю8ИХУОУЪ
34378.opus,ПЯЖ ЯЖ22И
34379.opus,ЗШ0Ж#3
34380.opus,ОДТХНЕ02С
34381.opus,ФЕМК
34382.opus,Ц БДА6БПГШВ
34383.opus,АВ88ТФИХ5 ХЖ
34384.opus,ПЙ#С4У
34385.opus,Ч67ЧВУ5
34386.opus,Н01МЩЫЮ
34387.opus,3ИГ 762Э
34388.opus,Ж0З8Ш
34389.opus,ВЙЫВ03
34390.opus,ОПД96Ж#Л
34391.opus,Ъ9Л54ОБ
34392.opus,З З Т8Е3О
34393.opus,Ж8Э4Т4Н
34394.opus,МЖФА1ЕЦВВФ
34395.opus,2КЕЦЧИОН
34396.opus,ТМЫ9ФН3
34397.opus,2ШЭ К446
34398.opus,2НТББ3
34399.opus,6 7ЫБМ
34400.opus,Ч Д0 Г Ы8
34401.opus,Й31А0Ю5Щ
34402.opus,НО5ИЛ4ВЗСО
34403.opus,5ИЙ65ЖСЛГЧЯ
34404.opus,ПУЬЗХУЙ5УТ
34405.opus,ШР 0ЛГФ
34406.opus,ЕРЖ9#АЮ4
34407.opus,ЩЛ2УЕП3ПЮ
34408.opus,51 В 8Р Ж6Ч
34409.opus,3У #О1КБ
34410.opus,Ъ26ВРУФ
34411.opus,43НИР0БЕ5
34412.opus,ЭОИИО3Х1ВЙ
34413.opus,ЩСДПВКЪ
34414.opus,663ЙДЮТБ 3В
34415.opus,Ф4 З ЮЗБЕБ
34416.opus,ЦИУПЩЮ8НШИ
34417.opus,ТЬ1ФМ5РДИСШ
34418.opus,ЙНЦУТФ
34419.opus,М ПЕУЗК
34420.opus,ФЭЮЙЯТШЯЖ
34421.opus,5#ЛШ3ХБЯБ
34422.opus,НФРОЗЬ1 А
34423.opus,С Ъ8К0ЗХУ
34424.opus,ЖФЯИБИ#74КИ
34425.opus,БУК0Ч1Я
34426.opus,ЧЩ ЮН8ЛЙ Ю
34427.opus,БЫЖШЗЭ7 З
34428.opus,ЩЬ5ВА41Д
34429.opus,П0ЙВ5ГЬБ
34430.opus,5ШЮМШЛЩ5
34431.opus,НДКПЬО6Ф
34432.opus,Т АЦЗ9МЧЗ
34433.opus,И К#6Р06ЕЪ
34434.opus,ТВЧ2ЕФЫ7
34435.opus,ЫСНЪАДШЖ Ч
34436.opus,ЭЮИЦЩ7Й
34437.opus,Ю ЕТАТЪ3Г
34438.opus,С169АЯЭБ
34439.opus,ЙХЦ3ХЪ ХЦЖ
34440.opus,ЩС# ЪМЕА3У8ФИ
34441.opus,1БКЧЪБ ЪЗ
34442.opus,УДЛГЭСН#
34443.opus,ЭЦ05Н
34444.opus,2НЫЫП0ХЖ
34445.opus,9С 5ЪВЪ 5К
34446.opus,ХЖШ12И
34447.opus,У БФ0#88
34448.opus,РДЪ У3 СА4
34449.opus,ШДВХ516Ы3
34450.opus,1ЫК4ЯМ0
34451.opus,ХЕЖЩ313
34452.opus,399В#ЛС
34453.opus,ДТ43ЛОЮ9У
34454.opus,ХЮТ8 ТВ ЮЮЬ
34455.opus,ОС БЬЯЩЫ
34456.opus,УАЫ # 68Ж8Н
34457.opus,ЩВЪФЦ1 ЬН
34458.opus,17ЧКП33ЗД
34459.opus,ЮЖ1Г1ФВ4
34460.opus,06АИТЭЕЮ
34461.opus,УХ#ЦДА9НЖ
34462.opus,Ж0ИУФЮК
34463.opus,Щ1ЛЙДХ 3
34464.opus,87ЧЦК4ККФ
34465.opus,Л 5Я 3Ч4Л
34466.opus,72ЭЗ7
34467.opus,#КХ4Щ ЖМ
34468.opus,ЩО3Э 9ЯБ
34469.opus,7 У ВФДИН
34470.opus,ЛЛЕТ ЪХМ9МЛ
34471.opus,7ЖЖ 3ЕУ К
34472.opus,АЗЫЗ МЕ2
34473.opus,ПОУДК46
34474.opus,У3К5КР2ФЖ#
34475.opus,ЪЦЬЦТК
34476.opus,ЯНПКВ5Д3Р5
34477.opus,ЫЧ5ЦЫШЕЬТ
34478.opus,3ФН5ЦПЮ2
34479.opus,ЖНВ 6ЫОП
34480.opus,5БЦИЪ ПДФ
34481.opus,ЭЖЧЦО 0#С
34482.opus,ЩМ И2ЪУ
34483.opus,ХВТЦ53
34484.opus,ШББ6Ж1О
34485.opus,И 29ЦДЫЬД
34486.opus,ЩРУВ4627
34487.opus,#Щ9ИО 7РР
34488.opus,ТЭИ ЖЧЛ П1
34489.opus,Ы 4Л1Э#КЦ
34490.opus,093 ОШЫ5
34491.opus,72ДФВНЪИ
34492.opus,Ъ6 РБ1Ц
34493.opus,3СЬЗЙНЭЫ
34494.opus,ЫКФИ5Д1 Ц
34495.opus,Ю5ММИЖЮНД8С
34496.opus,71Е5О9Р9Я
34497.opus,Е7Й5Ц3П 6Ч
34498.opus,ЮФЙЩОЫ
34499.opus,5ЬЗ С 0
34500.opus,РЫЯР13 ЛЪ
34501.opus,5Ъ ЦВБВФ
34502.opus,Н4ФКЮР0
34503.opus,ЙВ05БОЮИЩТ
34504.opus,3В0Ч7ЛШ3
34505.opus,ЙЬБ1НЯ#Ю
34506.opus,ГИ1Щ ЫТС
34507.opus,2СО6ЪЬДЛ
34508.opus,ЩЗ6 ОЭЙЫЛ
34509.opus,ЩУЩ14 ЙЪБ
34510.opus,ЖЪЧАПХ Щ
34511.opus,ЧФ65М46А
34512.opus,УБЦЛЕЛСЧ 9Д
34513.opus,РО8Ы2ЩЦДЯХЖ
34514.opus,ЙКРГС7
34515.opus,ШН8Х ТЫ57Д4
34516.opus,9О5ДФХСОЩ
34517.opus,СМД#АУОЪ
34518.opus,ЖХ6Н 2ЫК
34519.opus,ЖДВ1 Ш5Щ
34520.opus,ГЦЦЬ ФЗ Й3Э
34521.opus,ЩКГСЦИЫЫ
34522.opus,537ЬОЖ7ЯС
34523.opus,Э ТЧТР1
34524.opus,ЪСЮРЫ9Ъ
34525.opus,3ЫГЧ ЮХМЯШ
34526.opus,СШГЧРЖЯХ
34527.opus,ЖПШБРС Х9И
34528.opus,2ПЛ0ЛН2
34529.opus,2Д ГНЗ81
34530.opus,#ЬШТ С 5ЗЗ
34531.opus,0ЬЛИ#
34532.opus,БЫЙ7ЩЦ
34533.opus,К7М#3ЫЫ
34534.opus,ФСН4ХЖЕ1ЩНЯ
34535.opus,8ЪО Ц УЮНЩ
34536.opus,8ЫСФБ#3 П
34537.opus,ФЦД ИВПБВ
34538.opus,ПКЭММЧЕЛ
34539.opus,9Ь4ЖДПАЧ
34540.opus,МЫМНЙЗЮ#
34541.opus,5ЙАСУ2Й
34542.opus,0БЛХ6 ЕНЧ
34543.opus,ЙК8Ъ1
34544.opus,ЕГН2 ХРБКХТ
34545.opus,Э7ЯН5ЗЩРЛ
34546.opus,Л4У6ТАВАЕ
34547.opus,ИЬИ ПНБ ИИГЫ6Г
34548.opus,5ХЮЗУЗИТЕ0
34549.opus,Ы9СЖИ1НИЫ
34550.opus,ЭРЬК1 КО
34551.opus,НЮП60 ЬВП
34552.opus,Б6М Ф2##0
34553.opus,36ГЛ4Б9ТЩ
34554.opus,ЪИЗЖ ЧНГ2
34555.opus,З НГ#Ъ6
34556.opus,БЩ8ОЛ3Ч
34557.opus,Я Ы ЗХЛ55ЮН
34558.opus,МО44ЭЕ7Т
34559.opus,МТДЩГХГО7
34560.opus,ЧИ2ТКЩГЪ
34561.opus,РЭМИЙОБ К 4У
34562.opus,0328ДЦРП
34563.opus,ТСЖИ#МЖЭЯ
34564.opus,ЮП8 Э
34565.opus,БЙ2Д С4 9
34566.opus,БТЧ05С4А
34567.opus,РФЩ7ФЦ
34568.opus,2 ХТГ#Ы87
34569.opus,ЗЗ ПЯ7Ш
34570.opus,ЩЬ#У073
34571.opus,6Е#КТ А 3
34572.opus,ЛЩ4ЫЕ П4Й
34573.opus,8ЩСЪ66 Ц
34574.opus,0С КЫЭЦЫ
34575.opus,ЙД2УВ7ФРРТП
34576.opus,ЪЮ5ДЮ5Е1
34577.opus,6БЯ7ХЙАХТМ6
34578.opus,Н9ФЯФЦЯ56 Ь
34579.opus,7ОЫЪЖ ДЭ
34580.opus,ША7В Х6ЗКЫ
34581.opus,75АЯЬРРЯ
34582.opus,ЙБЗФ ЯЬ 7ВВЕ
34583.opus,ЕГ5 7У1#1
34584.opus,ЧЫМБЯ8Ы4Р
34585.opus,04776ЦТ
34586.opus,Ь89 1Ж#Ц
34587.opus,У8ЯУФ64Д#
34588.opus,ПЕД6 5ШТ9
34589.opus,8Ы ЗФ1
34590.opus,РЧБ41ФЗИ
34591.opus,РГАНЬФ7Н
34592.opus,ПД Ъ4Ъ
34593.opus,МЭВСУЪ6ПА
34594.opus,ЯЮЩ2ЦК0Ч
34595.opus,А П611
34596.opus,#ОМПЯЩ0
34597.opus,8БАЧНЙФ8КД
34598.opus,ДТВ Н96ТД
34599.opus,О611
34600.opus,СДЬ 3ЕСТ
34601.opus,3ЕЕЫЩ8ИУЩРУЯ
34602.opus,ФЕ6ТГЖВАЧА
34603.opus,ВЛЩШН2ЩЙ
34604.opus,СРБДЗЩОШЯЬ3
34605.opus,ЗХСМЛЬ4К
34606.opus,ЗШ035С
34607.opus,ЦЕ0О Х6З6В
34608.opus,ЗБЛ4ВЯЭ45Ж
34609.opus,АУЧ7ТДКЙЗ
34610.opus,0КШ5ФО
34611.opus,3ЬСФАВЭУ
34612.opus,Н3УИЭЛЙЖ
34613.opus,8КАЛРХ Ш
34614.opus,ЬПЬ47Ю7
34615.opus,1ВЪСМ6ИЪ
34616.opus,ЭЖ2МЗМФЭ Х
34617.opus,ЖЗ1ИП Р
34618.opus,МЩАУЫП7Ч
34619.opus,ФК9ГХТ94
34620.opus,ЬЩЕГКДЦЫ
34621.opus,3 Ъ#Р
34622.opus,847ЮЦТ4
34623.opus,ОБАМХЗ7В
34624.opus,ЩЗ08НШШ
34625.opus,ШБЧТ4Ь
34626.opus,Ы# Ч ЦМ0#Х
34627.opus,0ЯРЗЮН4МВ3
34628.opus,О7ЖЮ6К У1
34629.opus,ЖАР7ХБЭЛ5
34630.opus,Й08БМ6
34631.opus,6ШФЕПВШЛБ
34632.opus,ВБФГ Ц8#С
34633.opus,ИА44АХВ#ЙЧЭ
34634.opus,4Ч85МРП1
34635.opus,С2 Л9ИАЯ5 6
34636.opus,1ФКЖЧВАК
34637.opus,09В32ЦВ
34638.opus,ЪЬ МОРГИ93
34639.opus,Б ВВ3498ЖУ
34640.opus,49 98ЛФ5
34641.opus,ЭГВ9ГМ
34642.opus,Т7М2БГ
34643.opus,Ш#Я42Ю#Ъ
34644.opus,2ЛЗ 8СНА
34645.opus,5 ФТ0Х4Ъ
34646.opus,7Х4ЕНТ Ж9
34647.opus,3У2#ВЧЦ75
34648.opus,Ш ЩЯ2ЩЕУББ
34649.opus,4# МЩЯС
34650.opus,ПЗЫХОЕ8
34651.opus,38ГЙОС
34652.opus,1СЗЗЛЮ8
34653.opus,Щ6Ф1ИЦЙ9
34654.opus, 5Т7ЪВ
34655.opus,Ы9ЛЛ МБЙ7И
34656.opus,413#АН
34657.opus,9ЧН35О5
34658.opus,С4#ВА5Х0Я
34659.opus,ШГРЬХТА3К3
34660.opus,ЛТЗАОЫ
34661.opus,УЪН9ФС87
34662.opus,ФБЭЫМГЮ
34663.opus,8СЖ0Ш#И РА
34664.opus,Ь7ХАТИДС3У
34665.opus,СЩЗХЩЦЙ8ФЦ
34666.opus,3Х090ТФ
34667.opus,ИО5ДЕМ ЯСЮ В
34668.opus,Б6Н7ИАКЯЙБХ
34669.opus,К0 82ЕЮ9
34670.opus,КЬКХАЪ4Ы
34671.opus,Х1Т60С1
34672.opus,К7ГЫДМЮ
34673.opus,ЯШВАП#
34674.opus,ЦЖРОРНКДИШЧ
34675.opus,ЬДТЗЦТ7Ы
34676.opus,БКФ48 7 Ы
34677.opus,ЪФ1МЫП5
34678.opus,УУ 1ЬБ
34679.opus,3 3Й9ЫЗ
34680.opus,3Й2Н2
34681.opus,Я4ЩННЮ5В
34682.opus,1ЛОЦ#АШС
34683.opus,8БЛЯЯЗЛ
34684.opus,ЕФ7А4Ж ЬМ
34685.opus,0ЪЭЕРН4
34686.opus,ЩЬ4Ъ1ЗЗЕ
34687.opus,Г#И ЬНИ91Щ
34688.opus,ОЖД0Б7ЮЛЙ
34689.opus,РЪ0 ЙА9
34690.opus,ЗД АЭЭШОИТ
34691.opus,ЛЭТС#ХН57
34692.opus,ГШЮ УТ5 Ч
34693.opus,Щ 9Т1СЛЦ
34694.opus,ЗЦЗМ06
34695.opus,ФЫЕЯ05Я 1
34696.opus,СЩБ6ВВВЙ9Д
34697.opus,Я5ЕЧГЪ ВЛЭ
34698.opus,Я028Ш1
34699.opus,ЧЕЩРФ#ЧЫХТ
34700.opus,#50Б
34701.opus,БЩЧЪЮШХ
34702.opus,Х2#ЦЫГ
34703.opus,Г0КБ92Т
34704.opus,ЭУЖ3И3Щ
34705.opus,Ъ3ШР4Л
34706.opus,1ГЙМИФЧ7Н
34707.opus,НЬЯЗШТЫ0
34708.opus,ЗЮС6ЫЯЦ6 ХТДБ
34709.opus,БПУКАЬЭВ8Д
34710.opus,ТН8ЕЪ
34711.opus,85ОЫ2ЭЦ4
34712.opus,Г4ПБЦ3ЦИ
34713.opus,ДЦУЭЖЬИЛЛ
34714.opus, Ч3РЯЦБ
34715.opus,З15
34716.opus,8ЮЧ8ЬЙМ
34717.opus,Ю Я81
34718.opus,ЬЮЧ#9ЯТЬ
34719.opus,ЬИЧФ3Ф7Р
34720.opus, 63Ы
34721.opus,ЪД2ЗИЕЫБУА
34722.opus,ШН42ЦЫРВФ ЗА
34723.opus,9ЬЗ6Ф Ф45
34724.opus,УЛА2Ш
34725.opus,5ФТБПЧВАЛ0
34726.opus,2 Г#ШХ ОР
34727.opus,7БНЧ8И5Ц0АЯ
34728.opus,ЮЧЗ3М2СЩС
34729.opus,АО 9ЫКМВН3
34730.opus,ЯЛЙЗЬНС4
34731.opus,УЗ5ФЖХ
34732.opus,Ц3#Щ2ЧЦЖ
34733.opus,ШЕНХ 9АСМЭ
34734.opus,РЩП4#ТЕЯ9
34735.opus,6ХЦРРТРСР18
34736.opus,К2В1ОУ3БН
34737.opus,ВЙСЯЯФВЫЛ
34738.opus,ЭШ МЫГЪ
34739.opus,ФОЖ ЛЮ3Ф Ш
34740.opus,М ЗЙШЬЕГРВ8
34741.opus,ЛЫХ ФИ9ЕЕЯ9
34742.opus,5Ф ЬМ1РХЕ5
34743.opus,НПВКЯЛЮТТ4Ь
34744.opus,СЛЩИЧЫЧ
34745.opus,1Н7ЗЪЕЮЖЙ
34746.opus,8ЫМ7 95ХФ
34747.opus,УУ7ЯМУЫГК
34748.opus,ФЗ8З966НП
34749.opus,Е2ЭОБ4М6БТ3
34750.opus,36ЕБ31Ц
34751.opus,0З7 Е#0К
34752.opus, В4НВО Д
34753.opus,8ЖС5АВ053
34754.opus,ХЛМ76 Р ММ6ЬЗ
34755.opus,3ОЬ46Э39Ъ
34756.opus,П8  #НО 22Ц
34757.opus,97Й83Л4
34758.opus,9ШЩ ГСДЩЪ
34759.opus,1П5ЯЧТ5К
34760.opus,МН Й84ЫМБ
34761.opus,ЙНЖ34ЦРПЪ
34762.opus,ЭЯ ВБ9Щ
34763.opus,УФЬЕ4ЗЪУ2
34764.opus,0ЮИЫЙСИ
34765.opus,Ф ЛТЦ 0Ю1Б
34766.opus,ЗЬИЬЕЪЮ 5ЛЦ
34767.opus,5АЬЕУ06
34768.opus,ЗАУЗ  АЯЭ Ж
34769.opus,2КДМЖ6#ЙП
34770.opus,ВМ ЬРБ5У2
34771.opus,6 ЛЬДЦ69
34772.opus,ФН#У#ЪОВБ
34773.opus,ОИФРНЮАЮ
34774.opus,79У8ЧЬЬЛ
34775.opus,НЯ3КЗ ХЪ А
34776.opus, Ж3 ЫЙЮ
34777.opus,ЯЮЖ УФИТИФЮИЖ
34778.opus,ЪФШЭЭЯЦ1Ф
34779.opus,О9 5БД2
34780.opus,Ч ДО1ГЭХ
34781.opus,ЮЦ3КЕС
34782.opus,Я5#ЖДГС#
34783.opus,9О54Д0Ь2З
34784.opus,Ы8ПК3
34785.opus,ЭБ0УЩ25К
34786.opus,ЕХД8 ЮХЕЛ
34787.opus,С5#Х 1МЙ
34788.opus,ЬЬЕЙ#Щ8ЫФ
34789.opus,9#ЧЙ3Ы0Р
34790.opus,Ш360ИЛВ
34791.opus,ИБ9#ЩП7
34792.opus,М 8Г91
34793.opus,Щ3ТЬ3АЕЪ
34794.opus,ВР52ЩЩЫМ
34795.opus,ЕЪЯ7ХТЗ 9
34796.opus,ПРФ0ХИ117
34797.opus,5П3 
34798.opus,ТГЗ0АД9Ш
34799.opus,#Ю У3ЪЛЩ
34800.opus,6Й2ВВУШЛ
34801.opus,Ц12 ЗХ
34802.opus,4ЗЛМ ЖЭТО#
34803.opus,ТЫ8Н Ы2
34804.opus,ОЧ МЩНСЦПШК
34805.opus,ВГ7ЯЪЦ
34806.opus,2СЯНА2Ь
34807.opus,0КЛ ЬЛ#
34808.opus,ВФПЛК6Ж6Ч
34809.opus,БСОЪЭЪ2
34810.opus,8З8А39В
34811.opus,2Г7ЬЛ54
34812.opus,ЧХЭ ПЫФ
34813.opus,1СЪЗЩН
34814.opus,2БЬСЦЩООЪ
34815.opus,7ЪПВЗМВФ
34816.opus,Я5Ь#ХХЧШ
34817.opus,ЩРГЖС ЙЖ5ЯВ
34818.opus,0З5ШЩСЛИГ
34819.opus,ЪС5Д#Т#Ю
34820.opus,УЛЭ ПХПФ
34821.opus,У7ФЬТБЗ0
34822.opus,76ЛАН234
34823.opus,ЪТ0ЖЫМ77З
34824.opus,ЩЧБФ2#Э
34825.opus,ЮЙИ5ПЬЭ Ф
34826.opus,2ОЮС3МУ7
34827.opus,ЗСЫД ЙЩЭЛ
34828.opus,Ш ОЪ63
34829.opus,Ь7ЭЦ2ЖФЮ
34830.opus,ПР5ФК6586
34831.opus,71ЦЗИФПББ
34832.opus,К68ЧЦИЕ 
34833.opus,ОННУСИ82ВА
34834.opus,З231ЪБШБ
34835.opus,ПУ#ЮГЩЛ
34836.opus,КЙГ53 Х 3
34837.opus,Э9Ц49СМ
34838.opus,1Д2Е3ФЭ
34839.opus,ФРМШЩСР
34840.opus,8ЭЬ ТЯЮЮ2
34841.opus,6И И9С5ЬЛСА
34842.opus,Щ МЯЬ1ГД7
34843.opus,И4ВР8И1
34844.opus,Э3Р2СЬЛС8
34845.opus,Ч МЧОЧ
34846.opus,ЧМВШ 
34847.opus,ООНН6ЗЪ#Х
34848.opus,80149ПО
34849.opus,Р1ЫЛУЛ К
34850.opus,КНИЛС2ОЖЫ
34851.opus,АЮЖНЬЯЮЩЫХ
34852.opus,ХЦЕ1УХНФМЬ
34853.opus,92БЩОБ
34854.opus,ШЯХР ЬИЗИЭ50
34855.opus,8 ЗЦПШЧН
34856.opus,ХЧ6У4 5МЛП
34857.opus,ТЧРСРРЮЙК
34858.opus,ЕЙДЖВЪ1 ВЦ
34859.opus,УЩПРМ2ВМ5
34860.opus,ПЖА1Е  А
34861.opus,Ш4БТЗЫ6У
34862.opus,САЕЪГ8УЪПТ
34863.opus,СД6НБ#ФЬ К
34864.opus,СЦГ842 
34865.opus,ШБ3Ф7А
34866.opus,ЯЦНУФЭ9#0
34867.opus,АЧ 9БСЭШ9
34868.opus,ЧХ3Г553РВ
34869.opus,ЦЕРЮРЪ#
34870.opus,Ы ПЭ0ЩИН41
34871.opus,Э8НЦГП
34872.opus,ЖВНМЭШДХ
34873.opus,ЛЛ2ЪЭУ
34874.opus,Ш5ФШО5Ы
34875.opus,Й83Н#
34876.opus,3 АПЛЕ 0УЮ
34877.opus,С2РЮЯЪЫЮ1
34878.opus,ЛЧШЛХ5Ш
34879.opus,ЭХ15ВЬКК
34880.opus,ЦТЙ ИЯГЧЙ
34881.opus,4ЮХС  6Я
34882.opus,УЪ ЧШУ6Ъ
34883.opus,7ДТУСХ3ЩЫЯ
34884.opus,Д7КУ#ШНХЛ
34885.opus,ЗС42#Е
34886.opus,Е0ЭМ МГЛ
34887.opus,СФЭЦ960Ю
34888.opus,Ь9ЖЛФ7
34889.opus,Р5ОЩСБ Й 5У#
34890.opus,ХЦЮЗТММЪЯ
34891.opus,ЧОУХН60ПС
34892.opus,И2РЬ050З
34893.opus,УМ1ШМЖБР
34894.opus,ЫЛОЬН5
34895.opus,ЯЧ#РГПХЦЯ
34896.opus,ЮО7ДЭЮ
34897.opus,Г5Ц ХЭБЧЯ
34898.opus,ДФМЫ 7Ш1ТХ4
34899.opus,ШГИСПШ 0
34900.opus,854БМДЖ5Ю7
34901.opus, ВГО6
34902.opus,7ЮШЩ5АА5
34903.opus,ЬЮЪЧ5Щ1
34904.opus,МЬНСХФЩЫФБ
34905.opus,А4ЦБЪОЦК
34906.opus,Ш3ЭЦТЕЗЮУ
34907.opus,ЧМХ0ФЕ 4Ф
34908.opus,ДРМЖЯРВШВЭУНИ
34909.opus,П5И7ИЯАП
34910.opus,Д7ФС4КЫЙ
34911.opus,ММВС2РП
34912.opus,ЭЭЮ93ЯУ7
34913.opus,У0 УЩАЦВ
34914.opus,ЯД7ВКЩАГИ
34915.opus,СИЖ #8ЮЦ0
34916.opus,КЫЪСС Р5Ч
34917.opus,ШАЙЮЕШКЙН
34918.opus,СН ДЕШИА4
34919.opus,Д4У2Ш8
34920.opus,ЭЕ3ШГФЯЧУУ
34921.opus,0 ХСМЙ#7Е4
34922.opus,27Ы00Ф
34923.opus,7РБ9ЬЙ3 Ф
34924.opus,ГЪ3УБЙЭ4Э
34925.opus,ККТ323
34926.opus,0Л0#ХСЯЭ
34927.opus,4#У#ТЭ1
34928.opus,17МЮ ГФБУТН
34929.opus,ЮФФ ППЭ5У
34930.opus,Ц1ИД 3УИ5Х
34931.opus,Ч98ИЭ
34932.opus,7Б3МЬАЗСА
34933.opus,5 7БЭПОЙДНЮ
34934.opus,Э0ЙТ7Ф
34935.opus,АЖД#О1Ь
34936.opus,СШ22
34937.opus,ГЦЦЛВ5ЕКТ
34938.opus,2ЛФЦП69
34939.opus,ХС ОХЯ4ЩС
34940.opus,ЧВОБТ7ЕЦ
34941.opus,4ЙИРН41У
34942.opus,П3В5#ЕЛВ3
34943.opus,ЧЪЧЛМРОЕ
34944.opus,ЗМ79У8
34945.opus,47ХА3ИГЛД
34946.opus,1ЪМ5ЕФБЩ
34947.opus,2ЧЬЬЮХ
34948.opus,43ШНЬЯП
34949.opus,2Р4ЙЭМ
34950.opus,С5Ш6 С
34951.opus,ГГЯЮДЧЕ2
34952.opus,ЙЫЖФШ6
34953.opus,1КОТ8К
34954.opus,3З7ЪЯ А7
34955.opus,ЭЮОРГС Л
34956.opus,0НН ДИЕХЮГЛ
34957.opus,Ъ6ЙЯВ8ЫГИ
34958.opus,К# ШС#Г
34959.opus,РХ1ОР4ФХ
34960.opus,Р1#9МЯЕГ
34961.opus,Ы1Ч Э#
34962.opus,2Щ ИЭ 
34963.opus,ЬВД1ЧНЗ Ч
34964.opus,Э СНЙМФ
34965.opus,ККОГИЦККШВЕ
34966.opus,8ЭЬРС#МЮН
34967.opus,8СЧЗН1ЗЭЭН
34968.opus,ХГСФЦ
34969.opus,4ЛБЛ7МК3
34970.opus,УЯЮ2ЕЦ
34971.opus,Х6ЛЙХУПЦГИ
34972.opus,3ИЛЕЩЦЩ7
34973.opus,7ЩД УО2
34974.opus,9Щ9ТЫ5Г
34975.opus,8ЫШОЫК0Д#
34976.opus,ЧЫИ 4ЫГ5Щ
34977.opus,1ЪЪЕЩЛЖШ
34978.opus,Ю1СТУЮ#
34979.opus,ЮНЫ7И1У
34980.opus,Ф7ЬЦ24БИШ
34981.opus,ЛМ 87ПС
34982.opus,ЦОЕБСГУ 8
34983.opus,ЭУК0АОДЮ
34984.opus,УАИА
34985.opus,7АРЮИ ЮМАЬ Ю МЬ Ю0Ь 
34986.opus,Ц Р 4ПК АР Ю ВАИ АЮММБ П УНЖАЬ
34987.opus,
34988.opus,Х
34989.opus,БКХЫ С2АЫ ЯЛЫ
34990.opus,У4ЬЦ4ЭАЦЙУУУ2ВУЯЦЦ
34991.opus,М
34992.opus,
34993.opus,
34994.opus,У МА
34995.opus,Ф
34996.opus,Р3Р4АЬУУА
34997.opus,Х РЯ
34998.opus,ЕРЛХ6ХРАЛЬАИФЭ54А
34999.opus,4Х4 7 3АЯ УЮ ЭЛЮАП ФРЦЛС Ю
35000.opus,ЕЕЕ УЫ
