id,message
30001.opus,ЯЮ6ЛИТЖБШ
30002.opus,КЩ В9Ю 9
30003.opus,Ы65Ф61Я
30004.opus,ЖЖНЖ9РЫНЦ3
30005.opus,Е4Ф4ЮЧЬ
30006.opus,134ДАРПРНЗА
30007.opus,ЧДЩЖГ 3Й4
30008.opus,НЖХ18#ЭЯ5П
30009.opus,47Ф5ИОЗЗ
30010.opus,Т6Л ВСШ464
30011.opus,7А ВОЧПЗ
30012.opus,9Ъ6РИС7 ЧН
30013.opus,5У8 Я6НЧ
30014.opus,ЗЖ#Ф5#3 К
30015.opus,4Ф1ЩР03ЬЦ
30016.opus,2РБЦМ8НШ
30017.opus,6К ФЧ#4ЖН
30018.opus,ТЪР45УКЩТ
30019.opus,БГ2ЬКГЪВ
30020.opus,ХСЛТАЗЭЮВ5А
30021.opus,5Ц7Д #Ч2
30022.opus,Г8ЮТШВО
30023.opus,Ь МЧФ8ФЗБ8
30024.opus,К9ЙПТ0#РБ
30025.opus,0ФР48ЕШ
30026.opus,ЮХ7ЗШЪМ3КС
30027.opus,ЬЗУЩБСЖМА7Ф
30028.opus,ЙВ5ПВЕЯЛ ЙЩ
30029.opus,ЮНА84ЭЖ
30030.opus,Ы0З7ЮЗ
30031.opus,В5ГРЧ1Т1
30032.opus,Ф2ЯГЗК2Е4Г
30033.opus,ООИЭЫ66Й2
30034.opus,АК67ЫИБ76
30035.opus,ФТ3 ГМБЫД
30036.opus,ЙШБЯЗБ
30037.opus,ЫЫЪ БХУ4БЙ
30038.opus,ЗЪХБ Щ1ЗВ
30039.opus,ЙЬХПЪЪ
30040.opus,ООЕЪОЮЩ
30041.opus,ЪЙ6ЪПАЗЛ4
30042.opus,ОЦЗ74ЫН
30043.opus,ЕВПГРБ8У3ФН
30044.opus,С2А9Т0Г6СЧ
30045.opus,М ЪЪЦ9#6
30046.opus,7ТЬГЫБ02
30047.opus,ЧЯУЙ2ЖДТ
30048.opus,ИД ЧЕВ КМШИГХ
30049.opus,ЙЦ4О2ПАХП
30050.opus,#ЪРФ#Ц К
30051.opus,А  5ЪК1СЮ
30052.opus,ХЯШУ ЮЧ1 ЕЗ
30053.opus,ПЧРС3 4Д38
30054.opus,ГЭ07ЩА ИПРЯ
30055.opus,7ЖЗДЯ8ЮГ
30056.opus,ОЭРВПЪШЦО
30057.opus,73ХД4Ы3Ч
30058.opus,ВЦ5#ХЛ3МА
30059.opus,4АЕЩПЭ Х4ЖЯ
30060.opus,И2КЮ932Ъ
30061.opus,РОЬ#П#СГ
30062.opus,69ВЕЭЕЩЮ3
30063.opus,ШЩЕОШЕ3Ч
30064.opus,#ТАШИ8
30065.opus,ЦЯШЯ1 Ь2
30066.opus,ЦЪ4Ч9Щ5Ф
30067.opus,ПЦ4НПСЯ7
30068.opus,8СВ#ТЧ4 ЗШ
30069.opus,Ю911ЦЩАТ
30070.opus,ЛИЩГТ 761
30071.opus,1ИМ56Т7Б6
30072.opus,6ФК0РОФЗ
30073.opus,2Б9ЙЖЙ
30074.opus,ТЪНЮКДР4 4Э
30075.opus,Э#74ЛБТЧ7
30076.opus,ЗЕЩ 5АЛ Ф
30077.opus,ЖН#700МТ
30078.opus,ЦЕ3МКЭВЛ4
30079.opus,ИТЖУ5 ЦУ08
30080.opus,У8ОЗХЙХ0КТЖ
30081.opus,ПП2РЕ9ГШЩЮ
30082.opus,ЭФК О71ЧА
30083.opus,ЭСПШЕЛФ9ХШ
30084.opus,ЙЬЭЬЧ#ЙЦ
30085.opus,ГУ43ИЧД6ЫЫ
30086.opus,ЙЛПЧНГОР9
30087.opus,П0ЛМЙС
30088.opus,Ч 7ТВБЛ49
30089.opus,НЧР07СЪ
30090.opus,ЧЩГЖЫЪЯ П Г
30091.opus,4ТЛ КФЯ#9Ш
30092.opus,И АЮВГЩ#ХЕ
30093.opus,9ГАКН7ЮГЭ
30094.opus,С ЬЦ С Л#Б
30095.opus,АЪШ Ф2
30096.opus,М75В0З7
30097.opus,РЧОХС3Ц83
30098.opus,8ЛАЩО2ЧЦ
30099.opus,ПКР93ЛЫ#
30100.opus,32ЫЮ 5Л
30101.opus,РЮЙЯЬГ7ЫН
30102.opus,ХФ Ы Ф 85ЫР
30103.opus,ФЦТ ###
30104.opus,Ч5РЕЙЭЯ
30105.opus,5ЭА07Ь 0Б5И
30106.opus,#ИС76ЦЦЦА
30107.opus,7МЛ2ОЙМЩ3
30108.opus,9ГХ63Б5УА
30109.opus,75ИСЦЕН КДУЛ
30110.opus,0 0 АЩ60
30111.opus,Ж6ЙЬ#3 7ЙН
30112.opus,Ы7ЭЕЬЩУ9ГЩП
30113.opus,Ъ9ЧЩХЖ
30114.opus,ЭЛЗ9МЙК7
30115.opus,УА0ЮКЛЯ25
30116.opus,4ИЗ#С УРАЧ
30117.opus,87ОИ# 93Й
30118.opus,Х86ХЫНПА
30119.opus,Д2Л4МЙ 16
30120.opus,#7ЬЪЛС2
30121.opus,Ъ56ВБСЭ2
30122.opus,КОЫГХИ#В
30123.opus,Ч АЬЖ8 9Ю1
30124.opus,108ДПВГП
30125.opus,ФЖХБ4ЩМ
30126.opus,МЮФД807
30127.opus,ЖНЦЩЖ3ЧД9
30128.opus,67ВС5Ф2АЛИ3
30129.opus,М0ЯЬЗ3ГЗ
30130.opus,ЦКЕУШ3ЮЬ
30131.opus,ЛФФУТО5Щ8
30132.opus,ПВЦР6Т5ТС
30133.opus,ВЮ0ГХ2Р
30134.opus,ЪШСТЙ ЗИ5Р
30135.opus,СШ3ХАЦМАКР
30136.opus,Ж4ТПЦЯЦБ
30137.opus,БВЯЕОЛЮ Р0
30138.opus,ЪН6Н28Х
30139.opus,49Н7 77
30140.opus,Ы Ь6ЕВ 5Ш
30141.opus,Б7Т9ЬЯЪ
30142.opus,0Н9ЕФИЫ#С
30143.opus,75ПОПЪ7Т6
30144.opus,Э ЗФЦИ К4 ФЖ
30145.opus,3МТД3ЯЧДД
30146.opus,АЖЫХЛ3ЙН6ИУЫ
30147.opus,ТЬЯИЩГ ЧЩ
30148.opus,7ЮЛЙЮ3#А
30149.opus,Ч Ь6ЕБВПГНУ
30150.opus,СОШ036ЛБ4П
30151.opus,ВПТЗ4Ч З
30152.opus,#И9 БЦЕО Е1
30153.opus,45З01З9
30154.opus,0НЭБЩ ОН7
30155.opus,КБИ6ГЕДШЪЖЕ
30156.opus,КЬЛ#88ОАЕ
30157.opus,Е8ЕМЪ1ДЭДФ
30158.opus,ППЪ9АЗЛЪ
30159.opus,685К1А5А
30160.opus,З ЯЕ3РГ0 УГ
30161.opus,#31ЕУ 4Ъ
30162.opus,8Ъ8ДЫЮЮ
30163.opus,Е7СРКЮ8
30164.opus,3ЩЮ 5ЛГ6НМ
30165.opus,ЕНЪЬГ 4НИ7ЫК
30166.opus,А4БЪФ4З6
30167.opus,90НСЗФЛШ
30168.opus,БЛМ#Ы3МГЪ
30169.opus,ЛА8ЪОФ1
30170.opus,ЪОЙЬКСПД
30171.opus,Я#0ЩЭ#РЫ
30172.opus,0З Д Ж6Ч57
30173.opus,77ГО0ЕЭ
30174.opus,ЩШЪЛ4ВШ6
30175.opus,Й1Н1Ъ2ВО
30176.opus,ФП8П2Г8А
30177.opus,Ш ЪШ3Е ЕПЭ
30178.opus,НЫ2ВА1ПТДЦ
30179.opus,7ЧФ 9Б4#Т
30180.opus,2Ъ9ЙЩЪО
30181.opus,ЙЫЙТ65АЪ
30182.opus,ЦВМЬ1ЭР9Т
30183.opus,НП5Ъ270В
30184.opus,Е883ЧЖ1
30185.opus,ТЗБЖНЬ Ч4ЕЗШ
30186.opus,Б92 0ЭЭ
30187.opus,9ДНИЕЯЬДЖГ
30188.opus,УЯТ1УРАЯ
30189.opus,Ш4ЪЫЗ3Ь
30190.opus,ТМ ЬСИЬВ Л7З
30191.opus,ЛИЖЮКПМШ4Е1ТЕ
30192.opus,ЮР ОСЮДЕ5ЗТ5Х
30193.opus,КЭГ6ЧЕНБ7А
30194.opus,ИЩ2З88ПНЕХ2
30195.opus,5ЖЯ5Щ6Я
30196.opus,ГПЩРЬ#4МЖ
30197.opus,Е3ШЪ Т5Ч4
30198.opus,ЕРЭ#ЙКПЙДЮ
30199.opus,##3ГЯЫ
30200.opus,4Я7МЕПАУЕ Я3
30201.opus,82ТОТ13Я
30202.opus,4ЫА3ШМОРТ
30203.opus,КХ7Д ГСРФП8
30204.opus,НТ0 2ШЧ 9Ж
30205.opus,СК2Я3ИЯ
30206.opus,Р3ГЯ ЬСХ06ЬМ
30207.opus,ТЗЮ9ЙЙПЫК
30208.opus,АЗНЗО4Л4Т
30209.opus,Ъ5УДЛС#Й
30210.opus,БЕИЖНЫ71ВУА
30211.opus,Г92Ф ДЮКЮ
30212.opus,ХХ5993Ъ
30213.opus,#Р7ЮМФБ
30214.opus,Ш 8МЛ2ГС
30215.opus,Ф 1ФСКЛ0
30216.opus,ЫЯШЗУЪ
30217.opus,1ЭЕ225ЩТ
30218.opus,К#66ЬЖЦЫ
30219.opus,Ч#ЮЧ46ЫУ
30220.opus,4Н ЪЫК
30221.opus,ОСАЖВ 8ЧВ
30222.opus,ТКЮ0 ВГЕ
30223.opus,4#08ЗЦ
30224.opus,74КЪЯ16
30225.opus,АЬЮ4Ж3#
30226.opus,3ФЙТМТОЯЧ
30227.opus,Н97ШЩ7А3
30228.opus,ЮГ0ЖАО6Э
30229.opus,ЧЩ7ЧЩ4ИЫ
30230.opus,62Д О8СЧ
30231.opus,3 Ч6З1 Ъ
30232.opus,Щ1У4ВХОФГ
30233.opus,ЪИЭ45КЙЧ
30234.opus,2ТЯЦ33СЧ
30235.opus,ЬГИМРГЭ6
30236.opus,ЧГЪЮ ФК1Я
30237.opus,ТЗ6БТЮНУПО
30238.opus,ОЮ4М1ЙДДИ
30239.opus,5Щ#Б6ВФЪУ
30240.opus,ЙЩДФ2#8ЦР
30241.opus,КД ГЖС9С1
30242.opus,9ЧЪЖЖНА Т
30243.opus,3НЫ ЪЩБОВ
30244.opus,ТЬ6И3 ЦВ0
30245.opus,ЕБЛ6ХЩК8
30246.opus,ЭЧЬХ9ЬСУЮ
30247.opus,69ПД ЖПВЖЦГ
30248.opus,О7995Ж#46
30249.opus,БРОФЙ#3
30250.opus,Э86Ч6Щ6Ф1
30251.opus,ЙЛУСЩЙЯЫС
30252.opus,3 Х 79МЕВ Г35
30253.opus,#ЧЕЫ52Е9
30254.opus,Х5 Д8З87Х
30255.opus,УТ1Я7Т2Я И
30256.opus,ЭВ25 ЭЯ0
30257.opus,Б78#0ЭАА
30258.opus,СС2ЦЯЯ01
30259.opus,ЪГГЪЖ6
30260.opus,ФФИИ 9ЛПВ3Ь
30261.opus,3ЩПЖ57Ъ
30262.opus,Ы ЭСЬД Ш
30263.opus,ФЗ8Ц5Н1ИЦР
30264.opus,0ТФРЛЩЭ6Ю7
30265.opus,УИСЮ4О0Т
30266.opus,ЫЪЦ9Г4ЮТ
30267.opus,ДУЖГ ЪВ2Н88
30268.opus,ЭШ53Б 5ВПХ
30269.opus,8ЧЩДЙИХЮ9
30270.opus,ЩЧЬ1П
30271.opus,0ЫЪЩ#
30272.opus,0А9Й8ЭЭ
30273.opus,2ЧЧЙРОЙ Й
30274.opus,БУ5В#ТКТЦНМ5
30275.opus,Е0ПУ36ШО
30276.opus,М038У8
30277.opus,8В Г6ЩК6И
30278.opus,2 2ЙЬ#ИУ
30279.opus,ФУ0#1СЗРЙГ#
30280.opus,0ПА2ДЫЩ
30281.opus,ЙЖ6826ЩВС
30282.opus,Ж9Щ0Ъ
30283.opus,Ь8Ь5ГВ
30284.opus,ПЧММ3Р3ЯЪ
30285.opus,ВО468Я
30286.opus,ФЪЙ8#ЭПД4
30287.opus,ЕЕИЩЩ Д2МВ
30288.opus,Л9Л6УД7С6
30289.opus,78Й6 СО2
30290.opus,40ЬАЪПНСТ
30291.opus,РНМЪЫЧЖЩ
30292.opus,ИЧФО1НЕОЬ
30293.opus,1Ю3НЭГ РЮ
30294.opus,УФЖЭСЙР ЦЭ
30295.opus,ЛХЛЗ5ПАДМДУ
30296.opus,ЯЖЕ#Й2ЕЮ УЕ4В
30297.opus,ЯТШЭ8НРСЭ 2
30298.opus,Ь96ФАЬЬХР
30299.opus,М ЮВФЫФРПА
30300.opus,ЛЙЯС76 ЧЦ
30301.opus,Р88ЙСЗО
30302.opus,9Ю#761
30303.opus,6П7КХЗС5
30304.opus,ЭЙДВЧЬВВ
30305.opus,СЖЦЩ1Ш6С
30306.opus,ЦНХТ7ГОГУМЗ
30307.opus,ПНЖ65ФЫЩБ
30308.opus,Т# МЬП8ПЙН5
30309.opus,ЖШЕЧШАЩВ
30310.opus,ТЩВУТ7Х2Л
30311.opus,46ВНФЪУИ4#Л
30312.opus,ОЙЕЛ3ЧРЦ
30313.opus,ЯПА9 ЧИ2
30314.opus,ЧБЦЗ11ДЯЪ
30315.opus,ВЪДНЬЫЯ
30316.opus,Б0ЬН МК
30317.opus,АЩРЭТ5ЬБ Ф4Ы
30318.opus,0ЗЬ5ЧБЮНБЦ
30319.opus,СГЗШМ0ЮЭ
30320.opus,ЗЛХО#ШЮ
30321.opus,851К6ЩТ#9
30322.opus,РН ЮЮВВК
30323.opus,К6ЪЧ3ГШ
30324.opus,В0ЖИКРЗ6И
30325.opus,Я04СНЯ8А6
30326.opus,МДУДЧАУЬСВ
30327.opus,ХЕАВМВЫЗ33ЛЕ
30328.opus,З К#5ЩВБ #
30329.opus,40З6Ж7#
30330.opus,ВТЦЩЛДЖЭГ5Я
30331.opus,ЕЕЖЬХКЛ ОЫ
30332.opus,#ДЫЕЦШ1КЧ
30333.opus,СЪШСЭЙЧА7
30334.opus,200БЪЭЯЗЫ
30335.opus,ЬШРКВЫ6Ь
30336.opus,ФБЯ 1ЙЧЪ
30337.opus,5ЯЦ4Л0Н
30338.opus,ЬУ Э5 ДР ЭП
30339.opus,ПЯЦ КО2
30340.opus,8ЗДЦ62ЦТГИ
30341.opus,ЫЗ А#ГЮШМ
30342.opus,ВМЛОМ0 Л1
30343.opus,ЮПТПЩ1ЫХ
30344.opus,ЬЫШ6ГМУ6
30345.opus,Ф8РЯЬГ5ДЯТ
30346.opus,НЕХРВВ7#
30347.opus,ДХ#ДВ1Ц2
30348.opus,1МУ7ЕЬО ХИ
30349.opus,УЛХ38Ф4АКССА
30350.opus,Й8Г 3ЭИНЪ
30351.opus,ЯЧШЖЬТ
30352.opus,Л5ФЭ ЦЯА Д
30353.opus,Й 9СК28Э
30354.opus,ЧФ8М#П
30355.opus,Ф#ЪЗЭСА
30356.opus,87ВЖХ ЦБ
30357.opus,3Ъ7Б81ШХ
30358.opus,Ф Р3ЧЯХКП
30359.opus,И ЧЯ Ы6#ДЛ
30360.opus,ЛКРЯ#КТ Л
30361.opus,ЖЕЗ27Щ 8
30362.opus,М0ХЛИ #ДМ
30363.opus,Р37Ц9Р 56
30364.opus,22Э9Ъ3Я
30365.opus,1ЛЧОЭЭПХЗ
30366.opus,И И4 17Ш
30367.opus,ЦЯЙИИ1Х 77Р
30368.opus,ЕГ МИ1 58#Э
30369.opus,9ШЯ0ЫКХНД
30370.opus,ДШ ШЗЬЭП
30371.opus,З3#ЗЛ60#
30372.opus,ФД2ФМО88
30373.opus,МТЯЦ8Г0
30374.opus,Щ#Ф ФКМКП
30375.opus,О#2 ДГГЩОН
30376.opus,11Х ЪИ6Ч
30377.opus,ЯЯОКЙСРНЪ
30378.opus,ОР3АЭЭЗЦ
30379.opus,ЭППЩЦКХЛ
30380.opus,7ЭГБАН БХХФФ
30381.opus,3Ф00ЬВ5
30382.opus,ЭФЪОЫЯАУ8
30383.opus,4НЬ 5ПУ6А
30384.opus,А2Ц800
30385.opus,СПШ37О8
30386.opus,З#7БЙЖС
30387.opus,ЦЙ5ЩНЕЭВГХХ
30388.opus,Ч2ТК5#Ь7ЖПБ
30389.opus,ОЛХ 9Ф ХЩЦЬ
30390.opus,ПФЮШМХЖ0
30391.opus,Н8КП1КЬ2
30392.opus,Ц##7 #
30393.opus,Т НА0Ь8ЧР#
30394.opus,5 НС#5Ь2
30395.opus,У414#Щ3
30396.opus,ЙРЕГ4#Х
30397.opus,Ю58ЪБ5ЦВ
30398.opus,3РННЗЖФЗЮ
30399.opus,ШКЖФ#ЖМЮЦЖ
30400.opus,ЮЯЪЬИЕЮ1Г
30401.opus,ОФХКМФДЪЪРФ9
30402.opus,ЩЗГРГ6И
30403.opus,ЦД2МЬЭ7ДР
30404.opus,#5ВОГМД2У
30405.opus,ЪАЯБОЮ33
30406.opus,НВСБ9Я ТЭ
30407.opus,ВИ5РЛЪЕВ0
30408.opus,ЬЕНФФФЯЗЙЭАД
30409.opus,6 ЪВСЯШТ0ДШ
30410.opus,ПЭЙ9ИО1ПТ
30411.opus,9ЫР6 Ь ШТ
30412.opus,ЬЮАЪК ЛОХЦ
30413.opus,0Р2ПАРП
30414.opus,55#ВСГШУ
30415.opus,ШДЛДП09ТЪ
30416.opus,ОБЭЧЦЯ#40
30417.opus,#БНШЭ8 ЯЧАК
30418.opus,З8ЛЩЪЦЛ4Ж#
30419.opus,ЛЮЕМНФ63
30420.opus,КШПП#ЖДЗЩ
30421.opus,58#АХ1УТТ
30422.opus,ХХТКЪ2Ь#
30423.opus,7РЯЬ66ИЫЗ
30424.opus,ЖФ6ЬЦШМЭЖН
30425.opus,0ОПШЕЭ3К
30426.opus,ВНЗЪ3 #Н Г
30427.opus,ЬЦЖМСУ#С МБ
30428.opus,61Т3ЭЬМЖЩИ
30429.opus,9ГЬЦВСП2
30430.opus,Ы8АГЧГИ К
30431.opus,80В5ЧЧ
30432.opus,4746НУБУЛ
30433.opus,ЮШЬИ В03УГЩ
30434.opus,0ШФЦИЪНЗ
30435.opus,3ЗСХКРХАЦ
30436.opus,ШСЧДПЩО6ЫУ
30437.opus,4ЪЩЛПШ
30438.opus,ДЦБЦЖК4ЩЛ
30439.opus,5ЬЪЦЛДЫЦФЛ
30440.opus,2ЯФ МЖАЧ Щ
30441.opus,0Щ53ФТЭ Ф
30442.opus,МКСГЕБКЗЖЖТ3
30443.opus,ШЛЮ П298
30444.opus,ПЖ986 ЖК3
30445.opus,ФЦ 94ФЩ
30446.opus,ЩОЭЪЩФЩР
30447.opus,596ЯЮЮД
30448.opus,ЮППКЖШУ6
30449.opus,ЦГЯМДРКПР6
30450.opus,ТФХ ШЙЪС
30451.opus,4РЦВ1Ф#Ш
30452.opus,ОНБКБ5ГШЮ
30453.opus,Ь31ЦЕАЩ0
30454.opus,ЩРТ ДСББ0Ю
30455.opus,49Й9ККЩ
30456.opus,СЧШЫЕК3ЗД
30457.opus,ДХЧМВБЪЛХ 4
30458.opus,ЩЦЮЕБО12
30459.opus,Б4М74Ф7Р1
30460.opus,4УПЭЗЛЭХБЕД
30461.opus,ГГБЕЯЖШМЦ
30462.opus,0КДФШЛЛ
30463.opus,ШЭГ37 0Б4
30464.opus,Ц ЩЖ0МЬ7
30465.opus,9КВ2ЬЮШ
30466.opus,88ГЗГГАЦЗ
30467.opus,92Б1 ЙН8
30468.opus,ЪБЯЦФО #И
30469.opus,ФЪКП8Й2Я Ь
30470.opus,Э 8ФЯС6 А1Д#
30471.opus,ДШЙ 3ЮЛ5
30472.opus,ЖОЯБ6ЖПИП
30473.opus,ФЯМТН8Х#
30474.opus,7ПЩУЗ# СД
30475.opus,#У3ЪТЦ У
30476.opus,ЮЪ8КН9Е1
30477.opus,БЖ10ЦУБЬ
30478.opus,ЪЕФ ЙЙБЧИ
30479.opus,ЛОБ3Ц2Ш
30480.opus,#БЗМЧЗЙ66
30481.opus,П 0 ЩЬХЭК2
30482.opus,Н89ЧИТ1ЕЛ
30483.opus,3#ЯВО 6П
30484.opus,Ч9Н#ИПНР
30485.opus,З0ЪДЧИ3
30486.opus,БЧК7НПЬ7
30487.opus,ЗБЩО ЦЭА
30488.opus,РЩ ЕБ2ВЖР
30489.opus,М6СБЗ34 ЗЗХШ
30490.opus,БШЗАЭЩУЫК
30491.opus,МРПФ212ИЮГБК
30492.opus,РЦХП Ь9ЙК
30493.opus,Э3ОЙОШИЛШ
30494.opus,ФФЭЬ5 5ЫХФ
30495.opus,ЖКБЦ#Ы4У
30496.opus,ЦНРЩП1КС
30497.opus,ТВТД 6ФАОАТ3
30498.opus,ЬАГЛД10
30499.opus,3Х52Ц5 1ЦЩ
30500.opus,7ЗСКЭЙЦЖ5
30501.opus,З8БЗСЪФЬ
30502.opus,3Х5ОЛ9УЧ
30503.opus,Г6СРХ5ЬР
30504.opus,ОУЦ 2ВШЕЪ
30505.opus,ЮМП3Я Б5
30506.opus,ШЫ1ДХЮЖВ
30507.opus,МВЕКОЯЫДДМЦБ
30508.opus,ЗКХШШАЯЦЮК
30509.opus,ФЪ8Б 64З8
30510.opus,ЭН1 Б2ЫЬР
30511.opus,6К5ТШЕЦ
30512.opus,У5У1810
30513.opus,ЖГПЖОГЦПАЧ
30514.opus,Я ЫТВ45ИЭ2
30515.opus,ОКУТ ПИ#ИНОД
30516.opus,47Ш1 ЪЗЮ
30517.opus,П8ЦЮЧ8СФН
30518.opus,ЬЪЧКЩЕЗОЖ
30519.opus,ЩФЫХ6 МЬ
30520.opus,УТЦ10ЙЩ
30521.opus,2ФВ9Ц ГЖЮ
30522.opus,ЦД5ЫЬЧ7Х
30523.opus,Ц45#022
30524.opus,860ХЮЭСЙКИ
30525.opus,Н762ФБ Х5О
30526.opus,РЬЩЦ5ЩСИЬ
30527.opus,ИХЭГФ ЧЦ 8
30528.opus,ЛУЯЩИЧГК
30529.opus,4НРС03ЪЭЕИ
30530.opus,Ц#Ы2ВЫОФ
30531.opus,ШЕЯЛ ЖПБУ
30532.opus,ЯЭГС1 БПЙЪ
30533.opus,2Ъ#ЛДСГЛАЫ
30534.opus,ЦЖР Э1 74Ф
30535.opus,М6О0Т4ЯЗ
30536.opus,П5Ы8Ц6Й 2Ы
30537.opus,5ЮАНЮЗЯ2МК
30538.opus,У Ф4ЫСЙ3Б
30539.opus,НВУФЦВЫ
30540.opus,8УЬН965ЦЦ
30541.opus,ЪЧЫВММ6 Й
30542.opus,9ЙУКИЬ2ФФБ
30543.opus,ШФЮГКК17Н
30544.opus,6БЭЧКВ1
30545.opus,К36И КИ24Е Ш
30546.opus,И19ЫДЗШЯ2
30547.opus,4ЖЫЛ24А0
30548.opus,К19ШС97
30549.opus,5Щ3З6ЩС
30550.opus,ПКВЬГЗ#Б
30551.opus,2МА#ЫЪУ
30552.opus,М4КО 0 5
30553.opus,5ЩД#5#ПЯ
30554.opus,ЫЭ15ЭЩР
30555.opus,А5Л08СЕ6
30556.opus,ЮЖЬИУХЙХ4
30557.opus,#ЙИ ХЗ8ХЭЬ
30558.opus,СЪ5БЩШЯ
30559.opus,15ДИ3Н0ДД0
30560.opus,8АЕ# НЖ У
30561.opus,Ъ0ЙР7ЮОЫК
30562.opus,КАК46АБ
30563.opus,ЗЫШТЦП
30564.opus,СМ7РЛШММ9Г
30565.opus,Л8КЙНЮ4ЦЮ1
30566.opus,Ф1 7ССШД9Ю
30567.opus,ГЬ4ГЬ64Ш
30568.opus,ЪВ ЕЛЙ 9#И
30569.opus,18Г9УВХ
30570.opus,ТМ#ФП6П6Л
30571.opus,Д2 ЙЖ8Н И
30572.opus,00ФБП7
30573.opus,ОЮГ1СЮХ4
30574.opus,ДЖЩ7КА6#ЪВ
30575.opus,АИФО6ИВСХ8ЬРН
30576.opus,ЕЮИХСФМС3Х1ЙИ
30577.opus,2КЮ4Ц ПЫЧ
30578.opus,#2ЫПИДГ
30579.opus,ДВЪ262ЗЪ ЕЖ
30580.opus,ЖШЛЛКВ ВДЮ
30581.opus,Ю4П5ИЭЦ3Я7
30582.opus,ТДП8ХЭЙ
30583.opus,М Ъ04 ЗЦ
30584.opus,3Э94Ь КЮ
30585.opus,И ПГЦ Б Й
30586.opus,3 ЖА0АОС
30587.opus,Т6ЕХВ0ФЗИ
30588.opus,Р#Ы4М3
30589.opus,Ж#0ЧМЩ
30590.opus,У5ЗЮМТ УКБ9
30591.opus,СШ8ЧЙ
30592.opus,3КСЪЙУ7Щ
30593.opus,5П2БААФЫ
30594.opus,З ТХ 34Н39
30595.opus,Д#С М 8УХМЗ
30596.opus,ФКПЭЯЛ6СС
30597.opus,76П ЧГЛЛМ
30598.opus,ЩЫВЫОЮВЬ0
30599.opus,ЖЙСЙ4Д0Н
30600.opus,Г36#Н4Э
30601.opus,7М#ГК1Ф
30602.opus,1ЩЯЪБИЖ3ИБ
30603.opus,ЖЩБ6ЗЪ ЛЫЦ
30604.opus,ЦИФБМ#Т4Х
30605.opus,ЯБММИС6ЭБ
30606.opus,Д 5ХП8ТЮНАЦ
30607.opus,ОБЦПИЬЦ 7Х
30608.opus,9Л4И П ЛДИ
30609.opus,Ы4ШГ8ЫБЕФ
30610.opus,Э7ГЯЧ950Э
30611.opus,УП56ШЭМЧ#Я
30612.opus,ХФ2ЫКЯ8Ь
30613.opus,НГВУ6КХ
30614.opus,6НЫИТБ8ТГ
30615.opus,О 1ЩЗГ9
30616.opus,53М4ЛШ К3
30617.opus,Ы3КГУЕБ8В2
30618.opus,ЙЬЩЧИЦРГХ
30619.opus,ЭМ1 УЫИА1Ы
30620.opus,ШТОПЫНРК
30621.opus,ЫЩЯРЯКП5Р
30622.opus,В8Ж97ИЬЗ
30623.opus,Л3ШЛУ0Д
30624.opus,5ВС8ЧХ0 Е
30625.opus,ФОГБ 8##
30626.opus,Е5У689ХВ
30627.opus,Х3Й0ЯКЖХ
30628.opus,ООЯСН4З5
30629.opus,А4ЩЗЦЗ45ИС
30630.opus,ИЬН12ЫХ#Ы
30631.opus,МО#АЮЦЛРГ
30632.opus,КЗХЮЦТ О3
30633.opus,ВВКБЖЯФ6#
30634.opus,УЕЫ8# СЖ
30635.opus,ЛСЕЯ ИЪФП3 Й
30636.opus,ФУ3ЫЪЛ9Н#
30637.opus,ЗДЬЛГ1 К0Я
30638.opus,А0У8КХ3АР
30639.opus,5БЫ9СЯ9#
30640.opus,5ЛШЧ ВМ6 РГ
30641.opus,ОГ И0ЬЖ0
30642.opus,ПЦЛ6ЫЮ ПХ4
30643.opus,ООЮЫГ3К8
30644.opus,7 9ХФ27Р
30645.opus,ЦАКФ15БЭС3 Ф
30646.opus,З52КЩ2Б
30647.opus,ФЩ#ВМИЩК0
30648.opus,ЬИМТЗБ2УИО
30649.opus,ЧЛ9ЛМВРАХХ
30650.opus,#ПЖЕ7Э 63
30651.opus,А6ХМБЪШУЮ
30652.opus,ЦДЮЕЩВМ#
30653.opus,7ЫВ 0Х55
30654.opus,ЭТЛН0ЖХКИ
30655.opus,ГЪЩВЧЖЬЦЮ
30656.opus,О#У ЕГ 2
30657.opus,4МТР1МЦРФНРБ
30658.opus,УЙЯ8Ъ7
30659.opus,3УЧХФЛК6К5
30660.opus,Ь АЧ 4 ЯМ
30661.opus,СЩЫЦГ 9СЯ 4
30662.opus,ЯПУ ЩД 9И9
30663.opus,ХФМЫМЕШ А#
30664.opus,ШМЧЪВ8Ь
30665.opus,ХГ37И1ЦДЛ
30666.opus,АТЧ7 ЛЗСУ
30667.opus,И Ж21АМЙ1
30668.opus,Ц ЯЭЕД7Й#СЖ
30669.opus,22ЙБЙОП
30670.opus,652ЕКПДР0
30671.opus,Э21ФЙ1Ц
30672.opus,ЮУ ЙСЬНЪ2
30673.opus,ЛЦБЕФ0РТС
30674.opus,ЛАКУДАМЗ 76П7
30675.opus,ФЫ#ЬНЭСИМЙ
30676.opus,Х 3ЖС4Щ1Е#
30677.opus,У4ДУК7Ф0
30678.opus,ХЗН0Ф11Ж Щ
30679.opus,ЭЪ5УТЧФ97ЕАГ
30680.opus,ПЧЛ#ЖЫЬ
30681.opus,#Р2ЦЮГЛ
30682.opus,9ШМЦ70
30683.opus,РЗ4 4ШО6Ч
30684.opus,Я1ДХО6Г2#П
30685.opus,ЕЩГПП ЛЭЛК
30686.opus,ФЛД ЬЧНСП3Д
30687.opus,БЯТСЬ9А3
30688.opus,Ц7ЯХЧА9Д
30689.opus,ЭМИЛО#ХЧ
30690.opus,4ПМЭП2З
30691.opus,ВИХТМ72ОГХ
30692.opus,ЙЫСЩЗХУ
30693.opus,ХЗЦИОЕЩ8К8Ф
30694.opus,2ЮЦД26РЕЛ
30695.opus,М0ТВ6НИ2
30696.opus,СО814НЗМГ
30697.opus,9З37766
30698.opus,0ШЯИЧЕ8ЫЛШ
30699.opus,#7А9РД5Ш4
30700.opus,ПЫП ХГ2Т
30701.opus,ЧЛБЛЦ2#
30702.opus,Д1С047ЗД
30703.opus,В5Ф263ОЖГ
30704.opus,ЫРГ0ФЙФЕФ
30705.opus,80АЮЛЫВ
30706.opus,ЬТ6ВЮЗЧЧЖ
30707.opus,8ЫШФАЗ1
30708.opus,ЦЖЪИХ 6МС
30709.opus,СЗЬЧЪ
30710.opus,БШНС Ц 1 #
30711.opus,2ТЫ #ЫЪЙ3
30712.opus,АДРЗАЪ4УП#
30713.opus,45А28Ы
30714.opus,ИСТ5Б Ы9
30715.opus,П0ЬЙ# ССХ
30716.opus,ТН Э1ТС 42ОБ
30717.opus,ДЛЫГЬМФШВ
30718.opus,ЩЪ6НЗЕ7
30719.opus,НМ0 4ВЮ
30720.opus,Ф2ЪЧШРО Г
30721.opus,4Х8БФИЮ
30722.opus,Д ОЯШЬЮДЪ7
30723.opus,БСЧЬКХЧЙЦ
30724.opus,М6ЕБГЙ554
30725.opus,Ъ#РЙ4МЬЮ Е
30726.opus,УХЗ1ЦЧТ75З
30727.opus,3 Ь2МА6
30728.opus,ХЮЭФЦГД8
30729.opus,Ж К8АВБВА
30730.opus,ХЙМЖЗМ
30731.opus,14Ы 4405Ч
30732.opus,БИ8ЮЪГП6
30733.opus,0Б913Ю
30734.opus,ЮЕНО4ЭЛТЕФ
30735.opus,9ВДЯЙЩЗН
30736.opus,ЕБЕЙФ М4ЖХЖ
30737.opus,3ЯА2ЭЩЧШЙ
30738.opus,8Ф4ФЭ91
30739.opus,33Ы З153Ы
30740.opus,4ЖЗ2ЖЦ3
30741.opus,ЙЛ7ЦЩАЖЮ
30742.opus,ЛР2Ц1ЕНЬР
30743.opus,ЖУРРЕ5Ф ОБР45Е
30744.opus,БАЗКЬГЦЕИ7
30745.opus,З8ДЗЬЬЖС
30746.opus,МЧШФЬ02Г
30747.opus,К4ЕБ ТПЙД
30748.opus,ЬН П4Ч4 АЪ
30749.opus,БЫШГФХЫЛС
30750.opus,ЖЖШТГЧЙ3
30751.opus,0Ц6ЖЕЬП
30752.opus,А12МРХВЛ9
30753.opus,Д5КЧХ #У
30754.opus,УОАЖУ 1 ЖДМЯ
30755.opus,735П4М
30756.opus,ЗЯК9НЮП
30757.opus,ЖЦ#РЪФ7
30758.opus,#1УНЧ
30759.opus,4ЗР6ДБММДВ
30760.opus,Э6 Ь3ЮЖС
30761.opus,ЩЪЩАЙНРЗ2
30762.opus,ЩЬ085ИЯ
30763.opus,К 8УЬ1Г1Ъ
30764.opus,9 2ЖН2СЫЪЬ
30765.opus,ОЩ0Ъ5ТА
30766.opus,В ЦЦЖ8Ъ6
30767.opus,ЧФМТЯММВЪК
30768.opus,ЧПХ3ЬР0ФАТ
30769.opus,053#ЗРМ0
30770.opus,Ф92ОСУАШ
30771.opus,6НЧУХ4ГЫ
30772.opus,ЙЦТ4ДУЩЯСШ
30773.opus,МШКФХЧС7
30774.opus,525КЧЗ1
30775.opus,Г6МЦПЩБЯШ
30776.opus,ЩЮШЦКК
30777.opus,А04ЧМ И7
30778.opus,МПФ89П5
30779.opus,ЙКЖ#Ю#ТЬ
30780.opus,БТД2ДПК2Л
30781.opus,#Е3ФЙИ3ЙЗГ
30782.opus,ЬМ70 ФИЦУЗ7
30783.opus,ЧБ#П2АС
30784.opus,0 7ЗРОЬ
30785.opus,ЩЕ2МЭЬ7Т
30786.opus,ХД ГЩН8ЫГ
30787.opus,БЕВШЛВЧОН
30788.opus,744БЮЭШ
30789.opus,5МЖЦ3И1
30790.opus,ГЙЛ65ХЗ5Я
30791.opus,ВЦРХФГФБ
30792.opus,Э6ВШ6ЩХДЭ
30793.opus,5ДАН8ЮХЗЮ65И
30794.opus,ОЧЕ588БГС
30795.opus,#ХОБ Э #ТИ
30796.opus,ФГЦ ГШЕ7Ж7Ъ
30797.opus,КПЪС5ЩШЕЭЛА
30798.opus,НУФ59СЬЛ Е
30799.opus,Д0Я6ЛФЬЦЩЪ
30800.opus,ЯКЪЖЩ7Ъ
30801.opus,О67ИЧР 8С 9
30802.opus,40ЫГ52БД
30803.opus,Р0ТФБЭШ
30804.opus,ЬАВВ21Ь
30805.opus,КГБИЭЮЖШ
30806.opus,6 Ы10ИГОЪШ
30807.opus,60 5ЦЙ
30808.opus,ЬХУЩ5АЛРТЬ
30809.opus,РШДЭФТЙЫ Н6
30810.opus,Г7 ЯДГГЭ54М
30811.opus,Я0ИНЩТЛ#
30812.opus,ЬУРЛ8ЛФД
30813.opus,0Ф4НСП735Ф
30814.opus,ХБОЬ ЙУ97
30815.opus,ЕЮ0 ЪЭ8
30816.opus,ДФЙЗ3ОЮ
30817.opus,И4 БЛЗ6СГ4Ы
30818.opus,Т32Ь2# К
30819.opus,76ЭЬ8ЬЖДТ
30820.opus,ВРЛВА3РУ6 ЙЯ
30821.opus,Е#АЪ6ХЭ ЖС
30822.opus,1ЫВЫБЩТ
30823.opus,37ЛС56ВЫ
30824.opus,ИИИЯ66ПЫ6ЕЪ
30825.opus,8Ю7 5ЫОЬП
30826.opus,ЫЭ8Д511
30827.opus,ЧВЬАЪ9В7
30828.opus,6#УВЗ10З
30829.opus,ЩЕХ6 АВГ6В6
30830.opus,ХЧЩ3Н7П
30831.opus,З#РЗЪ5
30832.opus,ЦПУУ044Р
30833.opus,43ПЙЗ ЛЮА
30834.opus,5ВФИЙ6 О7Ф
30835.opus,НП 5ПЛКЖ
30836.opus,6ЧПБД ЙЙ
30837.opus,Л 0И4ЬИ0СЮ
30838.opus,2ЙЕТЮВ38
30839.opus,5УФЮШЪ39ТФ
30840.opus,Ц ФЦСЪ#СЩЕ
30841.opus,Д8Х 0ОЧ69
30842.opus,ЕУЛ#У84Ц
30843.opus,Н Я23ЛЮУА9
30844.opus,ФЛ# ГЫСЛ
30845.opus,1ДЧ52КНЙМЖА
30846.opus,КОЩ7 ПКА
30847.opus,ЙЪД8ЧНМЧ3
30848.opus,ГШЦВВА3Ц
30849.opus,ФКМ8ЮМКЦ
30850.opus,ГШ Ф8 ЦФ
30851.opus,Я 71ЕЪУ #
30852.opus,М8 ПА9606
30853.opus,ЗЫИРАС ЪЗ
30854.opus,ЯЪЗ1ЪЬ
30855.opus,ЖКРПЬ4ЦЛНУЦ
30856.opus,ЮЫЭЛБ9Щ
30857.opus,МЯДШЫСН1Ю
30858.opus,ХТСШХТАО
30859.opus,НХИ1Л0К#
30860.opus,Р3ЪКЯ9Д
30861.opus,5УЮЖХЪЭ5Я
30862.opus,ЪАВГЩСШ4
30863.opus,М7 Я7ЦТЛ
30864.opus,Ц П3ОЛЗ5Ю
30865.opus,88БР9ХНН
30866.opus,428МА#ЛН
30867.opus,БДУ4ШРЙЙК
30868.opus,3ЛЕ8ФМЗШ Д
30869.opus,00 С А4#
30870.opus,Х2ЛХВ ЮЕ ЕЖ4
30871.opus,ЕНТ9ПУФЩКЮ
30872.opus,ПП#Й ЩЙР
30873.opus,ВЧЛУПЛЧА
30874.opus,55 ЗФЬУТ8Л2
30875.opus,ЖИ8УЧР5ЩОЭ
30876.opus,ОЗЙБ1ЭТ
30877.opus,Й6ШАРУЩФЬ
30878.opus,ЖАААВФ#0ИДФ
30879.opus,6ЖЙМЭ20
30880.opus,3ВИВ#ЬРЦ
30881.opus,ЗПЪ4ПАЧТП
30882.opus,ЩГ73Ш4ЕЭД
30883.opus,МЧ ЦВ1ДЙ
30884.opus,РПННЗКЫ49Щ
30885.opus,УЛ5ЛЙЖКЮИ9И
30886.opus,ЭУЮ1ВБООЗ
30887.opus,К8ВД#СЦ 0Ф
30888.opus,НФНЙКЗЧШ 4
30889.opus,ПФ26ЩГЙ#Д
30890.opus,36ЪЩЗ ТЯ
30891.opus,Д# Ч6РЛЛ
30892.opus,А5ЕРЭЙЗЭ1
30893.opus,0ГЗЕМШУЩЭ
30894.opus,ЭЕКСЩ2ЪАВХ
30895.opus,9ГЖЦЖЯЭ
30896.opus,ГК#Ъ8П А
30897.opus,ПЫЙДЖК9Ь
30898.opus,Т9Й ФМЦ 7 6
30899.opus,ЩАЬ5НН2Х 8В
30900.opus,Г9БВ К Ъ
30901.opus,Г6М1У Р7ЦЭ
30902.opus,Ь ЗХ К8Д
30903.opus,У48ЭЪФО
30904.opus, ЭДФЦ4Ь7П
30905.opus,0Ы58РКФ4Й
30906.opus,Ц1Щ4ЩМХМГ
30907.opus,Х6Б4ЭЦ30
30908.opus,НСРОЭ3М2Н
30909.opus,КЩДЫГ0ЖУ2
30910.opus,ЙЫСРЫСЦ64
30911.opus,46ЭЪ6ФЖ С
30912.opus,9ЗХ #Г
30913.opus,#ЮРБЭДШ
30914.opus,ЯЯ0В#8ФЗХ
30915.opus,НЧХПЗ1ФЯ8
30916.opus,ЪЬ 92И#ЕЕ
30917.opus,Л0П72АЫШК
30918.opus,Ж4УГ Ц ГЖ07
30919.opus,ОЖЮШ ФЪ5
30920.opus,ЕЗХЩЧЕЩЦ Э
30921.opus,5ЙЖВОЗХБ ШЪ
30922.opus,ЯВХХЙЖЙ4
30923.opus,ЪИН2ЮОМУЪ
30924.opus,Т2УСЩФ 03И
30925.opus,ХЧЪЫ14Ц
30926.opus,6 4БИАИГ4
30927.opus,ТЬНЬУЧЫ1М4
30928.opus,ЗМН43У7
30929.opus,5Г4УЙЯЛ3
30930.opus,20Е ВВВИУ7
30931.opus,#ГО41ШХКТШ
30932.opus,Д74 ОМОЭЯ
30933.opus,ЧМ7Ъ#Р
30934.opus,ЗУВ0ТФСЕЬ7
30935.opus,ИБ3ЬЭФЦЪ
30936.opus,Й5НЩ5 ЗМР
30937.opus,РЕ4ЕХЫ7ФТФК
30938.opus,2ИШ3Ы0ЖЧБ
30939.opus,60К8П
30940.opus,6ДФН Т2ЪЗА
30941.opus,О86ЪУЯ25Р
30942.opus,ЯША7ФХ4ЯМ
30943.opus,ФВЮМ5НР0АЯБ
30944.opus,942ХФХМЕГ
30945.opus,ДЗКТ2ЙЧ2
30946.opus,УНСР 84Т Ы3
30947.opus,ЙУВСЙЫЙЪ
30948.opus,ШП751ХША
30949.opus,7ЖЗ #3
30950.opus,ОЫ27ЭТАСГ5Ы
30951.opus,НЧИЖП6ЯЭН
30952.opus,ЮНТМЮЩ8
30953.opus,КЦЛ8ДК2В
30954.opus,БЦ Ф2ЯКС0
30955.opus,6ЦТЯЭП4Э2
30956.opus,ЪТЧЖ#8Т
30957.opus,ЮМЪИЕЙЦМТГХД
30958.opus,ЫБСЯИКЪШ
30959.opus,ОНЧ6ИФ#СЪЕ
30960.opus,8АЯ3Н ЪЭА
30961.opus,ЩЩСРЖО УС
30962.opus,7Ф4ВЦП9Н
30963.opus,Н ДЗФ7 АЗЧ
30964.opus,7 35ОИ 5#ЙЫ
30965.opus,Б ФШБРПВ3ФЬ
30966.opus,ЫЯЧ#ШСВУ
30967.opus,ЕЩЩ8РФПШЗ
30968.opus,К5ИАТЖОАХЖСА
30969.opus,ШЖ#ИИУЗИЗС А
30970.opus,7З9Г8ЯПИ
30971.opus,УЬЪБ ЪЬЖЕ
30972.opus,ЫЩ7ИП1СФЗ
30973.opus,Г9ЪФМЙ3
30974.opus,Я 64Й5ЪЪ
30975.opus,ЭЕКК6ЙЫ
30976.opus,ЙЙ2С549У
30977.opus,4Ж3БЭРЪЫБ
30978.opus,ЯЦЗ0ЬНФАО
30979.opus,РМ7МЩПЦС
30980.opus,З 55Т9ЙПД
30981.opus,9РЦ8ЧГБЯ
30982.opus,ТТВНТ0Э49РК
30983.opus,Д1ЙДПНДЛП3
30984.opus,ИКЕЩ СМЪЗ7Ы
30985.opus,0ШАПЦЕЦО
30986.opus,П 5ВПНВЗЮ
30987.opus,7Ь6ЦТМГЮ
30988.opus,О4Л 1Д4
30989.opus,ЗФК 1 ЖНВ57С
30990.opus,ШПАЧО7ЭШ
30991.opus,3ОИ75 1ИШЩН
30992.opus,НРВБ2#ЦС
30993.opus,ЖЛ3ЛЧАГО
30994.opus,ЗЧ4ЛМФ5Щ
30995.opus,ПЦБМВЪ
30996.opus,4МТ Ю86ЧУМ
30997.opus,АЗЖЭШ31
30998.opus,ЖВТ#ЦНЕЧ#Е
30999.opus,Л СЯ3ЧРНБЩ
31000.opus,ЯЗЧФЖФСФЧ4
31001.opus,ЭОМЯЙЪЦТПЫ
31002.opus,2Й37ЕЬЪ5Е
31003.opus,И 2Л 8 КЕОЮО
31004.opus,ЭЩТЩ0ЛЕ31Д
31005.opus,ЗКМЪ722 ЮЕ
31006.opus,ЗЖМ# ХЖЙЬДЦ
31007.opus,Ш ЩАЮ6Е ИМ
31008.opus,ИГ6Ц 2ДЭСЛ
31009.opus,З1ЙЕ4УЕГ#Щ
31010.opus,Й38Ц1Э
31011.opus,3Д96БФАПЬ
31012.opus,2ДЭШ5ВОА Р
31013.opus,Ф688964
31014.opus,8ХХ2879
31015.opus,Ц7С ЬПБ 8
31016.opus,Ч4#Ш9#УМСФ
31017.opus,Л8ФНЗЬЮЫ
31018.opus,6Г9 ФДК1О Ж
31019.opus,ЙО4КЬЬ1Ъ4
31020.opus,2СЙ1УОЪЪ
31021.opus,866РФРЛ6
31022.opus,1РМ0ЮЗЕИ
31023.opus,Г# ШЮШ3
31024.opus,4СДМ62К2#3
31025.opus,Х5У1ХКМХЮ
31026.opus,К82 4 ЦТ
31027.opus,ЗЧ0ЯЫЧ
31028.opus,ЬЩПАБЙ ТЪЖУФ
31029.opus,ФУБР0 ЭВЦ
31030.opus,НЫ3П1К Г6
31031.opus,ЕЪП Х6А60
31032.opus,НТЫЭ#8БУЩ
31033.opus,Й3ЗЕ С7
31034.opus,П34И11Ь9
31035.opus,ВХП8Н0ГНЖ
31036.opus,НШМЭ#НРЩОРП
31037.opus,Ч П ЩК2Ъ
31038.opus,ЪК83К7И
31039.opus,Д ЕЬЦУА С
31040.opus,И5З#ГЫЫНЛЧЗ
31041.opus,06ЙАААЪ4
31042.opus,Ю34ЯМЛГДСН
31043.opus,ЧЩЗ2Е3И0ЧЕ
31044.opus,498ЛЕ9ШК
31045.opus,Ф414У6Ы4З
31046.opus,П#Х1ЪФС
31047.opus,УУ7С5ВРПЬС5
31048.opus,ЛЙЦЖТ0Ь5Щ5
31049.opus,ГЗВГМЧПЗ1Ф
31050.opus,МЯ2Л3 ЯХ
31051.opus,АЯПХВО03
31052.opus,Л ЦУ5ЩКЪЦХ
31053.opus,ХРЮО4ЯЧР0
31054.opus,К5Л ЮЖ1ЧХЭ
31055.opus,0И 4ГГС#
31056.opus,8Л#ЭТПЛ
31057.opus,Ц8ЗЙ1 3ХЗК
31058.opus,ЗБСЯЙ ЩЪГД
31059.opus,9ЦНД#5 П
31060.opus,4Ф2ЖФЛАШЕ4ОК
31061.opus,9ИАЖЦИ6Ц
31062.opus,УВ7ЛЖЗЛРЫ
31063.opus,ГБ1ЬЯТ2ТЧ
31064.opus,7ТГЩП5СЮДЛ
31065.opus,КЙЛЮ1 3Б4Б
31066.opus,4КЙЮР 6Щ К
31067.opus,Н Ю ЫЪТЦ2
31068.opus,М6РЫПНЛЗ
31069.opus,#В 72ЬЕ4
31070.opus,ШЮ 8#ЬД
31071.opus,З #УС07К
31072.opus,7#ТРЭ0Ж
31073.opus,7ХТ45К ЪКС
31074.opus,ФНМЛС1ДЙ11
31075.opus,4Л4АЦЙ9Б
31076.opus,#ЫЕ Ю ХИУ7
31077.opus,8 5В2Ь6
31078.opus,ЪАХЪ7ЦФ7
31079.opus,ТЗЯА9284Э
31080.opus,ВЦЦЖЗЙЙЬ
31081.opus,КН1Ы9ЬИ21
31082.opus,ЬКДСИР1Ю Э
31083.opus,Ь#ЦФВЬЪ
31084.opus,ЖВ9А6АЮБ
31085.opus,ГЬ7Ш959
31086.opus,Г5Х ЦЖ7ЦН#
31087.opus,4ТГЭЪА11
31088.opus,КЛ8ВЗ0Э 9
31089.opus,З ЪЮ14Ю1
31090.opus,НН4АК 9Я4
31091.opus,Ь4РМ1Л4
31092.opus,ЖН8УБИИТ6Я2Н
31093.opus,ХЭ3У5АЫА
31094.opus,Х5ЪЙ4М87ТН
31095.opus,ХЯЙ34Ъ3И
31096.opus,ПФА3 ЭКЙ8У
31097.opus,2Ц7Ц8 9Н
31098.opus,4У 1ЫЧ#
31099.opus,649УКШЖМ
31100.opus,З78В37ЬВ
31101.opus,Ч7РО9П
31102.opus,0НЩДНДО98
31103.opus,ЕБУХЙШЦЭЖЪЧ
31104.opus,БЭЗИЙЯЭ7
31105.opus,98НЖИЖЧ6
31106.opus,Ж0412Й
31107.opus,7ИФ Т9РФ4
31108.opus,ШД7НДНЙЮР
31109.opus,1БЫРБЩХД9
31110.opus,2ЬЗУ БТЮ
31111.opus,СРЙЭАХОУХСЫ
31112.opus,8И80ШЧЪ
31113.opus,87К Х Г
31114.opus,З98ЫЪЦ
31115.opus,Ф47ТШ2С3
31116.opus,Я ЧЬЦВ4Э2
31117.opus,Й8Г ГХ0 НД
31118.opus,5ЭГЮ ЩЪ6ЕЖ
31119.opus,4346Ц4ЭЯЯЬ
31120.opus,ЙДЛ3ШЮ5 5
31121.opus,8ГТЬЛ#
31122.opus,Э3Э6Х КЛ
31123.opus,Г0ВЩ27
31124.opus,5 819ДОВАЕ
31125.opus,ЭЯ3 БР8ЬБ
31126.opus,ЯБВ Ы5ЕЪА
31127.opus,ЮУОГ3З5М
31128.opus,ЗЫЧИЫ2ВЬ
31129.opus,Ь 6Т97Ж
31130.opus,ЩЦЬАЖ8ИТЛ7В
31131.opus,ЮЛКАЩА5З9Н
31132.opus,Х ЯЮЗИ719Н
31133.opus,ОБЛГ ВХВ #
31134.opus,Ф Ч8ЩКДД
31135.opus,4ЫВЪОЫЙЯ
31136.opus,ЯЩ7#ТШЧ
31137.opus,ФЬКРЮ1ЖЕАЙ
31138.opus,ЮЖ3АЕОХ
31139.opus,ИДЙ4ФМВЛС
31140.opus,21О1 Ц Л
31141.opus,ЖРКЯККЗ35
31142.opus,ТИМЦТЫИ5ЪЬ
31143.opus,ЪЧГ9НГДГ
31144.opus,У8ДХ 2Ю8Ч
31145.opus,Т4#ЫШЛО
31146.opus,ХЮНЮЙЮЯ8
31147.opus,ЛЖЗ8ВБП
31148.opus,5ЪП3#П7
31149.opus,8ЫГЫМ#С
31150.opus,ЧДМ9ЩД3З
31151.opus,Д9 ЦЦЭНБ2
31152.opus,#ВПБЛТЮ2ИФ
31153.opus,Ш1Х#2 С
31154.opus,УА5ОЖЖЛЗВМЮБ
31155.opus,Ч Т Д 6Ъ4Х
31156.opus,КЧ97Е7ЗГЙ
31157.opus,6ЮШОС Ы7ИД
31158.opus,6#УЪЗ#ФИ
31159.opus,Е 3ГЕЗ22Ю
31160.opus,ЙЖ ОТ ЕКЛВ Г
31161.opus,УХ9КЫФР27
31162.opus,ЙКФ1ЩОФ0
31163.opus,2И0ШШ8ЦК
31164.opus,ЧСР49 ЩА
31165.opus,ЛЙШ0ЪЭНМ
31166.opus,Н ГВХЯ4ЕТКЪ
31167.opus,ЮЯГЬФНР
31168.opus,П60А#ЖЛ ФЩ
31169.opus,5ЭТОЫ2Ю0
31170.opus,ЮЯЮИ1784
31171.opus,ТЖХУЮВ#УЦ
31172.opus,МТРБ49ЪК
31173.opus,СЭУУНЙДУЛР2
31174.opus,ШЦД1 ЗЪ8ЩЦ
31175.opus,Х8ЗЧЧ ШГ
31176.opus,Х ЦЛ3ЖЯ5ЮЧ
31177.opus,КЧЫШ Ч3
31178.opus,2ЗРЖНЪ0Ю8
31179.opus,Э МПХ2В5У
31180.opus,ОЖ#43ЖФЖ
31181.opus,ШЫ4ЕЙТ5МЕФАЗ
31182.opus,9М 6ОД0ТОЛ
31183.opus,ПАО5ЙГЙ
31184.opus,5Ъ4ЮБ 6 М
31185.opus,7ЭП94Ж
31186.opus,ЩЗДЙЕ7З
31187.opus,# ЭФШХЪ ЖШИ
31188.opus,УЧ0ЬК#Г
31189.opus,ПЙСКЫ НЗЛ А
31190.opus,ЩЩШЪСЯ
31191.opus,72 Д9ЖЕЩС
31192.opus,5ЙШККМО
31193.opus,Я 4 ЧП795Ж
31194.opus,ДМРЬ4О6М
31195.opus,54 ЕЦ8ЮЫ
31196.opus,ЮМЦ 6НМШ
31197.opus,У3ГЪ435Е
31198.opus,З30РГЕТ7
31199.opus,Л#О6РПЪ
31200.opus,Л95ПГ1Й
31201.opus,8МЛВ3Ш#
31202.opus,Х8ЬБЗЭЛТО
31203.opus,019Н2
31204.opus,НЙЖФ ЮАС5К
31205.opus,ЬЫ53И МЦМИ
31206.opus,9ЩМ80ЮК
31207.opus,8Т9ЖОХЦЩК
31208.opus,ЯЯЛХШО И
31209.opus,97КНЦСМЬХК
31210.opus,Д ОП5Щ9
31211.opus,МТ7БЬ3А ТЬ
31212.opus,0Б6ЭЯОЮ Ф
31213.opus,10ЙПДФ
31214.opus,ФФИЪАЮВ7
31215.opus,0Ч2ЖЯЕСК О
31216.opus,14Ш38
31217.opus,ЩЗЛУХЛСА8
31218.opus,ЦБ4Я3КО
31219.opus,УХ5ООЛШУБ
31220.opus,2ЦЦЕШ6#ОО
31221.opus,ЯУ7Ч 4АШ
31222.opus,ПАЙ#ЦРА8
31223.opus,05С БР0ЪЕ5
31224.opus,ФН7Т8ЫНЩЦ
31225.opus,Н7160БЮ8
31226.opus,7ГФВРС3Д3
31227.opus,6ЪБ3ЧЬЩЫЫ
31228.opus,Ь8Т#4ЪГБ
31229.opus,5Й5ШЦЖИД4ФН
31230.opus,6#236Ч55
31231.opus,А3ЫМ8 3ЭЦ
31232.opus,Щ#4Я9Б5ЫЕЗ
31233.opus,АБ2ОЫЪХ3Ю
31234.opus,1ШИД4Н8
31235.opus,КДЧН783Г
31236.opus,ЛУ8МЯШЮК3
31237.opus,ЦЙЮ1Д6М
31238.opus,#8Щ #ФГММЗ
31239.opus,Й25 ЙХЫ
31240.opus,086ХБФ
31241.opus,ЙДЬС5ОЭ9 С
31242.opus,АЦЛ07Ь
31243.opus,ОЪ# ЫСДМ
31244.opus,1Н84З8
31245.opus,ХУЬЮАОЪЛ
31246.opus,ЧЯФ4ЦАВНЛ
31247.opus,ЪЙЩЯЪМГИВ
31248.opus,Э9Ь2Ж3Ы
31249.opus,Щ16ШЛ44
31250.opus,МЦЯЩБЦМЗ
31251.opus,М1У6ДЬН#М
31252.opus,ЕГМЫЙ0ИБ
31253.opus,ДЪ1 УЕС МХА
31254.opus,ЭРЪ4РЗЧРВ4С
31255.opus,КЮИ1ЖГ65Д
31256.opus,УЩБНСЛКХЩ Ю
31257.opus,ЮХЮ5ПФЖ
31258.opus,Ц0НД8АБЗЕ
31259.opus,0ХПЪ35#О
31260.opus,5729ЮЪЧ
31261.opus,Б0ЬЛЪП СЪ
31262.opus,ПНВЦУ6Н9Й
31263.opus,ЕФ 2ОТ9Г7Е9
31264.opus,МХ#ЬД5РЭЧ4
31265.opus,П8 ЦБ7М22ААС
31266.opus,ОТЩ8РЙРЛ5ЛА
31267.opus,ЕГХЖ#Я5Л
31268.opus,ГБЩЩЯЯС
31269.opus,5ЩП5Т4Р27
31270.opus,6Х КЭБ НЩПТ2
31271.opus,К1Э4УУЕО
31272.opus,7ХКЕАЭ1
31273.opus,ЫТЖ#ЗШЪЫ
31274.opus,ХП Л4К#9
31275.opus,ЪСФ А3ЖЭА
31276.opus,ВФТМРЫ3ЗГЖ
31277.opus,5ЩЖ9ШЖЙВД
31278.opus,663ЯШФЦ
31279.opus,Г ЛЙРТЪЯ 6
31280.opus,5ЩЫАН Ш43КР
31281.opus,БТЫЮЧ#Т6
31282.opus,#Й#ЖАЭ ЗУ 6
31283.opus,ЕЬДЧ34 Х#Т
31284.opus,ЪЕЙТВНЩП5Ш
31285.opus,М7ХКДЖ2ЦО
31286.opus,279К4ИЙ36
31287.opus,С4#ЛЙ6ИМ
31288.opus,Т8ОЖЪЮФБ
31289.opus,Щ2Ы4А Т77
31290.opus,ЧФТОЖБ38
31291.opus,И ГЙ7ЗЛ#З
31292.opus,ХВЕОЧММЮИ2П
31293.opus,П 3ЩЙФЭДЧ0
31294.opus,ЙМ 43ФО9М
31295.opus,НРБ8Ъ4ЛИИ3
31296.opus,БАТ67ИУГИЛ8
31297.opus,М ЮЖ2ЕТЧ
31298.opus,МЕТИЯЕИУЧ06А
31299.opus,ЙЖ0О0 ЫК
31300.opus,ЛМЯ83 ХИЩ
31301.opus,Р3ВБО5КК
31302.opus,Е14ФИЦ9Щ
31303.opus,Щ#ИЯЧЬГ1С
31304.opus,ЪСРТ0Г4ЬЩ
31305.opus,ЯУКЕЬТЩ1КФ
31306.opus,1ЩРЩСХЪ9
31307.opus,9Э1О4
31308.opus,ЮЖАЭПВЬЧ7
31309.opus,ЗЭЖ9Н4Щ
31310.opus,ТТ 2ВДЬХЪО3
31311.opus,ЬЕФ96З Д
31312.opus,9 ТЭЖХП4Б7
31313.opus,7АКК П6 ШС9
31314.opus,З5БЪЯ98
31315.opus,ЦЗЙЬБ67
31316.opus,571ЮХ 6Х5
31317.opus,ШЩЛ855
31318.opus,Ж7 ЮАР9 ДЛ
31319.opus,ЪЪЮГМХЩХЕ
31320.opus,Н55СХ 1ШЙЩ
31321.opus,А#9 ВОТ2А
31322.opus,АЬЫ4ИБД5ПН
31323.opus,ЛГПТ9ЧАЙ
31324.opus,МЛ8ЙТ 2АЯ2
31325.opus,Ы18 ЖВАЩМ
31326.opus,ТЗДЕЮЪИОРКТ
31327.opus,АГЕЛ#ЭЩЦ
31328.opus,ДРСЯЮАЯБЮЮ
31329.opus,ПЗГЫОА7С
31330.opus,Ч6Ъ4ЯПЦ
31331.opus,НТАОД7КРЭУ#
31332.opus,НЪФЭНМЗО
31333.opus,УЦЧЭЦХДОШ
31334.opus,БЗК6ЩЭКДНЗ8
31335.opus,Л ЙПБ0ТБУБЯ
31336.opus,2ХАЪ0РЪ6
31337.opus,МЯ ЧВШ6
31338.opus,3Ж С10ЭКР
31339.opus,ГЫФЭШ4ИБ0
31340.opus,ЩКЕЭИЧ4ГДВ4ЬУ
31341.opus,ЦИЬ6ЮЫИ7С
31342.opus,ВО2МЫЦ
31343.opus,ЗДА4Й Я0
31344.opus,И ЯЬЛФ ГРТ
31345.opus,2О ЩЦЙЗУ
31346.opus,ВУЫФ0ЬМ
31347.opus,Щ96ВЬ7Й
31348.opus,ОЬ 239ДУ
31349.opus,ХБХ591 КНТ6Я
31350.opus,М3ФОД Ш К
31351.opus,Н7#ТЖ2#Б5
31352.opus,ЬЯЪ Ч Г8
31353.opus,Ц8#Ш3ТЙЗ
31354.opus,ПКЖЧД5А2ЖЙ
31355.opus,А5ЯЛ ЫЧЮЪ Ч
31356.opus,ТА1ЗВ2Р0
31357.opus,Ч3ЭВЛЩ46Ф
31358.opus,#Ю0АЫ1ОБ
31359.opus,# ДХФ4СС
31360.opus,Ч3ЗЭЙП
31361.opus,ЭВ ЧЩМЦГР
31362.opus,КЯП16ГЮ
31363.opus,Л5АЮОРО7ЖУЙ
31364.opus,ХП Ц Г29
31365.opus,ЫЭЙСЦС4
31366.opus,Э1ЭР7 У8
31367.opus,ЭЫЪ0ЪЕ5
31368.opus,29ШЮЕФ ЫЗЧИ
31369.opus,ПШЮ5ЖО
31370.opus,УРЙЮ8ГХ8
31371.opus,И8ЭАМЭ7Е
31372.opus,ГЕИЕДИ Х0К
31373.opus,ФЛВФ ЕЧКЮХА
31374.opus,ЮБ 55ЛИ4Ы
31375.opus,ЮГ0З3ОЯЬ
31376.opus,У60ЖО5РЕ
31377.opus,ЬРУД8ЖЖБ4
31378.opus,ЗГ ЯБВТЛОБ
31379.opus,7С7ЩУ93ХА3
31380.opus,ЪЖЗ 8ШС
31381.opus,30ЧЮНШПГ
31382.opus,МЖЪ2390
31383.opus,73ЩЬП53ИХ
31384.opus,ЖЛЮБНБ 9ЗУ
31385.opus,5ВХ ЦЛР7 ЖШ
31386.opus,ОХП9ПЬ7Ж
31387.opus,ПЦКФЮЧ
31388.opus,ЪН9ЧБЛО4
31389.opus,ЧКЕТЮК5 У4Х
31390.opus,П 5Ы ЯЩ0ЙЭЙ
31391.opus,Ю ЫЪШОФ Ч2
31392.opus,П #5Ы57Ъ
31393.opus,Э1МИПЕ ЯЩБО
31394.opus,Л9ЦДЗ08Ъ
31395.opus,НСЮЕ6ЯСЪЪМ
31396.opus,Д1СИ0П
31397.opus,0К7ЩУИХВ
31398.opus,9В3ПЩПР
31399.opus,94УАЬ5Ш
31400.opus,ВЭНЛАБТШРВ5ХМИ
31401.opus,ЗЧОШЪ Х
31402.opus,84ЙЭ4 ОША
31403.opus,АЦЧ4ХП6Ж
31404.opus,П 39Ч9БЪ
31405.opus,3 Э4ЧБ5ЫН
31406.opus,ГВ ЧО5Р#ИНЮ
31407.opus,У8ТЬР#0
31408.opus,4ЯВ8ЮГ
31409.opus,7Ъ58Т4
31410.opus,УЧ0Ш#В
31411.opus,Э9ТЦЮ22
31412.opus,7Ч1С1Ц99
31413.opus,П8КЬДТФ9
31414.opus,ОКНЧБД9Г С
31415.opus,14 ЖЯЧЧ9К
31416.opus,ЬЕЕ5Щ19ЙН
31417.opus,МКН25ОЙ
31418.opus,5 ФХЯЫ5Д
31419.opus,ТУОГ66ЮЙ
31420.opus,СС8ХООЖЬЮЦ
31421.opus,ОЫЧФ ХН ЫЫ
31422.opus,НЛХ 6 Е1П
31423.opus,ГНШНЬТЪ
31424.opus,ЫП0НЪ ЮЛВ
31425.opus,ШХИГ# АОЦН5
31426.opus,ЕРИЬФЭЧХКС
31427.opus,Д5ЩЖОЫБЗЦ
31428.opus,Л#Б Ж7ОХУ
31429.opus,ЬХЗКЖШ4
31430.opus,ЛЧ#З5ЧЯЯ
31431.opus,0СХ0ХЯШМ
31432.opus,ХЯИД9ЫАРЫЯ8
31433.opus,Я5Я#О9ЭЖЩ
31434.opus,ВХЭШОЩЩ
31435.opus,НХУЪЖ2ЗД2
31436.opus,ЭГЖЙНЧД
31437.opus,Ь063Й9
31438.opus,ПЧТТЦ4ДХЭРНИ
31439.opus,#ЛНЮГМЬ
31440.opus,Р#ФЫЯЬ#
31441.opus,Ъ75Ц9УЧЩ4
31442.opus,4ВИОАЩЯЗБ0
31443.opus,#СЪ7Э3РП75
31444.opus,Г7Я4Э07Р
31445.opus,Н#Х012ЙД ЪЫ
31446.opus,8Й32К0КЗИ
31447.opus,6ВЖК9ГЗЩРВ
31448.opus,88ЧИРЕОЪ
31449.opus,ЧЫГЬВЙГ
31450.opus,ЭКГШГИ0ЛТЙ
31451.opus,ДЧ14ЦФ
31452.opus,Ь ХРЕ57ЖФ
31453.opus,Е Н6Л 4НСБЛЛ
31454.opus,П2ГЙЫ#ЫЬДХ
31455.opus,ЩТ Э39ЖД
31456.opus,Е8АЬЗ2 ЯР
31457.opus,ИЯ6Р7Щ0ОХ0
31458.opus,ШАСНБАР1#4
31459.opus,А3ИЫ1ЖЫЦ
31460.opus,Е88Е13РЖЪ
31461.opus,Х3Й8Э50Р
31462.opus,ЩВ ЧСЛВЬ
31463.opus,К1ЖЭ2Ц7
31464.opus,НФ#60Л4Г
31465.opus,1О4ЕХУ9Ц3
31466.opus,БЩКШ З1Д
31467.opus,4РА ГЖХЯ МК
31468.opus,ВЬЬОЦХ8ХО
31469.opus,ЭГЯ 5ЕЕ29Ю
31470.opus,1ЦУЖЬУ7Б
31471.opus,ОЭ 7Ю2С5П
31472.opus,КФ9Щ60
31473.opus,ЖЯБ32ЖЩ3
31474.opus,99ЕЗЬ8ИСЩЩРХ
31475.opus,ЛКБ 2ЛУ5Э16
31476.opus,47Щ8СЬЪ
31477.opus,ТЙЩЯЙКЖПП
31478.opus,ЫА БЩ31УВЕС
31479.opus,0УТ#Щ07Г
31480.opus,МЧ2ЦСК2И
31481.opus,ЬЯИМ0ЬМСДК
31482.opus,ЕХО10ВЫЮЪ
31483.opus,11 Й2ЩЛСМ
31484.opus,7 ЛЬЧ8ЩГЬК
31485.opus,0ЬЭТП7 М8
31486.opus,Б3ДС19А3Э
31487.opus,Т58Д4СЙИФ
31488.opus,СОХЖЗЪЛО7
31489.opus,ЕЦД#СЗ17
31490.opus,ЪЭТ1Ф58ГН
31491.opus,ЯЕЫЖ1П8БШ
31492.opus,Р45ПО5Е Я3
31493.opus,4Т Г ЦР 5Я5
31494.opus,ЪЬ3ФД6М0
31495.opus,ОАФЧУЧЛГВА
31496.opus,Ы4У4УЪСЕ1Т
31497.opus,Б50ЧАСУМО#Н
31498.opus,И5А0ЧТГМЛРЖЫФ
31499.opus,ЙГНЪ17ЫЪ
31500.opus,Я0ЖЧГШ
31501.opus,#И9 2ФХЬВ
31502.opus,СШЕЦХПК#
31503.opus,4КТТЬСЦМ5
31504.opus,Ь3З90ЕР6
31505.opus,ОЛЙ АЕСЩКЗВ
31506.opus,ЪЭЕЙ13
31507.opus,8 ТФ 2ЧЮ
31508.opus,ЬЖРБ4Ю#7
31509.opus,Ч#5ОЪ4Д
31510.opus,2КГФ1С
31511.opus,ЭЭЕ5Ю9Р85ГЮ
31512.opus,ЫХ8 А3ЕН8
31513.opus,АЖЭЬЫХЮ0
31514.opus,РЗЩ ГФ8З
31515.opus,АШ#МСЭЫ Э
31516.opus,8ЮНЦВ3ЙИ
31517.opus,Х5СЫЮЮД33
31518.opus,ШЫ54Г8Ц4
31519.opus,3Ю9ЪХГ Е
31520.opus,4УЕВЮПЙ9П
31521.opus,ФЧЯЛЙЧЭЬД
31522.opus,ОСЮ0ОГ5
31523.opus,ВИЦК7#ЙЦ
31524.opus,0ЭМНФ5#
31525.opus,У0ГЙЦЕДИ 9
31526.opus,5ЗЮКТППХС
31527.opus,ЧЫ9ЬЭ5ДМ5
31528.opus,БЙВТЭТЦ92
31529.opus,ШЧЯА16ЩИ2Ч
31530.opus,3 0МТ04П
31531.opus,Э ЯЯЙШХОЦ0
31532.opus,65ЖХЙМЗЩП6
31533.opus,С8ШГЪ18ОТ
31534.opus,ФМЕКЧХЙ46
31535.opus,8АЮ5ЗЕДЦЮ
31536.opus,5ЦСЙЛШ9Б
31537.opus,ЫЫГ8А
31538.opus,НЪЗВУТИАО
31539.opus,ТКНД4ЮШЪФО
31540.opus,Л3КГ03ЗХА
31541.opus,ИЬЫШЛИЬКЙ
31542.opus,Ю НЮНЭ3М22
31543.opus,НЛЕМЫЬЮЮАНА3
31544.opus,НЫ20ВЧ6ШЯ
31545.opus,УВ6Н Е3ЖХЭ
31546.opus,ГБ Ф 0 #Э
31547.opus,Ь6Б6ЭЖЦ#ШВ
31548.opus,23ПАЮВ3ПЪ
31549.opus,3ЩЛРЪЮЦЪ
31550.opus,ВВ ЗЮЙ2ШР5
31551.opus,ЖНЮЙИ#СЗ
31552.opus,ЭГЦЪЧ5РА
31553.opus,0ХШЕЯДЛ
31554.opus,НЮБ75ИРГ
31555.opus,И7#ЛЮФ3Л А
31556.opus,Р8ФС #У372
31557.opus,75ЙЩЗ2Й
31558.opus,АГД 9Ф1
31559.opus,#8 #ГТЕО
31560.opus,В317ЫЪБ
31561.opus,Л ШИЗГХГШУ
31562.opus,ЦЯУГОКЖ8А
31563.opus,5Ч753 76 Ь
31564.opus,ТГЬЛЩВ3
31565.opus,7ДХЧ0ДЗП Щ
31566.opus,Э 1ЦМБДЧЖ6Ш
31567.opus,БЫЭ3 ЮЧ3
31568.opus,К5ЭЕ9Ф7Щ
31569.opus,В108М1Ы1
31570.opus,4ЖЛХ4Ц ХШ5Р
31571.opus,Ц31ЦКМШПШ
31572.opus,ФЪ Л ЪНЧ2М3И
31573.opus,ЯЖЮДССЗКВИ 4
31574.opus,З Ч3ЗЯБЧСЩ
31575.opus,ЧП7МЛ6Н
31576.opus,9О Ю79ФАРЗ
31577.opus,43ЫЪЗЩР
31578.opus,ИЕДЭВТЪ5Ф4
31579.opus,8НЬ ЪЫ0ГЛЩ
31580.opus,КККХЫ6А
31581.opus,У68ЯМИ ЫЛ
31582.opus,В1СЮБЬЯ
31583.opus,94Ь8 07
31584.opus,ХВЛ И6ДХ
31585.opus,В10ВЗУЧ
31586.opus,ЙЕЖЦРЙ5
31587.opus,2НАПРЬ
31588.opus,ЭЬТ # 93МЛЯ
31589.opus,ЙЕЮ7МЧЛ0
31590.opus,16 ЙШР С
31591.opus,АМЯ 36РТТД1Ъ
31592.opus,УАЪ8РХВ
31593.opus,ВТЖУЖ ПШЮЗ
31594.opus,6ЦМ1ВМ#ЫШ
31595.opus,ЦЗПМ8ЬЦНЙЧЪ
31596.opus,6Ц8ТЧЕБ
31597.opus,ФНЭЭ3РЪЪ
31598.opus,#ЧЗАЫЭХ
31599.opus,П4#4ЫЪОХ
31600.opus,ЬЗ 62БК3
31601.opus,5 ХЖ5ЭЗТСЬ5Х
31602.opus,РЧУТЗЬР4 Г
31603.opus,ЦБПК61Т6ЕФФ
31604.opus,7ЦЙЯ4ЛН#7
31605.opus,ПО Л 5ЛЪ1М
31606.opus,74СРЯГЩЯ4Й
31607.opus,ЮФХРМ1З1П
31608.opus,КШАЧАЕЙМЕЬЧХ
31609.opus,К#8496ВР
31610.opus,1ЕНАОЕРЩБЩ
31611.opus,ЪЕЖОФ6АМБ6
31612.opus,ЗД 2ШСУОЙПЖ
31613.opus,3ЮДУИП3Б
31614.opus,Э7ЛВН4ЛВЛЧ ФМ
31615.opus,52ЗНЖХ 3ФХ
31616.opus,0Н7ЫД Д ЭН6Я
31617.opus,А8И#5Ц7Я
31618.opus,ПМЙЙШЪ858Ф
31619.opus,#ЙТ ОЭМИЮ
31620.opus,4Б АЖЬЬХ5
31621.opus,46858ЩХХ
31622.opus,6Ы2Ы0АЦЮ6О
31623.opus,8Й635ЦС
31624.opus,2ХМАПКЙ2
31625.opus,ЯТЖВОН7Ы#
31626.opus,ГВЖ4БСЧФ
31627.opus,ВМЯЭЬ ЛНУ7
31628.opus,#ЗЦ#ЬЖЪ ГЕ
31629.opus,ЗЛ ПЮЗЦВПЯ
31630.opus,173БОЬК
31631.opus,Д44ЙЙЫ9
31632.opus,Ч6М3ЦЩВ
31633.opus,ЕЫЛ2ШБ0ЩДХ
31634.opus,Э4АЪУХРПФФ7
31635.opus,РЬ6ЭЫАСАП
31636.opus,ИМГ Г3ЕП 03
31637.opus,З Н3БЗ Ь2СЖ5
31638.opus,ОЕТПДЫЪКЪКФ
31639.opus,10 Ь0Ч
31640.opus,Р Х7Э5 0
31641.opus,АЪЩЧЖ0 Ъ
31642.opus,В7ПХЯ43КШВ
31643.opus,2ЕЩХЮФ58
31644.opus,84АРЪ9
31645.opus,0Ж Е3СЩНМ4
31646.opus,ЦУ0ЩЦНЖ
31647.opus,ЩЙРУРЪЙЛЕ
31648.opus,4ЧДА8ВЖ3
31649.opus,ВБ706 0 П
31650.opus,Ю9НЛ0П3
31651.opus,Я#2С1 ЙР
31652.opus,ЛЙЮЬ73
31653.opus,АЛШЪЮ 0ЦЫ
31654.opus,9 МЭШГЗНЛ2
31655.opus,ФАЮ БЫЬХИБ4А
31656.opus,ЪЯЖ8ШШО5
31657.opus,Ь К0 7Ъ ДБР
31658.opus,М1ЙЭФ0
31659.opus,БАЦГЗЩ1
31660.opus,51МХЧКС 8
31661.opus,ЧИЮ#М7З3
31662.opus,З0ЦШПЛЫТ
31663.opus,НЦПНМ2Щ5
31664.opus,НФНШКФ6СВХА
31665.opus,УУИАЩЦТФПШК 2
31666.opus,7ХЯЫ8Е6Щ
31667.opus,АТ4ВХК ЧИН
31668.opus,О ЗЕ#ЩЫЮ Я
31669.opus,ДЙМЗРЩТЮ
31670.opus,Щ9Б0К8С3
31671.opus,05ЫШЯ ЧЧ
31672.opus,РМАЦ1 Я7Ю
31673.opus,Ч68ЪДО3Н
31674.opus,3Я9Й АЖФПБ
31675.opus,Р6 Р515К2Г#
31676.opus,С8В# 3ЕИЦ6Ф6
31677.opus,ЭШ82ЕЯ5ХЗ
31678.opus,5Я1ДЛЫШН52
31679.opus,9Н Ч6Ц9
31680.opus,ЩО4ЦЙЪ
31681.opus,АЧ8Ь28Ь
31682.opus,ОЖЬМПЕ74
31683.opus,4КЭЕ6 0
31684.opus,9ЪЖ6ХШУС
31685.opus,П3БИ30Ж
31686.opus,БИЩ4Н#ДТЬЩ
31687.opus,4Й63Е5РЕЛ
31688.opus,Ю ШБХ АЦЗ#
31689.opus,6УШМЗЧЖЧЧБ
31690.opus,РНР#М759Ч Д
31691.opus,ГД8Ъ2Ф ФПД
31692.opus,НЧ#РЯХ49Ц
31693.opus,#КТК4Э3ЮЭР
31694.opus,МЯЗ8ДМЪХ
31695.opus,ДП4ЭЗЮ
31696.opus,ХЬ0ЪНМСЫЫ
31697.opus,0 ХИ9Ж3ИЕ
31698.opus,Ь АЙН Н13
31699.opus,3ЙКУ0 ВМ
31700.opus,ЦЫЫВ32ЩИ7А
31701.opus,ЖСЧДБТ24Е
31702.opus,00Ы7ЦХС Б
31703.opus,ЫБДЖЮШЖЛ
31704.opus,Л5 Щ4Д3Ш
31705.opus,ЩНГЖЪХЧУГ
31706.opus,76ЦАЯ1ЛС
31707.opus,0ЖЕЖЪ8СЖ
31708.opus,КГ 1ЦХТШК
31709.opus,РСКЛЖЩЕЫЩ
31710.opus,ЯЬФ ВЗ6#
31711.opus,ЩЙУФЦЮРГЕШ2
31712.opus,Г 4Я6Р 7Р Ы
31713.opus,Х03ЦОЛ БСЭ3
31714.opus,НЗ1БЛГ23
31715.opus,МСХМШЦЩУТ
31716.opus,3ЩТ3ЬП4М
31717.opus,99Щ93ЙМ
31718.opus,Б5Л Г#Ы
31719.opus,ФЕИ 5СНЦБ5И
31720.opus,У8РЪЪЯ0
31721.opus,ЩБЦКЩЛВЪ
31722.opus,6РЫСЭЗ7Т
31723.opus,Й ХЧГЦЬ5СВ
31724.opus,9ЯОХЩОЕОЯЦ
31725.opus,Р УЯМЛ МЮЭЭФ
31726.opus,9ЛЬЮР#31
31727.opus,3ЪКИ5УАРЦ
31728.opus,МЛЪЩТ52 Я
31729.opus, 3ЗТЯК0ЕЯЮ
31730.opus,ДБ6ЭХЦ# Р
31731.opus,3Ж ЯЧКДЪНМХ
31732.opus,Т9НУЛНЦ3
31733.opus,ЧЬЫЗ4ФЪ
31734.opus,ЦЕ9ЪТЙО
31735.opus,ДВХЯБЗ5Й
31736.opus,ЩШ7П407
31737.opus,ЗБ91П5Л
31738.opus,Л8ЭК0ОК
31739.opus,АЬЗЧЙНМ4В1В
31740.opus,19 Ь9ГИЗ
31741.opus,6УЦЮЕЖУ0Я
31742.opus,ИДДВЕЮ46 4
31743.opus,2ЫИСД4ЛВЕ7У
31744.opus,ЧН20РЯ
31745.opus,ЗФВЩБТ
31746.opus,АЫ3Л ЭЯФЛ
31747.opus,ЭУ ЗО595
31748.opus,Р 4СК2 АЬ4ИХ
31749.opus,ЙХЯФ7Д3ДМ
31750.opus,АЦ4Ы#09
31751.opus,РАП4ЯФЖ8
31752.opus,90ГЗПЯЯ
31753.opus,О ЧСЛ7ЮФ
31754.opus,И32#ФЮНГЩ
31755.opus,ВЫ2Г0БЪ
31756.opus,#ДРЙ П ШЬД
31757.opus,УЦ 0Я30АФУ
31758.opus,ЦЦ0#И ЫБТ
31759.opus,6ВК ТТЧН3ТАСА
31760.opus,5ЬЫЙЩИРЛ5Й
31761.opus,4ЛЯЮГКФГШАТЬБ
31762.opus,4ФООМ8СБП
31763.opus,7ВСЯКЪЧХ3
31764.opus,ВРДЧЗВЕТЦР
31765.opus,ЦХЪНЮ 3Д
31766.opus,1ВЩН4ХЙ#
31767.opus,ЫЖ М3ЭКЧ
31768.opus,3Г0КНЮЕЙ1
31769.opus,1ЕЖГЙЩН#
31770.opus,Ю9ТЗЫ7М
31771.opus,5Ъ4М#НШО
31772.opus,Ж Т9636 7
31773.opus,БЗТЯИ3Ж ТЪ#Т
31774.opus,К654Ф#8
31775.opus,ЫЪЩМ7ПН7Г
31776.opus,66ТЭ4ЦТМНЯ
31777.opus,2И ВЛ4ШГЩЖ
31778.opus,Ж6Х ФЩ4Э5
31779.opus,РЗЭ3ЯШ4ИХ2
31780.opus,8Х9Х96
31781.opus,ОО0ЙЪЪБ
31782.opus,НЦЖЯЖЦХЛЦН
31783.opus,Ъ4ЗГФЙЫА8О
31784.opus,ЭДХПБВЮЙ
31785.opus,Ь716274
31786.opus,НИ6С7ШЗ#ЭК
31787.opus,ПК969ЪРВ
31788.opus,НЗ2Э7РЕМ
31789.opus,У69Т6 ЧКЮД
31790.opus,ЖЪЙЩЫН5Й
31791.opus,Ш#С8НЭЦИШ
31792.opus,И6ГЫБОЬЗ
31793.opus,ЕЭ 420В6
31794.opus,ШШ0НГ1Й
31795.opus,Ж8ЭИЗЬЕ9Ю
31796.opus,ЭШФЕУФГОАДЪ
31797.opus,6ЩА ПЛ#Р
31798.opus,М2ОИ5Ъ2ЬИ
31799.opus,Б 9 6ГЛ СВФД
31800.opus,Ш68Щ7ЬЩ
31801.opus,Э #ГВКФ9
31802.opus,ОТ98З8ЕШ
31803.opus,58ЫЯ3Н9Н2
31804.opus,8ГЬО0ПЧ
31805.opus,РШК7ФЮ55ЧТЕЦ
31806.opus,УЮШГ8П47
31807.opus,АБАП2Ъ#ЭК
31808.opus,ИАЕК МФФМЛЦО
31809.opus,ЪЩФЗ30
31810.opus,МЦ8НЪМБ
31811.opus,9ЬПЪИ26
31812.opus,ЯТ#83Ф
31813.opus,2ДГЩУ45Л
31814.opus,ИЙШБЗОН ЖЖ
31815.opus,38 ЖООФЮ
31816.opus,7НХ6ЖЭА#
31817.opus,2ЭИМЬШ0
31818.opus,ЪМ0ИХИ3ЬМ
31819.opus,39ЗЪК8ХИМ
31820.opus,16ЙНЕСЕЩ ЫТ
31821.opus,4БЕЙГЮЬЕ1
31822.opus,039ОЪНБ2
31823.opus,Я30ЪГБ
31824.opus,Р#ЬЗАЗ 4
31825.opus,Ч0Я0П8
31826.opus,ТЦ1ОЯ9 Ж
31827.opus,4ЯФЫ 5 8А
31828.opus,ДЯ БЩ1ТТ90
31829.opus,ЦЫЯ0МВЪИ#
31830.opus,ФЭ3ГЖАЬ
31831.opus,ИЭ71Б#А
31832.opus,Г9ЫЭЦЦУЮ
31833.opus,ТУ ОЦ6М0К
31834.opus,НЧХГ #ЦЩС
31835.opus,ЦУГУР#ШВ А
31836.opus,91 НАВЖЧХ
31837.opus,ЭЭ0Т ФЮТЬД
31838.opus,Ю9П68ФЕХЬ
31839.opus,ЪФЪ31О
31840.opus,ИЛЪГ4ЦЛ6
31841.opus,КХЙХЪ3ЧТФФЛ
31842.opus,ХЭ6ЮЪЛХП
31843.opus,ЖЧИТАУЦХ5ЛЫ
31844.opus,ЯВХ0#3
31845.opus,ФИ 1НУ2 Ю
31846.opus,ЛЩН7НВИУГ
31847.opus,ДВВРГ3НЬБ5
31848.opus,АШЛНЪ7ЧБЕЫ
31849.opus,1ЕФ94НСИ
31850.opus,5Ъ6ЬЖЧ
31851.opus,0735#2 Н
31852.opus,ЗХЗ 5ЖОЪ
31853.opus,Й#ОШНЕ3Х
31854.opus,ИК#ИЩЯЭ3М
31855.opus,ЖЦ7УБРЬ8Ф
31856.opus,ФФ4 ТИХ3#
31857.opus,93РВЫ ЦШЧ
31858.opus,ХЯ БЭ3РБЧ1
31859.opus,ОАМЬГУЩ6В
31860.opus,АЕЩ5Ш8#
31861.opus,4ЗБШХСЪЭ5
31862.opus,3ЭГЦЭ #ЙИ
31863.opus,1ЧИ2ЙГ 3Т
31864.opus,ЭК 53ТФЮУ
31865.opus,7Е09ЦС1Ю
31866.opus,0А25Л8НЧМЭ
31867.opus,УЪКД7ЕКЙЛВ
31868.opus,Ц9Й7 Г7
31869.opus,8ИЫ4ХЪЪЛ4М
31870.opus,Ь6ШК7 ЭТЯ
31871.opus,Ж8ЦЭГЦ
31872.opus,МЬ6БСИФШ9Х
31873.opus,6УЩЦЩ7
31874.opus,5ЛЕДЙ ЩЫ
31875.opus,ДКОПФ4ЪЖ
31876.opus,З ЫЖ ГЕ ДХ
31877.opus,АЩЬ33ХЪТЦБ
31878.opus,0РЗЪЩ05
31879.opus,А#У8Ж
31880.opus,8ЪФОУ3ЪБТ
31881.opus,ЮЕ45ШЫ##
31882.opus,ХЭС4ЗВВО
31883.opus,ПЦПХГХ9Л7Ь
31884.opus,ЬЧ3Э61Г
31885.opus,Ы Ф9#УИ17
31886.opus,КЯ2В7РАЯ
31887.opus,СЪЛ1 ХФИШ
31888.opus,ТЫШБУЮЮФЫ
31889.opus,3ЧЕ7 ЛНПМХ
31890.opus,ЛЗ1#Ъ
31891.opus,5И3Ц ЩГ6
31892.opus,УФУХЭ4ЩШ#
31893.opus,ЫФЕЫЮБЭ
31894.opus,В ЕЬ12МТЕНЛШ
31895.opus,5ЙФКЯЗРЭ
31896.opus,3Я5СЩЦЩ3
31897.opus,ТЩХ#ЫЗЭЗФ
31898.opus,У5ЩВЫГФ ПДМ
31899.opus,ЛЦДЫА2ЭО
31900.opus,32Ж5Ю ПЪБ
31901.opus,ТЭ5ЫЙД8Л6Е
31902.opus,Т0УЭ9Б
31903.opus,3 8ШЗ4 Ц7Ы
31904.opus,ФХЪЪЩЪ9
31905.opus,У3ЩСД ТУТ9М7В
31906.opus,ФТ7З0И Ж
31907.opus,4Е2 ВМЬШЕ
31908.opus,ЫАВ32Н4Э
31909.opus,В ЛНК3ЫУ8
31910.opus,ИЙ ОО45В8И
31911.opus,ЦЧКК65Ю#
31912.opus,7РСЛЛФГ2
31913.opus,ТЫЯЦЗ9 Д5
31914.opus,4ЫЦ 8О ЗЬ
31915.opus,ЪЮЫ5ФГ5ЭЖС С
31916.opus,2Н#5ЕГБХ2Н
31917.opus,Э4ЮБКМЭМ
31918.opus,ОЦЩ8Ж25ПФ
31919.opus,ШГГКЮЪ#
31920.opus,СЙННАЭ#ЙШЖ
31921.opus,ЦБЧФП0ЮО
31922.opus,8СГФН ШКДЮГ
31923.opus,БХЭЙОЭЗЬО
31924.opus,А206КЧГ
31925.opus,0Д 8ИЕИЖЧБУ
31926.opus,#ЪЯЪЭШ
31927.opus,К3#МЫАЩ
31928.opus,А7Т8Т5БЫЙ7
31929.opus,У4ЬЪЯ9П5
31930.opus,РО5Й9ЭСХКВ
31931.opus,Й5ХЪАПТЧ
31932.opus,ЗХ367ЖЭАП
31933.opus,У20Б#10
31934.opus,НП9#3КЕГФЬ
31935.opus,28ЬЦ4К6
31936.opus,А2ЧАГ#ГЬЯГ
31937.opus,Н 0Т ЯЫМЙ
31938.opus,7В4 88Ш4
31939.opus,НЭЪХ9 74Я
31940.opus,ПЬЗЖ17ЖЧЭ
31941.opus,#7Л5ДР ЫП
31942.opus,ЦЩ Л5РКАЕ#8
31943.opus,ЕЕЪАЩ РОУНВ
31944.opus,Ш4ЫЭИД8К
31945.opus,#1БДЫТАГ
31946.opus,ЫЙИ4РЩЬЖШ
31947.opus,8Ж#0 Й4
31948.opus,ХШЩ 52НУВ
31949.opus,ЙД76ЧЕС# Э
31950.opus,ПС7ДГЪ2П
31951.opus,УДТМНЭЗФ24И
31952.opus,НМЭЯУФ9
31953.opus,ЦЯДЛ Г0Ж
31954.opus,5 70АУР
31955.opus,ЯПЬК9Ж#ЦЕЛ
31956.opus,Е П5ЗП7ЪИЛ
31957.opus,ККРОЯРЙ Ю
31958.opus,Н4ЙБГЫ9
31959.opus,ЦУДГ3ЖЕГЫИ
31960.opus,ЬДЖ 67 2И
31961.opus,АЭ7О3Я6П
31962.opus, Ц ЗКЯ6Э2Ы
31963.opus,1ИЬ2ЧГХНШ
31964.opus,Щ5ЯЗЧЧДЭБ
31965.opus,МБЙКФГ7К
31966.opus,С2ЬСЭВЪДЯ
31967.opus,Л1В6Н71
31968.opus,ЭХ1 АЙР9Б6
31969.opus,УК6ЙЩ ДУДЙЗ
31970.opus,6810ЛПУ
31971.opus,9Э4ФОЦ4Д7
31972.opus,Л8#ЬБТА8
31973.opus,ЙКЖ3Ф1Ю
31974.opus,79Ы4Я3РЩ
31975.opus,ХОЬЫ9КТ6Ъ
31976.opus,#44ХЧУ
31977.opus,4О Ц9А4Э
31978.opus,ЖНБЖВЙ И2 5
31979.opus,СДА6ПШЕ3ВДЩ
31980.opus,ЧСОЗАЩ0З5
31981.opus,БЬЫАД#ЯУР9
31982.opus,НС9 ЗЕ0ЮД6
31983.opus,4Э0ЖПОП К
31984.opus,4ББФОЗЛ4
31985.opus,Ф0Т1Ч1З7
31986.opus,Й7ПВЫФ ОА
31987.opus,ЮЪБХЕМХБС
31988.opus,ИМКТРЧ ДХО
31989.opus,Й9Ю0ЕЗПЙ4
31990.opus,ПСПК#СВЮЯ
31991.opus,94В48КЫХ
31992.opus,ЦЪТ Ш#ЦГ
31993.opus,УЭВЧЦЭ УОД4
31994.opus,ЛХ7#ЪЗ
31995.opus,3ЫИ1А0Й
31996.opus,ЗЭЯЯ8Ф
31997.opus,ЛЪ8ДШУХ
31998.opus,ФД С2ГЫЫ4
31999.opus,Ъ3Л1З95Т
32000.opus,7СНШКХ НП4
32001.opus,ЗП6ЬК0П#Ц
32002.opus,2ЭНЫП Ю#
32003.opus,ЧЧУ 3 Й6Ж0
32004.opus,ЧЭ2ТБС0ОЗ5
32005.opus,Ф2З68 Ы
32006.opus,ФЦРЛУШДЩ
32007.opus,74КЮТЛЩЧЭЖ
32008.opus,#ВФ4ЖЪЙ1Н
32009.opus,ЪЩБЧЧШ
32010.opus,1ЗЛЛД5Х2ЮЪ
32011.opus,ИЪТВ3Х ЦШЦ
32012.opus,47КЭЩВЧЪ
32013.opus,4ЛЖ008Б
32014.opus,Ъ5Г3Г4#ФФО
32015.opus,Ы Й7ПЭ5Ч
32016.opus,2ФЦ14Д
32017.opus,24ГПЯЗЗС Ш
32018.opus,0Ъ1ЕАЫ5ЙЙ
32019.opus,ЬПЫЭЕУЦ
32020.opus,Ъ АА ЦС#02
32021.opus,ЖЖД85Ч2ЦЖ
32022.opus,ОЖОБЛ4К
32023.opus,Ю3Н0ОИФУ
32024.opus,ВЯР40П3Э
32025.opus,КЧШЦ5О3 9
32026.opus,4Е51Ю4ЕХГ
32027.opus,6Ь ИРПЛЛ0
32028.opus,5ЙЮ8АС7Ш
32029.opus,Я66ЮТ9СК6
32030.opus,ОТНЮАЯГУРЗД
32031.opus,1ГПДЗБЩГ
32032.opus,Ы3ЬСВ5 ШНЭ1
32033.opus,40Я#0СЯ
32034.opus,ЯЦПХ0ХХ7
32035.opus,6Э5Ц60ФЯМ
32036.opus,РСЪ 8ОТЛ
32037.opus,И6ЗРШЕ3ЮКЭФ
32038.opus,МЛА2Е9ЯГДДТО
32039.opus,БГГДДФЗ
32040.opus,Щ08Р9КИСН
32041.opus,ШВЯ#2К
32042.opus,ДНЗМЛНЗ
32043.opus,ТЛЩГ6РЖЙЮН
32044.opus,НУ ЧЕ РГЬ3Ж
32045.opus,39ШЫ69Й
32046.opus,Я9#ПГХ#К
32047.opus,ЮГДДНЗГЧБ
32048.opus,Ш 7УЩСПЦ4
32049.opus,Л1ДНФЖГ ЧВ
32050.opus,4АЪЮОМ8ДО
32051.opus,Т#0ЯЫЛ#4
32052.opus,886ЮПШ5
32053.opus,УЧЬЪЗЖЛХГЮУ
32054.opus,7Щ Ъ2Ц3Г
32055.opus,4ЖЛЖ3#Х
32056.opus,ИЦД1Ц0ЭВ
32057.opus,РКВ#0ЦИЗШ
32058.opus,УЫЩК1НЖ
32059.opus,894БЖАБЕ
32060.opus,ОЫН3ЧЦВВ
32061.opus,5Т82З2ИГ
32062.opus,Т6ЯУ#ГЧ
32063.opus,Л8ЬА9 Ч
32064.opus,Ы0ЩЛРЖЕ0АН
32065.opus,Л9ОЯЕ8О
32066.opus,УМ БИ6УМП
32067.opus,ЙП Е5Ц#3Щ
32068.opus,4ЗИ2 ЧЖЛ5Л
32069.opus,4Р8ДЕ74В3 Д
32070.opus,Д#4ЭЪФСИЯ
32071.opus,Ч МС0АЛУ
32072.opus,Я4Ш4Ъ#8
32073.opus,ЩХК4ЙРФБ
32074.opus,Л0ВЙ#КТЭ#
32075.opus,П646Я9И48
32076.opus,4ЦНОЮЭЩВ2Н
32077.opus,ГЗБПЧ9ДИ5Л
32078.opus,54ЖСВЮТЮО
32079.opus,ЗПКЖЪУОЕ
32080.opus,Л79ЮЩРХЛ
32081.opus,5ЪРЙСЦО
32082.opus,ВН61М9ЮЕИ
32083.opus,ГЖЮЧССЮ У8А
32084.opus,ЙР5ЭЧБРЯ
32085.opus,3ОР1БОЭС
32086.opus,ЧЪ ЛК ЖЙЯ
32087.opus,2ЙЦ0Я Т1
32088.opus,УЬ52ЪМЯ
32089.opus,Ф БЪЬГ0
32090.opus,ПП#З4ДФО
32091.opus,Д8АТЩСУБ
32092.opus,ШАМ6МГП
32093.opus,#АЯ РМЙЙ
32094.opus,Щ6ПБЦЖ ЛН
32095.opus,ЛХ#84ЯДЫ
32096.opus,ЮЫЖ536
32097.opus,2#ГСЫ1С
32098.opus,СЖЗ2ЙГ877
32099.opus,Ь3Ь К ЫГ6Х
32100.opus,4С3ОРФ4В
32101.opus,АТАВР 2 Э5ЖЦК
32102.opus,7ЫЯ#0
32103.opus,87ГЫБСПЬН0
32104.opus,6ШРЦД9РР6
32105.opus,ЩТИЫ5Й2ЪИ
32106.opus,4ГЯ0ЙВ
32107.opus,В5Н0РЯ4
32108.opus,4УЖ6БАЧЩЪ
32109.opus,ЫЧЗЙИ Щ5А1Щ
32110.opus,П5БПЫ7ИИ 1С
32111.opus,Д7ЕЗБМ Щ6
32112.opus,РСФТП1Ч5Ц4Ф0
32113.opus,М7ФЭТЫДИА2Н
32114.opus,5 МЩАКХУ7ЖЕ
32115.opus,ЕЩПВ9ЬИЧЛ6
32116.opus,ЪФ6ЬЗ1Е#
32117.opus,8 О Й12Ж
32118.opus,##5ЗПГЕ
32119.opus,АЬ П0ЦЕ8
32120.opus,ЫЭЭЪЪЫЫФ
32121.opus,Т41ЮЫДГШ
32122.opus,ТДФ1ДЖР9Ч
32123.opus,ЭХ8ЖЪТЛ0
32124.opus,С 6РЭ4691ЖЕ
32125.opus,З1 ОЙ8Ш
32126.opus,ЭЙИЧ ВЭВБЬ7Е
32127.opus,ФУЪЙЖ0У#ДС
32128.opus,3ЪЬТ66ХИ1Ф
32129.opus,НН#ЮГЖ16ДЫ
32130.opus,2С9У9ЛГ5
32131.opus,З ЕЮВЯСХ8АГ
32132.opus,9ПБШЙВАУРЬ
32133.opus,У6ИКТЭН Ц Я
32134.opus,3АБ5П7 Б7
32135.opus,7ГВ4ЗНЮ
32136.opus,8Б6ДП Е ЪОЧ
32137.opus,ЮР ЙП85ЛЙ
32138.opus,6 ХЫКОЭ
32139.opus,Л5ФРЙ59ЩЭ5
32140.opus,И3ВДЭЫЬ0Б
32141.opus,0АЯОЧО#2И
32142.opus,4ТЕЯ8НЛЧ8
32143.opus,Ы2М8ПКА8М
32144.opus,С9И1АЪЗМ
32145.opus,Э8ШВ64 ДЬ
32146.opus,ВЗПЧ6Й ХПЦ
32147.opus,9ШГ 8К ВУ
32148.opus,Ч8#ЯН7УБГ
32149.opus,306ЯЯЕБ1
32150.opus,#НЯЖЫТЯТ
32151.opus,6ЗГЖЖЭ1
32152.opus,ЙЪЖХЖ0ДЕ
32153.opus,1ТЬЪ2ЪВ
32154.opus,8Ф#С7ЛК
32155.opus,АУ2ЭЭКЛ0ЪМ1
32156.opus,6К3ЛЭО
32157.opus,ЛЕЖЭБЯВ 2
32158.opus,ИШЬАЗ А5Ь
32159.opus,1ЬФ00 8 Л
32160.opus,72 8К Ц
32161.opus,ЬВДН99ЯЖАА
32162.opus,# И7Л8 АВК И
32163.opus,ТНЙБЯЗЦЪ
32164.opus,55ЖЙМ 0ЬАЕ
32165.opus,ЕСБРЙАЗЖ
32166.opus,Я6АТЬЫ НУЯЗЕ
32167.opus,#Я7567
32168.opus,Ш5ЧЩ0ПК
32169.opus,КА60ПВБХИ
32170.opus,4ЪЛЫЫМР
32171.opus,БД1Т ТЬЙ
32172.opus,З4#ОИДСЦ7Ы
32173.opus,Ы4ЫЖФП4ОХ
32174.opus,ЙЛИЩШ2ХС ИЖ
32175.opus,4ТЯ7Б30ЕЗД
32176.opus,3ЧЮ688
32177.opus,ЙУЫР8ФПТ ЛР
32178.opus,АЬЧКН3ФЛ
32179.opus,9Х5ШЗБЦ
32180.opus,ЦЕ5МЮ4ИМ4ЙЮ
32181.opus,ЪЕ7ЯДХЫ2Б
32182.opus,4 ЩРЮЦ
32183.opus,УЕ0СБФХВИЭФ
32184.opus,ГГ7ЯЕ 2О2КЯ
32185.opus,7ПЧЫ22
32186.opus,8ЪМ3ИЗ#
32187.opus,6ИУ ЭС6М4
32188.opus,ЖВЮМ0ВДГУЕЖА
32189.opus,ЗЛИ8С53ЩРЮО
32190.opus,#0ИКБ0НИ7
32191.opus,Л8Ф0ХЗ6Е2
32192.opus,ЬХЛЬ6ФУМЙНЙ
32193.opus,Р Щ1ТИ3Г
32194.opus,ИЧН997
32195.opus,Щ8ЪНЦЫИ
32196.opus,ЩРЪВ1ЛШ
32197.opus,Щ4Ф4НЖ#М
32198.opus,Е94 МВ6ГМГ
32199.opus,0ЧВ#4Д4Ч
32200.opus,Р2Э8Ы44
32201.opus,ДАГЭ20ТАЙ
32202.opus,5ВЬЪЪРЦ БК
32203.opus,Э7ЭЙОДДЪР
32204.opus,Ч858ТЙЩН ЬХ
32205.opus,1С1 И6Ы7Н4
32206.opus,ФЧЙ ЖА6БЗ
32207.opus,ЗС80ХЮН
32208.opus,4П4ЯП 5М
32209.opus,ЧЮЭЙ2
32210.opus,ММТТЦБЧНГУ
32211.opus,МЕСВИ 0АФЦ
32212.opus,ЯЪВЦЖДЦЬЬ
32213.opus,РЯ И1ЛФЩУ
32214.opus,Ф4ИХР4Щ#О
32215.opus,А ЧРКЪВШСЕ9
32216.opus,ЯЦЯ2РЙ4Ь9
32217.opus,К09СВЙ
32218.opus,4Я 6АЪ8
32219.opus,ПЮЯЗ2ОИТЖ
32220.opus,ЗЧ ЯАЙИПО6
32221.opus,ЧЩФ#Л 9РСУИ
32222.opus,01 ПЩ М
32223.opus,6#Х8ООФЬ
32224.opus,О4ТХЬИ1С
32225.opus,Щ О65П0
32226.opus,П А5ЪОГС#
32227.opus,МД3Ы ДЭННИХ
32228.opus,ГЕЦ0ЪФД5
32229.opus,У1С Ф4ЯЧЧ
32230.opus,ЕЕ6А5ЦМЭ ОИ
32231.opus,ЖТ0ШИЬ26З
32232.opus,Т#3Ч8 Ш
32233.opus,Ч3ЪЕ4ГШ ИМ
32234.opus,ОЧ8Г5Б2ИШ
32235.opus,#93Я#УТ
32236.opus,Н4ЦГИВЮОКР
32237.opus,2ЛЖ9БДВХТ
32238.opus,Ы5ЫКБДЯ6
32239.opus,ДЩО9РКЛЮШ
32240.opus,ГМ333ЛВ
32241.opus,РЮЪН7ДР#ХБ
32242.opus,Т9ПИЦЗ#НЯ
32243.opus,С9ЮЙ5О4З9
32244.opus,ХАЩЧ3НЬЛЮ8
32245.opus,ЕЮД 8Э7Л
32246.opus,ФСЛ#ЧЕР2БЬД
32247.opus,Я#Ч ЪЧ Л
32248.opus,МБЭПЮЧ7
32249.opus,Ш ОО9ШЖ
32250.opus,#Ь7ГДЩША
32251.opus,ЪТРЖЭ5Н0
32252.opus,Й ФЭ4Й0
32253.opus,ВЧ67ЗИЯ 6
32254.opus,46Ж3БДЭЗ
32255.opus,А5НП0ДЖИ
32256.opus,БЗ#А4НЛ ЬУ
32257.opus,4 ЫЫШ4АВП
32258.opus,#4ЧГДЭТААБ
32259.opus,7 5Ж4АЯО8
32260.opus,7ЬУЯ5Ы7
32261.opus,АЦС7#ТЮЩН
32262.opus,С 7ЛВ 0СШ7
32263.opus,РЭР17Х2Ч9
32264.opus,Ь3Е1Щ6РИВ6
32265.opus,ЧЦ ТП АБ ЬИЗГ
32266.opus,ЦНЮВФБ БЗС
32267.opus,ЛЧРЬ1К4Я
32268.opus,Э КБПИ9ЬВЯС
32269.opus,И8Ъ 5ВА37
32270.opus,И4 Ж65Т3 #
32271.opus,ЕЯ14Е6ЮЯЙ
32272.opus,В Ш1 ЛК7И
32273.opus,4803Ы38НБ
32274.opus,9А7Ь3ЙФ#
32275.opus,0Х2ЯТЦ9 ЧО
32276.opus,12Т9ФЬУ
32277.opus,Ь02ЭЫР
32278.opus,Ж5Б4БЗНЙЯ
32279.opus,ФМ 1О5Л
32280.opus,Й4И91Р 46НЕИ
32281.opus,ОФ# ГПИ4НЖ
32282.opus,8Р3Т9#0
32283.opus,УЦ7# 2ЭЮ97
32284.opus,ХР8ОЕ5М1Д1
32285.opus,05 ОП6
32286.opus,3 Х39Е#Я
32287.opus,ЛОЬ6Ж51ЪГ
32288.opus,ГЮ5ФЖ7ЖЛА
32289.opus,3ЪЗ0 Ж
32290.opus,ОЫ19Ъ4
32291.opus,3#АБЩК#ВЕЫ
32292.opus,9ЕЕДЕПАЖ#С
32293.opus,48ЗСРКБХ#
32294.opus,Ы4 2ЭД6 57
32295.opus,5ЖП20Ъ1Л
32296.opus,ДЩРЩЯ7Ж ЯК
32297.opus,Т9ЗЩЕИИ4ЙЛБИ
32298.opus,6П #МЧЬ
32299.opus,9ВМ3ЭЛС4
32300.opus,ГЙИКДРЬЖЮЭ
32301.opus,3Ф5ЯЧ6ЦЦЕ
32302.opus,3А 5ШЬВДЪ
32303.opus,ПИ0АЧ БЭКВ
32304.opus,91ГПП2Н0НУ
32305.opus,Н48ЧЮФНН2
32306.opus,8ЪЩИ7ПЧГ
32307.opus,071ЭЖЛН#
32308.opus,5Н1Й3М4С
32309.opus,2Ч7ЙЛЦСЖХ
32310.opus,Ш9ЮУВШАС
32311.opus,0Й5П3НХ4
32312.opus,ЙБЩЬЫЫРРУП
32313.opus,ЖЫГРСШ7
32314.opus,ФШМ26Ф7
32315.opus,ЭШ1#5УО
32316.opus,ПБ8ВСЭ0ЩО
32317.opus,5ЪТЫ3МК32З
32318.opus,Ф08 ДЩИШ
32319.opus,6ФЫМЬЗШ
32320.opus,ЦЗ9О06#
32321.opus,24АЦ6ЩЯ
32322.opus,3Н3Р ВЫГ8И#
32323.opus,98ЗЧ4ЫИ3
32324.opus,ВЯ0ЛУВФ4
32325.opus,716Б МИП 2
32326.opus,ХЧЩ 8ЧФШ5
32327.opus,Т0657ГМЧФБ
32328.opus,ХМ72Е3ХЭА5Н
32329.opus,ЮЗШСТО#Ж
32330.opus,Г С7ЦПИДЭ1
32331.opus,МВ7 ВЖ6Ъ
32332.opus,#ЪЪА5ЯИЙ
32333.opus,ЪЧЛЩ3О
32334.opus,АВЙМЪ6Й
32335.opus,ЩОКНЪНМП
32336.opus,КФ 88ЫШЗО
32337.opus,#ПЗОНКИБ7СР
32338.opus,АД3О Н9УЕЫ
32339.opus,С4Н8БИЮЙЛП
32340.opus,ЬШЛОЧ8П
32341.opus,Р6ЗЧ9ЧБ5Л
32342.opus,ЫМШБВ#Э
32343.opus,РР92 0
32344.opus,ЫКНС1551
32345.opus,МЛУОТЖЛ4МДП
32346.opus,#ТИ7БН9А
32347.opus,9 ПЛИЙТМЭ
32348.opus,УИ5Ю#ТТ83Я
32349.opus,Щ960УГХГ
32350.opus,ФЬП1ЦА9
32351.opus,Я5МЯ3ЧЭН
32352.opus,ИКК66ПШ
32353.opus,АСПОБЦЛДЫР
32354.opus,С3З1Д Ь Ь
32355.opus,33ОФП5ЗЩ
32356.opus,ЖЭА ДФЕНЫЧЧ0
32357.opus,М866МРБЧ5
32358.opus,ЫЙ РОЯ1
32359.opus,Б ДЛШСИ
32360.opus,2ЯУХИЙ0Ю
32361.opus,5И0 ЭЩ Э5ЬЛ
32362.opus,РЬРЭИ 1ФЖЛ
32363.opus,ВЬТБ5ЙЯ3ТЫ Л
32364.opus,95ДЕКЯЙ2ПЭИ
32365.opus,ППФДОШАЗЮ
32366.opus,51ДОЖБОЩ
32367.opus,ФЭ#8ГВЯЩДП
32368.opus,ТЙИЫЛФБ2ШНТ
32369.opus,Г4ЬСУЦЩЗЮ
32370.opus,8Ц6ЮЦЦ НФЩ
32371.opus,ЬРИХКЫИХ1АЙ
32372.opus,Ч2УШЕТКС0ЙЦ
32373.opus,ТБВ31И ЫЬФ
32374.opus,5542#5ЪЮЗ
32375.opus,РПНК35ЖЫНО
32376.opus,ЦГМФ89О
32377.opus,Ж ХЭТ2ОТ6К
32378.opus,Щ#НДТМ6Ж#
32379.opus,Й6 ЮД#ОСО
32380.opus,Б ЛЩОЧЩЛ
32381.opus,66ЦЫ1ВФАП
32382.opus,А Г1 Ъ5 ХФШ
32383.opus,А0ЭУОЖЖ8
32384.opus,9ДС78О7НРОД
32385.opus,ИЛНРГЫП5К
32386.opus,ЖЗЧФ193
32387.opus,ЗТЖЙ 64УШ
32388.opus,ЬЯ1МЮЬ
32389.opus,СШ1ЕПЭТ2
32390.opus,ФСЭАРУАДЭ
32391.opus,ЗГ4ЕПМШГ2
32392.opus,П7Е 52 ГПОК
32393.opus,#ХЩ0ЙЖО6С
32394.opus,ВЕЮГВЯ5Х3ЗЕЦ
32395.opus,ГЬУ1Ю0ГШ
32396.opus,Э ЪПДЛ8 9
32397.opus,Е Б2Ф055 54
32398.opus,52#ЮЭГ0Г
32399.opus,В8СЪШЭ8
32400.opus,8 ЬЫ7 6ЧХ
32401.opus,Ж7ЖЮШЕЧГЭ
32402.opus,#Ц6З7КЖ5З
32403.opus,С7 1Ю4М2ЕЧ
32404.opus,ЪКВБН0
32405.opus,ПЮМУКПРЗЕПДБ
32406.opus,2ЮЫЮБЫЯ
32407.opus,ЩБНШ8ФЩН
32408.opus,Я7 6#8ЪЛБ
32409.opus,ЕЦР137Й0Й
32410.opus,ЧШ3ЙРЦРУ
32411.opus,22П0#СКЭ
32412.opus,1Д Щ ГЯ3
32413.opus,ВЭ ВН6ХЪАЖН
32414.opus,5ФСЮФЕМЩ4
32415.opus,ЖИПЦ1ВКА5А
32416.opus,ВБ1ГЗЫХК В
32417.opus,ВГ АМ1Ц1А8
32418.opus,ЫЛШВЮ КТ
32419.opus,7ТО УБЬ4КХ
32420.opus,НГКГ АНМДЕ
32421.opus,ЬЫ ЙЫ1О
32422.opus,ЖПФ ХЯ55
32423.opus,ЯЩФ4МОЖБЖЕИЗЬ
32424.opus,ЖКЧ0ЩЖЕК
32425.opus,АЗ ФФРНЕЬ
32426.opus,АЗХЮМФЗЯ28З5
32427.opus,Ъ Л4ХЕКТ7Л
32428.opus,ЛО5УС 6К6ХО
32429.opus,ЗЯРУЦЛ05
32430.opus,О6#ЗЯ8Ю8СА
32431.opus,Ч2ЕЭС6КСЦА
32432.opus,44СШ9 ПКГ
32433.opus, 0КЫЕКВЗЙ
32434.opus,БОРЬ У ХР #
32435.opus,09ЪР8
32436.opus,Щ2П0ЗЭ
32437.opus,МТПЬЭЦ7УЗЕ
32438.opus,1376ГТХ Н
32439.opus,ЦШ8ЦХ3КЕХ
32440.opus,ЕЛ 7ЯО5ПВ
32441.opus,ФЛМУ Х5ВУ7
32442.opus,КОИ##И ЖЕЗ
32443.opus,ОА Ы3Й63
32444.opus,Ф7563Ф1
32445.opus,КЗФНЖЪЮ#К
32446.opus,ЮЙГЖЙЮ
32447.opus,7ЪРДП63
32448.opus,#РУ4ФЭЙЬ#
32449.opus,У7З7#ЧЪК
32450.opus,СЮЦЪЮ #9Ь
32451.opus,74Щ8 П#Ф
32452.opus,48ЭЙ8Ы
32453.opus,ЙЪП79З БЪ
32454.opus,ЧКТЯ0 ЖЯ
32455.opus,ПГТЭ3НЛГЦЫ84
32456.opus,961ЩБ4ИЬ Л
32457.opus,ЪЮТТЯЗМФ
32458.opus,Й7УГЗРИ Ф#П
32459.opus,Ш#Х ЙЪ8
32460.opus,ТХГГШ 3У
32461.opus,#НЫ04А8
32462.opus,3#КПЧ5В
32463.opus,4#У 4ЭМНЙ4
32464.opus,ЗФХКЬЦЙГ9
32465.opus,А3Щ700
32466.opus,ХЫД1ШЮУ
32467.opus,ЪЩЛФСОЫ2Ш
32468.opus,ВГ4С568ШЧ
32469.opus,3ЧГСВ1РЙ 8
32470.opus,#ФКМ2О7Э
32471.opus,Д3ЬЪИБИЩ5К
32472.opus,ВГДБЭБЩ2УИ
32473.opus,# 7ФНШ5
32474.opus,Ш Щ5ДЬНЭЮД
32475.opus,Щ4Т 3ДЕЩ5Ч
32476.opus,ЮЗМКЦОЖ
32477.opus,1Ф1ПБГК
32478.opus,4 ШЭ З0ЬШ
32479.opus,ЫЕ6О0ВЗЬИ8
32480.opus,Э6ЩЭ6ЪЛ3
32481.opus,Ч ИУУ Л 2О
32482.opus,ЯИКДВ08Ф Л
32483.opus,8Х2ЬЕ5ИЧГ
32484.opus,Э93ААН2Ч
32485.opus,2ТЭРГН 9
32486.opus,ЛЪ ЦЪЭ7
32487.opus,ЙЭ6ЫЯЪТ9А
32488.opus,Б СУЪЗФЕКД
32489.opus,Х0Л1ШТ6П
32490.opus,Х4ЭЙИ0ИНЩЙ
32491.opus,9ВХЬГЭШЗВ4
32492.opus,АНЦЦЬАИТХЕЛЪ
32493.opus,ЗИЭАШ3 Ц
32494.opus,ПТНБЩЭР 6БТФ
32495.opus,Х7ЧСФБ2
32496.opus,Э6ОРДЬКЧЭ
32497.opus,Е7МИ0ЮК
32498.opus,1Ь ПЗИДУ#
32499.opus,Ш1Ю0КО
32500.opus,9ХПЛТЫЪМЕ6
32501.opus,01ЪЮ6Е5Т6
32502.opus,НБЛЩСЖШ2ОМ
32503.opus,АЫЖЮ #ЭЫ
32504.opus,ХЙЛЧ8Я ДЩ
32505.opus,7ДЗЗ6ЬЮЧ#
32506.opus,ЬОЦ ЦШВП
32507.opus,1ЙБЛХЮ2 КДУЛ
32508.opus,АЛО5 ЕМЯЭЭ
32509.opus,ПЗ ПЬ##
32510.opus,Н6ОС0 АЕЩНДУ
32511.opus,Е9 А7Б908О
32512.opus,РМР7Х Б2
32513.opus,ЫИАД#ЯЬЬН
32514.opus,4 КЖМЛ6Ц62
32515.opus,УЭ2Е6Ж# Н
32516.opus,ЩЗЖ6БГУЕКЧ
32517.opus,УВМ ФГЧШ8
32518.opus,#74 Б ЛКЫ2
32519.opus,З2ЧБИ#Ц0
32520.opus,9Б1 45ГЮЕ
32521.opus,ШЕУ 2Е3И#ША
32522.opus,7 ВЖ#БДЪ
32523.opus,23ЕМЩМЪ
32524.opus,4ЙФЯ2У2Ъ
32525.opus,ЦЕДК4ХА4ДХ
32526.opus,Ю6ЬЖЪЦСЬ
32527.opus,0ШИ НВЖХ
32528.opus,ЖЦПОЕЖЙГР3Б
32529.opus,ТС6ОШЖЪЦС
32530.opus,Д5 #2ТГ93
32531.opus,#П510ПЧФ
32532.opus,СЪВ5#ТЪАХ
32533.opus,2#УЛЪ5МХВ
32534.opus,05 НЩ844
32535.opus,ЯТШЖБС34
32536.opus,4ЮЬ2МЛГЦ#
32537.opus,ДУХЕ6ГГМ9З
32538.opus,КП58КНЦ4У 1
32539.opus,ОРВ7БЩД5Р
32540.opus,ЫТЙЬИ6ЛТЯНК
32541.opus,УЫ 8ЯН7ЦГД
32542.opus,ПЦ656П5РРЮ
32543.opus,С1ЩБГ4Г9Х
32544.opus,ЯХИЧЮВУИ
32545.opus,5Щ1ЧЕТУЭ
32546.opus,ХЪЗЕЦГЛ6
32547.opus,ЬХШЩ399Ю
32548.opus,1ФЫНФДФС
32549.opus,ПЫГЭ0Ж
32550.opus,5ДПЯЭ1ЬЙН
32551.opus,017ЦН
32552.opus,БИА05Ч3Н
32553.opus,ГОП # Ф
32554.opus,9#1Д6ЖП
32555.opus,Ж9С1РГ
32556.opus,З48П9А7
32557.opus,8ЧЧЖЫ#Ф
32558.opus,Б9ФВХ7ЯЭ2#
32559.opus,ЭЙЧЪДЕКЙИ
32560.opus,ВЩУХЙЩ8НДН
32561.opus,13ЩАВЛЗ
32562.opus,Ч9ЮЗММ2
32563.opus,Ь28ЦББЛГК
32564.opus,ШЗЫ04Е0
32565.opus,2ИВ 2 ОХРФА4
32566.opus,ММЗЛКАФХБЗ3
32567.opus,5ЕБ2ОХТШЩ 5
32568.opus,ЮХЪЗГ3АШ
32569.opus,3С8ВЫШЧБТ
32570.opus,##З7ДЧНЮ
32571.opus,Ы ЦИ#6ШХ
32572.opus,МЙЧЮЭ83ОСН0
32573.opus,Ы4ЦПРТЮ5
32574.opus,3ФЦЬНАТЯ
32575.opus,5Р5ЧО#Д
32576.opus,ТНТА8З2ХБ
32577.opus,ЦС59ЭЮЮЕЯ7Е
32578.opus,4#2ОЖЕСЯЕДУ
32579.opus,8ЩЪИЪХС
32580.opus,ЩЕ4ЦПГГЯЯ6
32581.opus,ДЦ06ШЪ
32582.opus,Х8ЛФ8ЧБК
32583.opus,Р ХИ ИСЪ5П5
32584.opus,К634772ШК
32585.opus,ФНГ8ЬЙЯ
32586.opus,ТЯ9Т ВСФСГ
32587.opus,#383УПАДЦД
32588.opus,СЦНЙЯЛ#0
32589.opus,4ЗУЯГОЬЮ
32590.opus,Щ1ДЬС3ЛЕ3У
32591.opus,52ЫБ0ЧОЭ
32592.opus,ЗДЮ3 Ы3ЖГ
32593.opus,ЩАОЪРЖХН С
32594.opus,3 66ЩЕ16ЖЧГ
32595.opus,САЧВАТХЛ6
32596.opus,Ш#7Ф9ЫЬЕ5
32597.opus,Ф4ПТЮ
32598.opus,Э#ВГТЖ4С4Г
32599.opus,7БЩ49ФЭ
32600.opus,М ДИЗХМРПГ
32601.opus,ЭЮ37ОЯИД
32602.opus,8ЖЛ ЩР2Щ ЭС
32603.opus,1В0ПЫБН
32604.opus,91ЙЩНЪЗ Й3
32605.opus,ЮЭП 0НЦ ЪА
32606.opus, РБ6НСИШ
32607.opus,ТЦР6ЬЯ48
32608.opus,ЗС#ХВВЫ5
32609.opus,РЯВЩ24
32610.opus,ОГ0УОЯУ
32611.opus,7З9ОЪГЧ
32612.opus,ЦЙ 976ТИЪ6
32613.opus,ЯМС7Ш ГБВ
32614.opus,ВРСЦЗ2ЫЙ
32615.opus,ЙЬ1ЕВПКД
32616.opus,ТШПЯЖЛЬ7Р
32617.opus,7ШИАЛУ
32618.opus,ЖМЧИЙЧТГ1
32619.opus,БФЖ4ЯХПЯ
32620.opus,99ЪФЯГ
32621.opus,НШ455ЛААБЦ
32622.opus,МЬИКЫ ЙА9ХЛЧ
32623.opus,8Ф6БФЖ6 #
32624.opus,#ВЮВС ЪК6
32625.opus,Э9В985О
32626.opus,Э ЬЮ4ИГУИ9
32627.opus,ЬЛ1ЮАЦ СДБ
32628.opus,ЛЭФ30СВ7#
32629.opus,2З 2Ы6
32630.opus,НЬ3ВТАЯТ4
32631.opus,Ю062ЖХП М
32632.opus,ХЦ46 Ь3ЖЩА
32633.opus,9АЗЫП#0
32634.opus,ЗМБФ СЮ7
32635.opus,51Л4Л Ь Ю
32636.opus,АПЪС ЕЦ6
32637.opus,ШФПФ 5МЮТ
32638.opus,6ВЗГ17 2ВЧ
32639.opus,Ю5ЗВ ЦКЗЩ
32640.opus, 9ЪЧ5
32641.opus,М2Ю2Ь68ЛЛ8С
32642.opus,УСЧС 498Ш
32643.opus,И9РИ Й41
32644.opus,ЬЬП6 ЫП
32645.opus,ЯЭ ЖФЦ4
32646.opus,МР5 2ДИ8Я0
32647.opus,ЙШЭЬ9 ХФ
32648.opus,ФФДУЭ Э4ЮЕ2ЧМ
32649.opus,УЭ1Ъ КДЗ
32650.opus,Д4Ш#ОЛШЙ
32651.opus,СД БЗНД13Г
32652.opus,25ГЯ5 9ЦЕ
32653.opus,ЭЪ 3Ш18
32654.opus,КРЗВЛДЦ4В
32655.opus,ЙЕ027Н1ЙЕ4
32656.opus,ЗЩИДА8ЗФЭ
32657.opus,ЖЮУЮИЕН МЯ
32658.opus,С9КХХФЪ#
32659.opus,ОВАК1КЙМИ
32660.opus,Я0НИЖТЯГШ
32661.opus,ПЗЧМЦ5 ЦВ
32662.opus,БДГО#Д Ж8МП
32663.opus,ЧИМНГЩСФР
32664.opus,ЩЦ4НЯ 0
32665.opus,ХО9ЩЖЖЭ4Ж3
32666.opus,Э9Е4Ы8МЛЖ
32667.opus,ЬАЩЧЕЖЖТЮ
32668.opus,Н4ЛМНДЖРЦ3
32669.opus,ЫМ5Х3ДЬР7
32670.opus,ЖЗН5ШЯТЗ 3
32671.opus,05Н ЪХЖЖ
32672.opus,Х8ЭМЙХЙЕ1З
32673.opus,Ь ЗСМ0ЙБЖ
32674.opus,ХШ1ЯДНПА
32675.opus,НЙЧ#КХСБ
32676.opus,ЪЯЦ8Е6Д1Х
32677.opus,8ЦОЩАН
32678.opus,М7ВХЭКЮС
32679.opus,ЦТЗДЬЬМЖВКХ
32680.opus,ЛШЙСЛДУ4Щ
32681.opus,ЮЦ 5О364Е4
32682.opus,ЦЩГ52ИО6СП
32683.opus,Н ШВХ0ВСЬ
32684.opus,6ШЧУГБЩ
32685.opus,Ш6УЬ9#Р
32686.opus, Ы3ЦШФЧ7
32687.opus,5Т0И5БИ 1
32688.opus,ТДЬЩ211Э
32689.opus,ВГ3 0К5Г
32690.opus,0 1 В5ЙП
32691.opus,Ъ04ЛСЮ1
32692.opus,НЮ 0ГХЮ 2У
32693.opus,ХП 1МЧЫ3
32694.opus,Х1ЗЛЪЖЛЯ
32695.opus,Ц7ЭП13
32696.opus,1ШЕ Э ЛЗЪ
32697.opus,РФЯОЫ5Х
32698.opus,Т ШЙЫ92
32699.opus,3Ъ#ЪТГ77
32700.opus,ИФ5Э8ЛЭ4
32701.opus,НЖС 4Н Ю
32702.opus,ВЮН7ДННЙ7ЫИ
32703.opus,78ОЯ63ХЭЕР
32704.opus,ЪФ3 ШХГ
32705.opus,ВЩЙЯ8Ь4 45
32706.opus,У5БЮЪ97ЗГ
32707.opus,ЮУЗЗОНК6
32708.opus,8#ЦВЗРО
32709.opus,ЦХЮ717ЗЮШ
32710.opus,2ЫНФ6РЕ8 1
32711.opus,ЕСЮ1685
32712.opus,ЛЫТ7СДП ЦО
32713.opus,3РЧП3СЙР
32714.opus,ЭКИ3#Ч 8ЫХ
32715.opus,С НЮ 6ЦШ 2
32716.opus,#Т8УОЪЭВ
32717.opus,Э4ЙЕЦДЗЯ2Г
32718.opus,ЦНР2ЯФЧ
32719.opus,ЛЙВ 42 ИЯЖ
32720.opus,2 ЩГФ3ОКЖЫ
32721.opus,Я51ШВЙ
32722.opus,Э БЪЫНН ШВЯ
32723.opus,ГЛ 40ЩХЗ
32724.opus,ДЗЯ00П0
32725.opus,КНН5ЭУЩЮУ
32726.opus,ЖФВ8ТЩ7
32727.opus,ВШИ ЦЪ8 3Д5
32728.opus,ИЙЖШЫИЙ6
32729.opus,ЫВЙУТЬТДЩЗ
32730.opus,Н9СШ57Х5
32731.opus,ЮЭДОВЙЧЗЖ
32732.opus,О3АЭШ8ЩЬЕГ
32733.opus,13У82 9Э
32734.opus,ФЫЦ Н6ЖАГ
32735.opus,К0 Ф2Ц5 В2Й
32736.opus,Х1ЕЮ ДЭЪ
32737.opus,7ЯШЬ Ф
32738.opus,7#0МЕЖ 9БЯ
32739.opus,ЮЭШЙИХЦХЫ
32740.opus,УСУЗ4ТЬДЫ0
32741.opus,807Ь Я
32742.opus,ЫЖ9Ю ГЭ6Ф
32743.opus,5ЗЖЕЫТА8ММ
32744.opus,04О Ь9П
32745.opus,ИБУЬЙ С7
32746.opus,4Г ЫЧ5КЛЙБИ
32747.opus,61 ФЭ3Й
32748.opus,ГР ВЕЧХГШД
32749.opus,У0ЖШ4ШЧ
32750.opus,0ЭГЗУ4ОДЦ
32751.opus,23ЧХШ РЭ
32752.opus,4ДЙЪАБ
32753.opus,ЫСЬОФ Ю5Н 6В
32754.opus,ЯФ5ЕЩ8ЕЧБ
32755.opus,4ДЧАЯЮЮФЬА
32756.opus,ЯГ91ФВПЗЯ
32757.opus,Ф22 ЩХИЙ3Р
32758.opus,Х2 К1ЩЭ Я
32759.opus,И И5М4Ъ3ГША
32760.opus,ХИЗ3К6ЫЭ
32761.opus,9ДЛ0 2Э
32762.opus,Л Э ЩЪУЪВ
32763.opus,ЬЬАВЗЯДИ Н ЕТ
32764.opus,К ЭЩ6ЪЭСЖ
32765.opus,18ЬЮ8ДБ
32766.opus,ЭШЮ6998С
32767.opus,#ОК2ЦФЮ
32768.opus,АИРЦЙКТО1Л5
32769.opus,АУЕ0#Ш4ЗСС
32770.opus,А17Ф АН7УШЦ
32771.opus,ЩЕ0#ТГ1
32772.opus,С0 ЕИ76С
32773.opus,ЭН333ЙЭЭ
32774.opus,Ч505ЙВИП
32775.opus,ОЧЫ2ВК ЖСВ
32776.opus,ШЕЦ2ДОВХС
32777.opus,ИД6ЛЮЕКК2#
32778.opus,9ХЧЬ2В48
32779.opus,ЛРИ5З94ВЯ9
32780.opus,ЕЖК3У22 ЛБ
32781.opus,Я2ИВГП74А
32782.opus,ЯФ0МЮ
32783.opus,#ИПЩ1Я2К
32784.opus,ЗГ5АЕ2ЕНШР
32785.opus,0АЙЬОК82
32786.opus,4 89ОЩ5Ц
32787.opus,#ЖРЗ ЙЖ#
32788.opus,ШД8БРФ2ЗСЫ
32789.opus,РВОЗТ3Ъ6
32790.opus,ЩДХНЙ#НХ
32791.opus,3ЦК37ПЙЛЪ
32792.opus,Ч 832#РЙР
32793.opus,2МКНЯ4К
32794.opus,Я7Р#ШЗЧЬ
32795.opus,ВХ4ЛДСНЙ2 Е
32796.opus,Ж1ХНУР Ы7
32797.opus,МЧСЖ0 ЭС
32798.opus,2И9АЕДПРЙЭХ
32799.opus,НГЦ Я4С#3
32800.opus,Л9МОБ7 1Х
32801.opus,8Ж Ь5ОЕ#Ю
32802.opus,Ц4#КЬТИРЮ
32803.opus,ВХДИХЫЫДСЗ
32804.opus,ПЬЛ5Н2Н0У1
32805.opus,6ЩИ3О9П
32806.opus,А4 7Я Л1ЯЯЛ
32807.opus,РИЩЩОА61У
32808.opus,ММА1И43Ф3Р
32809.opus,Ж5ШД45ЪЕ
32810.opus,ВБИЛВЫГЯХ
32811.opus,ЭЩЧ9Ж63
32812.opus,87АМК39
32813.opus,ЩБ4СЯЩ 2
32814.opus,ГЧБЪЩЛЙЬ7
32815.opus,8ЛМЫ УН 36
32816.opus, 5КЫИЦЭ9
32817.opus,РС4Б0Ж8Ч
32818.opus,БЦЗА4 7
32819.opus,С2#Й45ИС9
32820.opus,УО6СЮ1Ж #Ч
32821.opus,Ш7Щ5ЪВ8ЩЩ
32822.opus,ДЮЯХИ Ф4ЗА
32823.opus,К Р8ЧЮИ1
32824.opus,СТИРР1ЙЭ0ВТЕ
32825.opus,4Ф8ЪЬТИЧА36
32826.opus,6ЮВХЮЛЖ
32827.opus,ЛЙФМ2#ЭРО5Ж
32828.opus,4К ИИД#6О4У
32829.opus,Ъ8ЬЙЧЛ М
32830.opus,ДМДЯЪХ6Г5ХЦ
32831.opus,ЕЙ5ИТЕ2 АО#
32832.opus,3Э4ШФ2Е
32833.opus,ЯС1РЫБ1
32834.opus,БШ19БЯ0ЬЖ
32835.opus,ПЧЙ ЧХХ
32836.opus,Ы ВЩИИ8РО#
32837.opus,Ш0ЙЯ6
32838.opus,ЛЗЭЬЮХУ4Я
32839.opus,ОПДЮ58ЩМУЕЖ
32840.opus,Т29ТЦ6Т9КХБ
32841.opus,Ъ0ЗП13
32842.opus,ЩС4Р4ЪТ5
32843.opus,5Г9З6УЛН
32844.opus,41КЭЦ8 О
32845.opus,ЫЭ4ЮВБСД#Ч
32846.opus,ЭЪЫЕ 2ЗВ
32847.opus,6ГН6МТФИИЩЙ3
32848.opus,ЩАБОТ59
32849.opus,ЭЮСХ9Б2
32850.opus,ЩЬЭ6ГЯЪ
32851.opus,П3ЭЧ Э 2У
32852.opus,НП#ХЭЩЧ
32853.opus,ЯСИОШ 9
32854.opus,ПЪК9КОЯФ4
32855.opus,ЭД2МЦ0Ъ
32856.opus,РООПЪЖЦП
32857.opus,3ИЗГПЯ 0А
32858.opus,УЛЪ3К8З3БМ
32859.opus,Ч З 6ЕПГ#
32860.opus,УЪИ8К0СВ2
32861.opus,В7#ЕШС87
32862.opus,7ФЬ АЭЦ1
32863.opus,4ЦЯЕ7ЧШМ4П
32864.opus,7НПЯУОИФ
32865.opus,85ЭДРА8НР
32866.opus,С3ПНКЩ РЩ8
32867.opus,Г#ВУ9ИРЛЗ9
32868.opus,П4ЭЯЖЧЗДПД
32869.opus,307ФИЪЮЛ
32870.opus,ЭБ4УЭ2МЙМ
32871.opus,ЗВБР22Ч3Н
32872.opus,Х6Я919
32873.opus,ШИО8ЬКЧ0Х1
32874.opus,Я3З В3Ь
32875.opus,И3М7ЯБФ5ЧСФ
32876.opus,ЙЪШЯ4ЦСЕБГФ
32877.opus,ШЕГ9ЧГФ
32878.opus,Щ3Ж НЦТ9Ж
32879.opus,ЦПТ0Л ЧИ6Й
32880.opus,БШТЛЕХ26Я
32881.opus,ЗЭМЭЗЦААИЦУХОФ
32882.opus,ЛЭЯЬ4АЕР#С
32883.opus,ГЕ Л3АЗГЧРЧ
32884.opus,ФЗА5Т188
32885.opus,АВ31ИИ8
32886.opus,Й#ИТИ1СТШ
32887.opus,Н8ХУЗЩБЯЕ
32888.opus,1ШВЮД6#У
32889.opus,3ОЙ8ГХБЦЛ
32890.opus,В9Ы386ТЭ
32891.opus,257ЖФ53МИО
32892.opus,ЭЕ0ФДЩОЗЩК
32893.opus,2 Ч2ХФГРРЯА
32894.opus,Х7 6Щ7055
32895.opus,Я3ПЮНЪЖЧ
32896.opus,ЗФ 6 ЛС3
32897.opus,Н725ЮЮ78Р
32898.opus,ЙЛ9ПХЪЫАХ
32899.opus,ЛНЙРЫП48Й
32900.opus,ХД1 3НЭ
32901.opus,15 4Ф2ЫД
32902.opus,ШВ4ЯДКЙ#
32903.opus,РТ6ГРХ11
32904.opus,4АШ4С1НГТМВГ
32905.opus,7ФБМЛ3ГЮ#
32906.opus,ЭУЮЦ0Ы
32907.opus,ЖАЗЬ5КЭТ
32908.opus,ОЕ9ХЫЦЩ
32909.opus,АШСФЗЬ5 0
32910.opus, ФУДТЧ339
32911.opus,5ЧГ42#ЩРХ
32912.opus,Ь#МБФЙЕЛЙЦ
32913.opus,5Ч51ЮЛ4 Х 7
32914.opus,ЬЭЪ49ДУГИ5
32915.opus,ЗЫТЩ2ЧГШ
32916.opus,ГЙ8ЫЬО
32917.opus,Р 2БОКТЬК
32918.opus,ЧР3 ЮЛ0 С
32919.opus,9У7МБ8И77
32920.opus,НЯ ЙФБОЦ
32921.opus,Т8КТЧ6 Б2
32922.opus,ДХ973В2Ж
32923.opus,Щ2ШЮЫИРЛ3
32924.opus,П5ЕШ6РР5
32925.opus,НК71Д6ЭВ
32926.opus,РЮШВБДДУТХ
32927.opus,ПЪЮЦ2КУ3Г
32928.opus,МНХ ЧОГЛ7Ь
32929.opus,ЗЕЙ ЭАЫЗЙ2
32930.opus,П Ч8ИШЩЦ
32931.opus,ЙЧЛЩ#ГА
32932.opus,Ч ЩУ88
32933.opus,АМЖ31ИДЙ7ММЯ
32934.opus,ЪФ1#МЕЖ
32935.opus,6 Й#ФМКМИИ
32936.opus,Щ#ДХЕЕШП
32937.opus,1ШЕП5ВК
32938.opus,К8ЕВЮНАЯ3
32939.opus,ЫРУ#ЯСЭЛ
32940.opus,АИ#7ЕЖВКДА
32941.opus, ЙКР1Я
32942.opus,75ЭТ33 Ы
32943.opus,Ш4#  ЫЛ
32944.opus,3ЭМЛРЭУЬ
32945.opus,2#В# 3П
32946.opus,ПЯТ4Б0
32947.opus,4Е2ЙБФЩ4Р4
32948.opus,70Ф ЯКЯУТ
32949.opus,68ЕЭЮП3
32950.opus,Ц8Ч0ЗЮ5 Д
32951.opus,49ЛЕЪЫ4ШЧ
32952.opus,14ИБББВХ
32953.opus,ЫЯФФФ0Ж
32954.opus,8ЭЯТЛЫЦКУЮ
32955.opus,ЭМФАЪЫЯП
32956.opus,ВЦ# ВАРФЕСБ
32957.opus,9П5#ЩЛ
32958.opus,ЬРХ1ГРХЭ1ЯЮ
32959.opus,ТДМЕК6ТТЗЗ
32960.opus,ЩО09 Д
32961.opus,ЬЛЧЧМОВС
32962.opus,ЯИЯ63И1 ФО
32963.opus,1Н67ФЙЩЛ5И
32964.opus,ЬЩ9788Ь
32965.opus,2МЮУ63ЕР КГМ
32966.opus,ЬИКЩЮЛЗМ5
32967.opus,АЯПЩРЬЦИМ
32968.opus,В127Е1Х
32969.opus,ЖРЭ 4ШД 1О
32970.opus,ШОЪ6Й9
32971.opus,ЮЕ28 ХЛЗ6
32972.opus,Э7ИЮЮЦЖЗУ
32973.opus,ЬВ72ЛГ2Ы6
32974.opus,ВЭЮЧБЫА
32975.opus,Ь9Г8ЬН#М
32976.opus,КЮАБНФЭРСМЕХ
32977.opus,ТЗГГЙУБЕ09
32978.opus,0Х30С8ИБ4
32979.opus,40ФНЦФ#
32980.opus,ХКФШЭЩПЮ 9#
32981.opus,ЛЮЩУ4Й0Ш
32982.opus,КВЪШИК7
32983.opus,Р7Д0ШЫОРУ
32984.opus,Ы96Я4ЧВ
32985.opus,Э9ЖЖНТ ЧОЪД
32986.opus,С#ФЩО85РФ
32987.opus,НХ8ЗАЭНЙД
32988.opus,ЮХЯУ П63А
32989.opus,Э#БШБЬД58Д
32990.opus,#0ИЫЕЮДА
32991.opus,ХНЕГ 4Ь5ЮОЖЕД
32992.opus,8ПЯЛЯГТ
32993.opus,ЦЙШ7ЪЬ7Х
32994.opus,8ЧРЙСТМ4ТЬГ
32995.opus,ЮУФЭФМУСЬВЗНФ
32996.opus,1ЦЫЦ3ББЦ
32997.opus,ЯИХ2 К 1ЪА
32998.opus,0ЩМЭЗЪД6ЦЮ
32999.opus,ЖФЗ189
33000.opus,10Ы#ЖТМ
33001.opus,ЯДШ#ВЖПС
33002.opus,ИЯЫИ9ОЧ3М
33003.opus,Ъ ЭГБШ #
33004.opus,ДЯЫ И79РФ
33005.opus,ШЧЕАЮ#ЫЕЧ
33006.opus,ВК3ШФХРР
33007.opus,Н И9ФОЯ31ФП
33008.opus,ГВМЫГ85
33009.opus,МРЙЬТСХЖ ХНЧАЬ
33010.opus,Ц60 Ш68
33011.opus,СЦ#ЯКШЕВ
33012.opus,ЖЭ8В 7К
33013.opus,29ГЕЩЙ1
33014.opus,ХГЗТ6СА 74В
33015.opus,0ШМК КК7Л
33016.opus,М0П9ДОВЫЗ
33017.opus,ЗФЯИЕ7Д НЩ
33018.opus,Ю0ЙЪЦ
33019.opus,ЫОТУЫ5ЛЗ
33020.opus,4С7ЙФ9
33021.opus,Ъ2ЦЫЖ
33022.opus,ЛВР0 ЮЛ5РФ
33023.opus,ЛЩ5ЩШНИПЧ
33024.opus,Ч Я7Ъ9Я8
33025.opus,ЙК1Ж9Ш
33026.opus,7Ф8ЬЮХХГЭЮ
33027.opus,ОЪШБГАХ
33028.opus,ДЭ0КЙФ1
33029.opus,ВСЪ#БЮ4Ъ
33030.opus,Х4031СГ
33031.opus,ГН490Ц9О
33032.opus,84 ПГИМ МО2
33033.opus,ЮЭЦБЦ 2ТОЦ
33034.opus,З#Л8МРА3
33035.opus,3Ъ56БЧКО
33036.opus,П6ГЬММЧ
33037.opus,Ь3Я##4 Э
33038.opus,КЦ ЮМФХЩК
33039.opus,ЭГБЗГЮС3В
33040.opus,8ШЪСХИО7
33041.opus,ЮА3 ТЯ80
33042.opus,ЧГ#8Я1ДВ
33043.opus,ЙД#ЛР69Я4
33044.opus,ЛЫ9 Ы4Д6
33045.opus,Э15Е#ХИШ
33046.opus,2Р#3#4Ц4
33047.opus,#С4АУЙЮУИСЩТ6
33048.opus,17ДВЕЫ8 Б
33049.opus,ЯС УЛЩЯЩ ЮС
33050.opus,0ЦГШХ4О5
33051.opus,ЧЮ9СДМЛ4
33052.opus,Т6 ЛШЖЬУЭЩ
33053.opus,ЛМЦЮ Ы4Э
33054.opus,ГОЮЭЯХГЖ
33055.opus,ПК7#Ч ЕБЯЦ
33056.opus,2 КВЦЬЖЮ
33057.opus,КЖЮЙОЯЬЙ
33058.opus,ЗФГУ2КПАР
33059.opus,ДЙЮ ОИУЮ4Ы
33060.opus,КОМЖ# #
33061.opus,ОД5Ж 7ЧТУЗ
33062.opus,ЗАХ6 3Т С
33063.opus,ЦНБЖУУТ#Е6
33064.opus,ЪЕ М ГУЛМ9
33065.opus,2ЫР ЖЖЪВТ
33066.opus,УИ Л#Х0Э
33067.opus,ДСЩЛЦЙБЛ7
33068.opus,ЪПСЯУ#Я
33069.opus,ПЛШ38М7Н
33070.opus,РОФШ470
33071.opus,Э4ЬЫ7ЕЙ Е
33072.opus,ПЖАИЛФВ7Г6Д3
33073.opus,Ж0 ШВЫ
33074.opus,7ЩЕВ56ВЕИ
33075.opus,ЦТЖ9П0БК
33076.opus,ДЖИЮ Р4ИЗП5Х
33077.opus,АЫФ З6РЖЪ
33078.opus,6 Ф МЕБШ1ШЮ
33079.opus,ФЖЩЯЧП5З
33080.opus,ЫЗИР3ПСЛ6
33081.opus,У7 ЗА ПЖ0Н Е
33082.opus,СТЧ5ЙФГКАКДК
33083.opus,0РОП5 КЩЬ
33084.opus,ВЛ1НЪЪ
33085.opus,ЖЫХН0ЛРЭ
33086.opus,Я3 9ПЛЯ4Т
33087.opus,#6З87ДС
33088.opus,СЮ9ЧЗЖГД
33089.opus,ОЖ ЖКЬЗЬ2Д3
33090.opus,СЫПФХВИЙЪЙМ
33091.opus,1 9ЯТОР1ХРЗ
33092.opus,#ХЭ П ФЛМИ2РФ
33093.opus,6ЭАЫКИХТДАЦ
33094.opus,Э8ЩТЩЯХ КХ
33095.opus,ЧЫДПЫУЫ1
33096.opus,ЛОС6ЗЛЗ
33097.opus,1#ЕУП81
33098.opus,ЛЗ5ЩЧХЪ3
33099.opus,Л 65Ч НН9ОЧ
33100.opus,Т9РБЫЮ4ЗВ
33101.opus,АНАСДЖЪТЖБМ
33102.opus,71ЭШНЦЕЦЫУ
33103.opus,#ТТЖЬЭЬ0
33104.opus,48ФЬФ9#
33105.opus,5Ю СЛЮРЧ2БФ
33106.opus,ЛСЗКЬ33ЪЖО
33107.opus,ШОХЪС01
33108.opus,О877УЪ6
33109.opus,НГ#Е ЯЛ5БО4
33110.opus,3ЭЬ3ООЯ9В
33111.opus,ФТЖЪ53
33112.opus,9ЯТ81СБЩМ Л
33113.opus,МЫ05ХП2
33114.opus,ВПАН4ЭО9
33115.opus,С6Л63ЮЭ0
33116.opus,П2З У3Ф#
33117.opus,Н9Л 59Ч7В
33118.opus,2#0Ъ29
33119.opus,Р0ЕИМИСЖ0И
33120.opus,ЧЪЩ8ЬК К
33121.opus,2ХЩЖ ЯШ5П
33122.opus,ЭЛИЧМФМН 4ЕГЖ
33123.opus,ВЬ АЖФ#Е6
33124.opus,ЬСМУЮЩЧ2ЪВ
33125.opus,ЕТЩВ31ЙАЪ
33126.opus,П О71СЙК
33127.opus,ЬХ22ИГ2ЖДИЦ
33128.opus,ЭХ6КЯ1 ЭЗ
33129.opus,В5ЛЫФ С66
33130.opus,ЛЩЭРВУМ 4ДП
33131.opus,К Б77А6Щ
33132.opus,МЙИ20ЛЬ
33133.opus,71ИТСЬЙ7
33134.opus,ЬФПН6Р# ХЗ
33135.opus,Ы37ЬЖ0КЩЯ
33136.opus,ЭЛЙАЪИГ1
33137.opus,ЗП42Е3АУПНЬ
33138.opus,РЮ8ЙЖУ 5ЙЧСЕ
33139.opus,ХЬИ ФЛ7ОЛ
33140.opus,М#4ЬП4Х
33141.opus,ЭРШ# ТЭШ
33142.opus,ПЭВ2 М0
33143.opus,И#Й #ВГФЧ6
33144.opus,ЦФВЕ7ПЬТШС
33145.opus,Э8ЯФИ0ЯЬИ
33146.opus,ШЧЦ9ЯЮ
33147.opus,РЯЩТ6ГШЯ
33148.opus,1УОЦ3ДШЪЖ
33149.opus,Щ#Л ЬИАН2
33150.opus,Р2ЫНЭ#ОЬ
33151.opus,БРЩЕЫПЫГЩ
33152.opus,ПЪЬБЦ ФТХС#
33153.opus,НМА1ВХ Д1
33154.opus,3ДЭГЯД7Х
33155.opus,КЪУЯЪ5АА
33156.opus,ССЦ2ДШ БМЗ
33157.opus,Э47БЖ0
33158.opus,ЛНЪ#РЫВ5
33159.opus,ВП ФУЧГЖЯ
33160.opus,ЙМГЕЩШШЩ
33161.opus,5ДЦФ654Г А
33162.opus,ШЪЙБРЬ4Й Р
33163.opus,ЩЧЩИЩЙФЦ
33164.opus,56ЬВДЯППЬШ
33165.opus,7С 3ПГ0ЦЬФ
33166.opus,КШЙ ЗЯВРЮХ
33167.opus,ЛФОЧ6ЯШ0
33168.opus,9ЛЫ0 44Ф
33169.opus,ИЙЧТ3В7ЬЯ
33170.opus,Э3ОЫЪ9Е 4
33171.opus,РЯБХЫАМ5К
33172.opus,ФСА8ЦА99
33173.opus,ЩРДВТКЩХЪД
33174.opus,3ПСВПОЯЕЪ4
33175.opus,КЛАА7ХЬ9АВ7
33176.opus,ОШ0ШУИЭЩ
33177.opus,ФХОНЮВ#М
33178.opus,ИЩНК7КЛЭЛЫ
33179.opus,Х2ЩРЯ#ФЮСУ
33180.opus,Щ# ПМ5БЯ2Д
33181.opus,ЧЕНКХ2 ЩБ8#
33182.opus,ПЧЛОЬЕЬЕТТЛХР
33183.opus,Л0 ЪХГШУЭ
33184.opus,Т9#СШЩО
33185.opus,ЙЫЗ302О
33186.opus,Ъ8Ч1ЧБ
33187.opus,Д4ЩА Я6НЭ57
33188.opus,6ГЮ0ЯИВ9
33189.opus,3ЖНМ75ЭР
33190.opus,ЬЬМ2Т89
33191.opus,БЯ6В КЦЙ
33192.opus,9И У АЭТЛУ
33193.opus,ЭЯ0ЖРФ1Б
33194.opus,ЖОРЗ#КХ0П
33195.opus,Ф1 6ЧТ6О6
33196.opus,ЕЦЮЛ7 ЯЖЬ3
33197.opus,ДЛЙБ0843
33198.opus,2ЯР2ШЮЧС
33199.opus,ЭБИВН УУШНС
33200.opus,И0ЫФ6М58Й8
33201.opus,36 К0СВД7 Я
33202.opus,ЩЗ3 Ц2ЕСЗХШ
33203.opus,ВАГ3Л8Ж
33204.opus,5#И1ЕЛ33
33205.opus,НЩЮЭАШ0
33206.opus,ЩН 95 9
33207.opus,ЗЪЛШЧТ6
33208.opus,Л71ЛТЫМЫД
33209.opus,#7Й0Ш8
33210.opus,Т83ЛХЦЯЖ
33211.opus,Щ 3Ч Д#ЧЖ
33212.opus,ЬМЙЙ4ШИ
33213.opus,К9#ЕЕ6ЩШГ
33214.opus,Я2ДХЛС ЬЧ
33215.opus,1#Ф 0РАЪ
33216.opus,ЗДЭ5РЫФ8
33217.opus,ЕСЪШЪДЫЭС
33218.opus,7ЖЩ96ЫШО
33219.opus,7МЧ04ЮЛ
33220.opus,Х8ЧЪГАЕВЛМ
33221.opus,11Ц Ц53ЗА
33222.opus,6ЛЫР20
33223.opus,ГЭМ204НЧ
33224.opus,ЩЪРЕШВФГСЭ
33225.opus,ЭРОТЙБИУ УЫЯ
33226.opus,7ЮКБШ6Ы
33227.opus,АЩ3Ы1Н 02Н
33228.opus,7ЬЖИ ОТНЭРР4
33229.opus,ПБ# ДЬ395
33230.opus,ДЛТГГШЖЭСЗ
33231.opus,ЭАЧР С6ЫРГ
33232.opus,Ш17К7ВШМЕН
33233.opus,РЙЬЙУА4 Б Н
33234.opus,0ЮФ6556
33235.opus,ЗЩМШБ7Л06
33236.opus,88УЩ9Э9Б
33237.opus,ФЪХЫ7З0
33238.opus,ТА4РЙ# ЧЮЖЭЭ
33239.opus,К 9ЭЧЙИД #
33240.opus,ЮУ6НОУЕ Б
33241.opus,3ЩЮЮАНХИ
33242.opus,МЗЩЧ###
33243.opus,ЧОИ1ВРИЕЛЙ
33244.opus,9Щ5ОПМБ7
33245.opus,ИЬХЛЯ ОТЩ6А
33246.opus,Й7Ъ#ЕЯАЙ
33247.opus,ПЮККК1Ш
33248.opus,Р Й ЧЯХТПЫ
33249.opus,ОР7ЬЭ#С
33250.opus,7908СУ
33251.opus,Д3 07Е3З
33252.opus,ХЫ#5ТЭЪЯ
33253.opus,М8ДБ59БТПР
33254.opus,16В0А З5Б
33255.opus,8ЖМ6ДХХВХВ
33256.opus,МО5ЪЪ618
33257.opus,Щ0287Е1
33258.opus,ЩДСНИ 9Г0К
33259.opus,ДТ1ХЗ#У33С
33260.opus,ВЩЩ7ГЗ7
33261.opus,СЛ ХИВФ6Ю
33262.opus,24ЬДПЮЯХСН
33263.opus,ФКНН0ФЛ
33264.opus,74ЦМПЕРС#
33265.opus,ОЦШ2ЮС
33266.opus,ЮЮУФР7УЕПМ Ф
33267.opus,ТЯ0Я9ХЕХ
33268.opus,495К8П47
33269.opus,8К Х 52Ь4
33270.opus,Е241С РЮ ЯЯ5
33271.opus,ФКАЬ4ИП7БЩХР
33272.opus,У#ЕЬ830П
33273.opus,ХЦЕЩ968 Х8Й
33274.opus,51Ч3Г Е
33275.opus,З6ИОШЪ7
33276.opus,3ЙВНЕДЙФЪР
33277.opus,7ТЮ9ПЩ2
33278.opus,Ч9А2РЬЧО
33279.opus,Я2БЗ3Ц
33280.opus,4Щ1ФЧЕЬФВ
33281.opus,8ЖТКЩЖВЫЦ
33282.opus,ДП9Н3Ф6Х#
33283.opus,Ы75СЮЮБ#0
33284.opus,94Я#7Ф5Р
33285.opus,НГ9ИЧВЕАС7ЗА
33286.opus,8УТ 4БЕЗ
33287.opus,ХЗ6ОЛЪЧА
33288.opus,#ЭР6 ДСП
33289.opus,ЯФЛ УЬЭВУ#
33290.opus,1Ч#6ЫЗМ
33291.opus,ЯЮМ ВГЩ7
33292.opus,ЭЦ3Ф2Ш1Ч
33293.opus,МЬД8АВ49
33294.opus,Щ#Р07 ЛЙ
33295.opus,Ч1ВФЩ7Р
33296.opus,6ФИУ0МЕЗЪР
33297.opus,ФЙ4ДЙЧБ
33298.opus,З АЭС К3 Й
33299.opus,6ЭПЛМФЛМЩЗИ
33300.opus,6#ЖЯЪВУГ
33301.opus,Д2ШР1АИП Ъ
33302.opus,1ЬЛА40ЛОШ
33303.opus,ДТК1 В0ЮШ
33304.opus,ВАЦ4ЪЬЩЫ7
33305.opus,СГГПХЯЛ5УД
33306.opus,8Л2ЭКЖ Д
33307.opus,Я Ц3ИЭФЬ
33308.opus,8ЮА5ЙЗМНСС
33309.opus,#ШФУЕ6557
33310.opus,КЖН Э9С5
33311.opus,Ь1НЧ 1ЪН
33312.opus,Й# 2К# 7
33313.opus,1908Ш П
33314.opus,ЙЗУЪ3Н8З
33315.opus,Э ЩЖФ2ИФ В
33316.opus,ЛЗЙ#ТЕЧ
33317.opus,Д2ТФ25А 74
33318.opus,РЯОЩГФЯЪТД
33319.opus,7И857У3
33320.opus,ЩЭЗ9ЩЮЛ
33321.opus,Э4Ч ВЩ
33322.opus,Й0766ЪЪ
33323.opus,ЖЬБЯЯЙЫУДЖ#
33324.opus,58МУ611
33325.opus,ЫХЧБЮФК Ж
33326.opus,5ЮГ3О3#5
33327.opus,М5КСЖ4Л7ЗБЬУ
33328.opus,ТЗ9Ч0Х Ф
33329.opus,#Э8ПФТГ7П
33330.opus,Г 33И50СЦ
33331.opus,ШЛЙЦЖЬМИ
33332.opus,ЮЙЮ#Э8 3
33333.opus,ПШЪЧХО
33334.opus,ЧФТЫ 8ЩК9
33335.opus,Н СЭЬ6867У
33336.opus,П4ЛЦ67УИ
33337.opus,УЫЪ1ГЕОБ1
33338.opus,ГЗ8ЧДЩЬ34 Е5
33339.opus,1Ъ#524
33340.opus,5ХЮЛ8РХ38ЦЖ
33341.opus,Ж5ЦИП3ЫЦЙК
33342.opus,7К9Ф5БД9
33343.opus,Ь9ШЬГЪ96
33344.opus,ШЬЗМ4 8ХЙ
33345.opus,9ФЮЦ3Д
33346.opus,Т#Т8ЛЪУФУХХ
33347.opus,Т 66Ъ0РЖЙ
33348.opus,ЬИНУ С96ФШ
33349.opus,0Р0КШН4
33350.opus,0ГХ Щ9ШНВ
33351.opus,4ЖЫЯ 5Ц ЧЭ
33352.opus,ДМЬ03Ю6#6Ф
33353.opus,ФФА2ТЫВУВЫУ
33354.opus,Щ#ШЩТ1
33355.opus,4 ГЗНУ 23Р
33356.opus,МЪ ТУ9ЖЩОИ
33357.opus,Т9ИЦЦЕАСУЗЬ
33358.opus,0ЖБ ВЪ ЦУ
33359.opus,ЭБ9ФЭХО
33360.opus,ЫХОЫУУ Р
33361.opus,Н 7ЫФЩ3Н
33362.opus,Ъ2Ш5ШУС
33363.opus,ДЖЧРП8ГД
33364.opus,4ЦФ Й ЯГЖЧБ
33365.opus,6ДЮ Д АХН89
33366.opus,Х10ХКЗ 7КМ
33367.opus,ПМЫ0ВВП
33368.opus,0С2АГХВ6
33369.opus,Р#ЬИЫ2ТВКН
33370.opus,ЗЛТ5РЯД НЙН3
33371.opus,Ю8ЛР9Ц7Г
33372.opus,ФЧ45Ц83Ч
33373.opus,3ЪШСМ8 РАЯ
33374.opus,371ЬУМЛВ
33375.opus,УРЦБЭЧ2Э
33376.opus,УШСМСВК9Е57 Г
33377.opus,47СБ АЮ2#
33378.opus,АЯ0ЧЫЕЪФ6
33379.opus,83ЬАЭЛЧЫ
33380.opus,7ТП0У ПБЮ
33381.opus,ПАЭФ8ЗЭМ
33382.opus,КЫФ75ЬАН#
33383.opus,794УФ14Х
33384.opus,Д#ХУ2Д8Т
33385.opus,#ЛИЦ4ОФДЩЦ
33386.opus,#ЙФ0#Х Б
33387.opus,СЭ 2ЕМЗ8ЖЧТ
33388.opus,РЯТАЭЙБСКР 8
33389.opus,Н7ДТ 1Б ГСЛЮ
33390.opus,1РЭЮИКЯК
33391.opus,#ЦВУН0Д
33392.opus,4ЯТЫПРХ К#Г
33393.opus,АЫЕЖАЙ 4ЬН
33394.opus,Л7У 3ЛНФС6ЗЦ
33395.opus,44У#УВЗ
33396.opus,ВП ДСШО1Ы
33397.opus,#140ФУ
33398.opus,3БЬВ6ТИ1ПФСЦ
33399.opus,ВТЫ135Х0
33400.opus,ЪН98ЩК
33401.opus,1ШКПСВЖ МП
33402.opus,5Г4АУМЛЭЮ
33403.opus,8ХФГ0И
33404.opus,3РВЪТНЩЙ
33405.opus,8ЩР 9ЙЮАА65
33406.opus,ВРВЩАЫБФ
33407.opus,ПХЛ 3ХЛЗ7
33408.opus,ПЧ 0Ь Ц84
33409.opus,Д94Ж0ЙЯЭХ
33410.opus,К3С ФС4 2
33411.opus,ЯГФ5843
33412.opus,Я6ОЙСБЕ9Я
33413.opus,Щ#ШР#Н Ш
33414.opus,7Ш7Ч3Ы
33415.opus,ЦЗ6ЦИЮ ЭТ52
33416.opus,ОНРЯЩ1Б36
33417.opus,80ХДХ 34
33418.opus,ВЯГСПАЬД 8
33419.opus,НЧ0Щ02ЖЖ
33420.opus,9М#Й1Г2
33421.opus,ЭСПГО2НЩ
33422.opus,НДДЦУ1ЕУ0Я
33423.opus,#0 5ХЧ9НИ
33424.opus,Ы1УУИЙТБ ИС
33425.opus,Л9Э1ИЦБЮС
33426.opus,Э4ХКЕИГОЪ
33427.opus,ЦЙУЖ Ж1У3
33428.opus,19ДС
33429.opus,8ГЗ3ЛВГТТДК
33430.opus,ВЯРБ8ПКПЗОК
33431.opus,Б93К6ЮЙ3
33432.opus,ИУ1НХЧ5#СТ 7
33433.opus,6СЭЯ3ЮНЗ
33434.opus,5И210 У
33435.opus,7ЗПЧВ МЕПМ3
33436.opus,ХЙ6ХРРЫ65ДП
33437.opus,Ъ8П2НЙЕШ0
33438.opus,ЦЧМ ШМ#Ц
33439.opus,УЙГЕГКС #42
33440.opus,Ъ5Т0БРФХ 7
33441.opus,Ч 63ИС3Е5
33442.opus,УУВ#П61
33443.opus,ЮЕЩЮЖС2ЬХ8Е
33444.opus,Ч#4ЫФРВ1
33445.opus,МЖРА3Б3Я
33446.opus,Я 3КВ7З4ЩР
33447.opus,УГЬАЫ7 Ы3
33448.opus,ЕЖ5ВЭ Е РРЯ8
33449.opus,ЦВИЖЮ#КВ
33450.opus,РТТЯИ 06ЛЮ43
33451.opus,М79ЙМ22ВЫ
33452.opus,Ч ЮЛГШ
33453.opus,#9КОЯАСН
33454.opus,ЛЯ4ШЫ
33455.opus,Н1Ч#ЩИЛ
33456.opus,4ЭГЬ8ЛФА9 ББ
33457.opus,ЫЦЧАЮ ЬИ1
33458.opus,Ю#Ф5ПДЫ ЖК
33459.opus,2Ч9#ОЪВЫ
33460.opus,9ЗУЦ0ЩА#Р
33461.opus,295ФЭПН
33462.opus,2Щ0ПЪГ
33463.opus,832ХЩВЦЙВ
33464.opus,29БФОШ2ФЪ
33465.opus,Ь КЧВЭЩЬД4
33466.opus,Ь РШЮХОЯЖ
33467.opus,ЬТЩФЯХЪ
33468.opus,ЧХУЯДНШ352
33469.opus,ЙЩГ5ХЛЩДУ
33470.opus,ГЕУ80515
33471.opus,ЩЮЮЬДУЪЮ
33472.opus,РЗБКВ8КЧЖЭ
33473.opus,Р0Ф1БШ ГМ4
33474.opus,46ЦЕЛ3СЩ
33475.opus,С83ПЩ9
33476.opus,ЧФШЯИИ7И
33477.opus,ЩЦОТ#08
33478.opus,КЯЫ #Ж9
33479.opus,Л КМВ682
33480.opus,Ж5ЖЫИ5Ю9Ш
33481.opus,ЛФЩРЫТШЪ
33482.opus,6ПЦ9ЫЕ0ЙГ
33483.opus,Ю2Ы1Х #Ы
33484.opus,ЙЦ5ИЦБУ28АЕ
33485.opus,3Ю84ЛБТ
33486.opus,ВЧР4М95ЪЕ
33487.opus,ЫЫ В06М
33488.opus,АЭ65ЮЬЕ
33489.opus,6АШГЬЭЬЙУ
33490.opus,ЩМ41Й0ИЩ2
33491.opus,БМЬ5БХИ9
33492.opus,П8ЕИП ПОЦБ
33493.opus,ЙЦУП 5Е2АЛ
33494.opus,4 Я76МЩК 1И
33495.opus,ЮАЖ3О9
33496.opus,КЙМ2 6Ф9
33497.opus,34 ДДФ#75И
33498.opus,ТТШИ3УИЭ7
33499.opus,2НЗЕ94МЮС
33500.opus,1Я0ДУЖЦЯ1
33501.opus,АЬЛДЫЦПЮ8С
33502.opus,1ЫСС3ЭЙ ХК
33503.opus,АДУБМГЗБ2
33504.opus,Е2ЯШЪЦЕЩКЛ
33505.opus,ЕШЧИ3ЭДЮАЕ
33506.opus,Ъ63Л8ОБ 4
33507.opus,ЛБПЮИЮЭПКС
33508.opus,0 КАФ03
33509.opus,99ТЕБУО8 Щ
33510.opus,5А#ЮЯК 9И0НБ
33511.opus,А6 #2ЪЛМУМ
33512.opus,ОЗ8ЖЭ ЕФ2
33513.opus,НХЧ50ИЪСЪЧ
33514.opus,ВЮУХЖЯ2Е01
33515.opus,АФ6#4ЩОА
33516.opus,Э1ЭФ29
33517.opus,1ИЮРЭПС7ТШ
33518.opus,65РЖ6ЧЙ
33519.opus,7У66МФПЭЧ
33520.opus,ФЙНМХЫ1М
33521.opus,Щ9О А3Ц9Я
33522.opus,З0 ВШБ7ВЩ
33523.opus,ПИЛЪУ ОЧЧ
33524.opus,ЛЩ8ХШПЗ
33525.opus,Э5ЗУЗ0ВМФ
33526.opus,О317ГЭ09
33527.opus,МЮШ6643Е
33528.opus,И77СЯОТ#0
33529.opus,5ЮЩЛ36У6С
33530.opus,ОХ ЧН2Ъ3
33531.opus,ДЙ МИКЯЧ
33532.opus,Ф73ПЛ96П5М
33533.opus,5МР8ЙРИЫ
33534.opus,5Й РОСВЪЖ
33535.opus,РНАЪСЮВЧ
33536.opus,А 704ЗУГ5
33537.opus,В0Ь8#ПС
33538.opus,С 6ЪРФУ
33539.opus,4НЗ0ББЯ
33540.opus,ВУ8В7ФЯ
33541.opus,ЙШКХШ1Щ0
33542.opus,2ЭХ# БА
33543.opus,Р2ЙА ИЖМЭЦ
33544.opus,ЧУБТМНУП3Ъ П
33545.opus,ХЮ Я6ВДТ0
33546.opus,КЛ7Ф42ТУЙ5
33547.opus,Й3ДБХТГЯ3
33548.opus,МЯГН2ПШБЙ
33549.opus,Ь#ШГ #Л44С
33550.opus,ИБ4К ШБЫ5
33551.opus,ВМСЗЭННТ98
33552.opus,ЩЫ7Ь#ШЪ
33553.opus,70ЩЛ8ЩР
33554.opus,НЫ ЭК И1Ш7
33555.opus,Я92ЪВЙУ
33556.opus,ДЖ57ЖФ1А
33557.opus,З41УПНБЪ
33558.opus,ГЯ К7ХКЭЖ
33559.opus,41НРЩЖЗ9В
33560.opus,ГК4ЪА64Я
33561.opus,СХ Ж 6У1 6
33562.opus,Н0Ч3 ПЫЖЗ
33563.opus,Н#ГГЪ7ПЪ
33564.opus,ЖЫ ЗЫТИ ГШС
33565.opus,4ЮБК4ГТЦЗЭ5
33566.opus,ЛЙ6ЖБ66М
33567.opus,НГ48ЭСАП4ЬН
33568.opus,ДЖА ФУЩ6ЕУ
33569.opus,АМА 5ВИ 9ЛМЛ
33570.opus,ЕАНИЕЧДЕД34П
33571.opus,1КАЯСЫЖХГК
33572.opus,5ЩЧЖД5В
33573.opus,РД9ФЩН3 КЦЫ3
33574.opus,М2УФФЧТФ К
33575.opus,0ПЯФ5ЗЬУН
33576.opus,ЦЦЙСУТСБ#
33577.opus,ЙЖЙБ#ДЪГС0
33578.opus,5Ч1Б ШСИГ1
33579.opus,ДИЛ6УГСХЧЗ
33580.opus,К9ММ ЛЬ8ЩЯ
33581.opus,5351ЛТУО Л
33582.opus,Ю2Ж7ФПКЦ А
33583.opus,#ЖТМГБЪЪКП
33584.opus,4Й Р97 АЧ
33585.opus,Ф4Ч1ЧС#
33586.opus,Ь0ПИБОУЪ
33587.opus,8УАХ Я 9Д4Ж
33588.opus,11ДДПАЮЖ1Ы
33589.opus,ЭШЛ5ЛД42Л
33590.opus,АХВЕЯРШСЩ
33591.opus,УМЩЫФЮС1Г
33592.opus,ЬН1ЫЙФ 61З
33593.opus,0Ж#Т0ЙШ
33594.opus,ИЭИ9ЖЙ ТЫЭП
33595.opus,ЪЦФАО Э6 4
33596.opus,38 #Ж0
33597.opus,Ц2Ы Т1Ц7
33598.opus,Ф5НГЕЧВДЮЮ
33599.opus,ЙФБДФВЫЕШФ
33600.opus,РЯ8Й5Я2Ъ
33601.opus,5В2ТЬ4ТХ4
33602.opus,7ФЗШП46
33603.opus,647 ШЛ ТХ
33604.opus,ЪЭХШЪ
33605.opus,К8#ДЭДЖ5Й
33606.opus,#ЧТ#61
33607.opus,Ф#2В6Б5Ш
33608.opus,ЦДЛ5ЯЫЧЛ
33609.opus,КУ 2ФПЩЙЕ
33610.opus,#А48З
33611.opus,ДПЕЭЫБ7УЦ
33612.opus,ЩВЧТ7СХТ5
33613.opus,ПЛО0ВИЬ8
33614.opus,492РЖЬЕКШ
33615.opus,4ЮМИЬЭ ##
33616.opus,26ЩЧПИ50Л
33617.opus,2ЛБЩ5У#
33618.opus,ЖТАМ0ЧТЦ8
33619.opus,ЙФМАЖВЪ42
33620.opus,С7Т8Л#000
33621.opus,Ч1ХИ03ЭГ
33622.opus,ЮЬМЪЪЮ1ЗБ
33623.opus,БЮХ#СЯ1Щ
33624.opus,БН4Н76АЭ7Й
33625.opus,Ю ЭГХЖУ9
33626.opus,Й55СЗ6ФЭ
33627.opus,Й0ЛДМЪНМЕВЯ
33628.opus,Х3ЕЫЛУН3
33629.opus,СБЦ12Я1СЖ
33630.opus,4ИЧХУЩ6ФЕМ
33631.opus,ЙДС1ЗЕ6В 5
33632.opus,ИШЦПЫДН
33633.opus,Х2Б 44 6К 3Щ
33634.opus,ФА6ЧШКД9О
33635.opus,Я ЭА26ЙЪ
33636.opus,КБС1ЪЙМ5
33637.opus,ЙНЙЭЭЙУА
33638.opus,0П98ЯА
33639.opus,ПЧИ0ИЦЖ8Й
33640.opus,ВАФЕХ7ДТ92ПБ
33641.opus,Х0С27ФЭ
33642.opus,ЬДМ А#ЦК
33643.opus,Н9ЫХЖГЭЩ
33644.opus,6ЙЙ82ТС0
33645.opus,СКЯОЪ4ТЙ
33646.opus,ДЫН7П5Д З
33647.opus,Д446Р1С#С
33648.opus,ЮВЮЫЮЩ
33649.opus,НЛ8ТВ9ЕЪ
33650.opus,ЛЫВГ5ЫЕЮЧА4
33651.opus,ОНЮ 5С6БЭ
33652.opus,ХП9ГЗБЮЦ
33653.opus,Ф002М М
33654.opus,Ъ0Ь8ЩГ
33655.opus,0СЭИ4ЕЯИЯ
33656.opus,Й76НЛ24
33657.opus,6ФМ42КЦЙ
33658.opus,1Ы8 ЛЧ
33659.opus,Л3Ъ3ГГЭ7
33660.opus,П ЕАОИГЯ2Ж
33661.opus,ЙШ18ЦН0Ф
33662.opus,Ь6ЯАМХТЯЬЕ4
33663.opus,484АСЦТХ51
33664.opus,У2Щ4Э2
33665.opus,У3ЦЦА6Ж3Ф
33666.opus,Ъ ЦА5 ЬУЖЯ
33667.opus,ЙОЯ5ЛТЮШЙД
33668.opus,М7ЧЧ32Ш
33669.opus,СЫП35#2ЮВДЦ
33670.opus,АОЕФЬ ЛП6
33671.opus,Ф5БЙДИЪУ
33672.opus,Т 8ВАА7ДА3
33673.opus,О 4НМЧИЯ
33674.opus,ТЩИЕЗ4 ЖФЯ2
33675.opus,Х5ЙПЩППДП
33676.opus,З 9 #ФЭК
33677.opus,8ЯХФЧ9Б
33678.opus,АЦ1ДТ 7ЯУ5
33679.opus,91ЬШЖ
33680.opus,#5ХГ7ЗХА5
33681.opus,000ЭЯ
33682.opus,Б3Ф4ЙВИ 1ЗИ
33683.opus,Т9ЗШ 4 Р4И#
33684.opus,7И ЩОЮБ9
33685.opus,65Н4СВ9ОТ
33686.opus,ЙЫЕУЧБГ8
33687.opus,ХАНУЙОШ7ЖХ
33688.opus,ЧДЗ9БМП
33689.opus,6ЯЫЯ55ХЖЭА
33690.opus,ФНЖТ3АВ6
33691.opus,З ЮЛ4ЫГВЪ
33692.opus,1ЛКО5УЫ
33693.opus,Ю 3ЫЕЪТЙЙС
33694.opus,Ц734ИЯ1С
33695.opus,ТПФ1УЪУ
33696.opus,ЧЯЙВУ6СФЮЩ
33697.opus,6#Ш ОЮЩЩХ
33698.opus,1БПВ69КЦ Ц
33699.opus,ОЛ1ХПЪЬ
33700.opus,ЦД4ЪАС БУЭЧ
33701.opus,Ч4ДА5ХК5ПДЮ
33702.opus,1ЬЛ78Ш
33703.opus,БККЮЪ6ЙУТ
33704.opus,4471Э Л
33705.opus,ЬШТИ ЪФЕ#
33706.opus,ЕБ3 СР ЬУ7Ы
33707.opus,142УТХЬ#
33708.opus,ИЛЦСЯОЭ5УЪ
33709.opus,ЪЗЪ 7ОЯ
33710.opus,ЛР17ЭЭА0ОЕ
33711.opus,Щ9ШХЗ3Т
33712.opus,Ъ69ЬЯПЩТЭ
33713.opus,ВМО7ЩВЦ
33714.opus,ЛДЬЙ411
33715.opus,РШ4ПЬЯД
33716.opus,ЬЩРТИ02
33717.opus,ТЬР60ЕФЮЧ7
33718.opus,РЕФФ8НЗ1ВДЕМ
33719.opus,3ЛЕ4ДИ85
33720.opus,ЫЦЬШГ9##
33721.opus,ЖЩЦФЦЩЦ1
33722.opus,ЭПННЙРЗ5
33723.opus,1ЛПЯДК 26
33724.opus,Ь ЛЪЛЫЙБ
33725.opus,С0УЧ Ю6ЖШ
33726.opus,75ГМЭЕЩ2
33727.opus,ИЧУВУЪ4ГЬ
33728.opus,ФВВБРПЮЭЮ
33729.opus,НЦНЫР9ЧМ75А
33730.opus,Х Р9ЫД9К
33731.opus,ЗМА #ПЖ6
33732.opus,Я3Ф ЪП Р0
33733.opus,Я#Ы 7БЖЛГ
33734.opus,2ЯЧБИУ4ЕЩИИД
33735.opus,Ы3УЧ0ВЭЭВ
33736.opus,ДЦХАЬАЛТЦ
33737.opus,0ТЯЦОЙД
33738.opus,8РПФЭ1В94
33739.opus,ШМЬСЧ5Т О
33740.opus,ДХ2ШДС0КЮМ
33741.opus,8СКРЮОЩ2Г
33742.opus,2Е50ЭКД4А
33743.opus,ЪГ0Л8ЩТЯ
33744.opus,З3ЛЪ ЪИЮ9Я
33745.opus,6ЗЮЬГЮ6
33746.opus,9ЙО#64ПУ
33747.opus,1С3ЙТ9ЩВ
33748.opus,ЭНЯЭПЯ3
33749.opus,НЗ КЗ3#М ВФ
33750.opus,Э7ХЧО52Ж3
33751.opus,ВЮ1ВВАЬЙО
33752.opus,7ЫЦХЭС##
33753.opus,ЭИШШЬ424СО
33754.opus,ЯЗ2Х1ХА5Н
33755.opus,РРЭШРЮПА
33756.opus,ПКЮ5ГЛУК
33757.opus,ЭСИХК5
33758.opus,ЙД5РЭ62 Ю
33759.opus,69#ЮМЮ36Х
33760.opus,У9В МРДЬЩИ2
33761.opus,8ЧПЗ К Х26
33762.opus,69Ъ ЖН9ЭФ
33763.opus,ИБ ДЮЧУИИЦ
33764.opus,Э Р6АЧ4Ц
33765.opus,К2ЦВЙ ЪЛ
33766.opus,А7УЬС1ЦА
33767.opus,ФЯЭ85УЙЫЕВ
33768.opus,7ЮНВЖЦТЧ
33769.opus,РАГЩГИ4Ю6
33770.opus,69С0Э0
33771.opus,Ш0#БМ20
33772.opus,ЭЧ6ДНШШЬ
33773.opus,Б ХР5ГК5Д
33774.opus,Ю77ЩДТЙЖ М
33775.opus,ЖЭ1##Ъ0Т
33776.opus,#ЕЧ 5#РСБ
33777.opus,ШК#ПЕЧ
33778.opus,7ЗТ4КПЧ Р7Щ
33779.opus,МРМ94ФЦ7
33780.opus,7ШЯА63ГТ
33781.opus,К0ФШЪВ ЖК
33782.opus,ЩНЭЕУАЙТЦ
33783.opus,В10ЬВ ЫН
33784.opus,УЦ21БЮН2ИЛФ
33785.opus,0#ЫВА
33786.opus,ФП25ЫТ ЯР9
33787.opus,ЩЦМ 5 ЯХЙЦ
33788.opus,6ЩФФ3 Ъ2ЬР
33789.opus,#ШЧТЮЖЩ
33790.opus,ЩЙЯ#Т БДИБ
33791.opus,ГГП3ЯЯС4К
33792.opus,Я46ХЭС
33793.opus,А0Ь6 С 1Я
33794.opus,Е Ч6ЫК 9ЕОЬ
33795.opus,Н4ОЮ219
33796.opus,Е6#БФЬЭ9Ш
33797.opus,Д2ЭНХ3Г КК
33798.opus,ЯПДГЭЗ ИЭ
33799.opus,ЗХНВ ЗКЯЙ7
33800.opus,СИС#БТХР6О
33801.opus,6О Б УПГЩ5З
33802.opus,2КЗБИСМУВУО
33803.opus,9ПКК5ИЩС
33804.opus,ОЧЦЕЮЙВ8АПР
33805.opus,ЮЗЩР6УИ4
33806.opus,2ЭББ3ЖЗЮ
33807.opus,ЦГЫФУ6Ь
33808.opus,Ь4 ЬХЧ3ЭИП
33809.opus,ФЭДЧСМ З8Ю
33810.opus,ГЛТ36ПР
33811.opus,СИОМА9МК КТ7Т
33812.opus,5ИГ В7А5Г
33813.opus,Я РМДНАРЗ7
33814.opus,В#И50#З
33815.opus,7КВЧ87Ъ4
33816.opus,1ЙЕП МКЧМ
33817.opus,РД5ЙСБФСВ
33818.opus,Ф4 РТР84З
33819.opus,ДЙЗ91Х
33820.opus,НЗЖИ7 М ЦТ
33821.opus,4БИ7Ф6Ь1Ь Э
33822.opus,6ХИЖЦЗСТПХТД
33823.opus,СЧСБЬЗ МККЩЯ
33824.opus,7# Г25ШЬЭ
33825.opus,ЗЕХЯ5НХЛ7СЧ
33826.opus,ЦН ЦФП05Л
33827.opus,ЪН4ЮТН4
33828.opus,1ЦНЛИОФЩ
33829.opus,ЯАЭПФХТЫЫЙ
33830.opus,1ЫЕЙ73#ТИС
33831.opus,#ЭЦЪК БК8
33832.opus,ЙПЧФЖ2Б
33833.opus,#Т6ПР8ЭЪ
33834.opus,6ЪФ9Э0
33835.opus,#7 ЦМЦ7
33836.opus,ПШЦ2ДВ31ХХ
33837.opus,Э453ИЗЫШ2
33838.opus,МХЬГ9П16К
33839.opus,ЗТЦ6МЙВ9Ф
33840.opus,ДК21Ц2
33841.opus,Ж0Д #ЗЦЪ3
33842.opus,ФЧЛ896
33843.opus,5АНЧ6Ф46
33844.opus,Т9ГЩА4ЯТФ
33845.opus,ХДЛЦЛ А6ДМ
33846.opus,КСЯЬАЬ4ОВ
33847.opus,Э 2К13Щ
33848.opus,0ЫГЧБИ08
33849.opus,Е2ИВЭУ 8БО
33850.opus,9 ЗЮ6025
33851.opus,0СМ6ЬЯЬЬ
33852.opus,ПЖЭ4Н3В2С
33853.opus,ФИ1935З
33854.opus,РЙП6Ш ЛЛП
33855.opus,ЭЪ#ХМ0
33856.opus,Щ7О#ЯУ4У#
33857.opus,ГГД9346
33858.opus,МЯЕ4ОСРЪЯ
33859.opus,ЯЗМ3ФХЬ1Р
33860.opus,1И2ИЧ7ГЫФМЕС
33861.opus,ЗМ9ЗЯ7КФ
33862.opus,ВЬПОС62
33863.opus,В7Ж5ИЗДС1О8
33864.opus,9ЪХГВЧХ
33865.opus,ЖЕ6ЗК9ИПСЬ
33866.opus,М ХЭСЗТЮБ6
33867.opus,ЫЛ ЦП9К
33868.opus,Ы7ТО ВО
33869.opus,ПЫЦ ЪХЙ
33870.opus,АЕР05ЛЩЫ
33871.opus,2Л54В7ЫБХЯ
33872.opus,Ж КМЙНДЗЩ
33873.opus,#0ЭИС5О
33874.opus,91ЮУ1Ю
33875.opus,ИАЮШР Э РХА
33876.opus,ЪЖРО14ШЮ
33877.opus,ЫКЯ#УБСГ
33878.opus,М9Х Я5ВЪ
33879.opus,ОВЩЪЗГААЮ
33880.opus,СМ776ЗВЯ
33881.opus,ХЖ ЯС6ШИ1
33882.opus,9ФЧ23ЙНФЖ
33883.opus,ЙЧБ2Н37
33884.opus,ЛЮЕЮВЕЬ9С
33885.opus,ГЪЗ ХШЯ
33886.opus,ЮКЗ11КАН
33887.opus,У#ЮЯЪ 7 П
33888.opus,Й 0Ы9Б
33889.opus,ТМТИ19ЖР6ГР
33890.opus,ПЗЪГДЬЙИК
33891.opus,Н3Н# Е4ЙЦ
33892.opus,РАЛФЪАЯЦЦЦ
33893.opus,8 АПЭГС
33894.opus,Я С1Ь5Ш31О
33895.opus,ХФОЫ1ОЬШ
33896.opus,57ЗД ЯИШЭ
33897.opus,8 ЬЧЪИКФК8
33898.opus,ИЛ4Ъ8Э8
33899.opus,ПЩС5ХБУЬ#
33900.opus,Й8ШХ 06
33901.opus,УО1 Т54
33902.opus,ДФЯ691ДБ8
33903.opus,9МЧИЗ7ЪСВ
33904.opus,4Ф7 ВЗДЕ
33905.opus,ЦЗ ЪИВ ЩДШ
33906.opus,ХРЮЪП #А7
33907.opus,УРУКХЕНЙФЮ
33908.opus,НЯО МЖМТМЯВГЧХ
33909.opus,У99О 62
33910.opus,У231ЙЪ1Ь
33911.opus,ЭЭ Э4ФИ8ОНИ
33912.opus,О #ЖЮ3Х82
33913.opus,РМИЩ35ХЕУ
33914.opus,СКЗЖ1 Я ИУ
33915.opus,#Д 0П#4
33916.opus,ЭС 8КФ#В
33917.opus,Щ0ПЭФМПЩ
33918.opus,АН#7#Р7ЖЗВ
33919.opus,ЬЯК03ЧВХ
33920.opus,СЧ7#1УЗ
33921.opus, 46ХЦДЛХЛЛ
33922.opus,Ж26ДЯПЭЛ8
33923.opus,ЛХЫД ЧЛ3Е
33924.opus,У9НЕРУСР5ТКЧ
33925.opus,1Р РЕДЮЪЦ
33926.opus,ЗКЮОФ58П
33927.opus,ТЯ1 ВТЬ1Ъ
33928.opus,7 3 2ЪОУЛЯ
33929.opus,Д2У ЭФ9Ю
33930.opus,ШУЯЩ ЖНЬ5АЧУ
33931.opus,ИА#ЮЦ3МФЗН
33932.opus,0#6298Г
33933.opus,ЧЙ87СФ83
33934.opus,ДЛЕЗЫХ0ЪЬА
33935.opus,ВАЩ1ЫЭ8И
33936.opus,ЫОЖОА5ЙТЮНЬ
33937.opus,41 ВИ2ФЦЧ
33938.opus,ЖЛЯТОБЭШЦ Ю
33939.opus,ЖЗ ШЗГИД
33940.opus,ФЙ9#РЯШГ
33941.opus,7Ы7ММН7
33942.opus,И1# 12Л
33943.opus,ИЗЖ2НШФЖИ2
33944.opus,КСНИЮЭ П9Э
33945.opus,Т#ЛЯЙГА ДЛ
33946.opus,5#Х7 ЮЭЕРС
33947.opus,7ЖСГШЛЙЩ ЙК
33948.opus,А#8Щ1ЛУФЬО
33949.opus,ЖЖ#ЙПП5ФФИ6
33950.opus,5ТДТ 3Н1КЧ
33951.opus,4ПДГЯИ0ЫЩЕВ
33952.opus,Й8ЪА2 ЫЛБИ
33953.opus,РБ3ДДВ0Ь
33954.opus,7ЛГХЖЯ4 1ДГ
33955.opus,94 0Ц ЩМЙ
33956.opus,ИЮЭАСМ3МЪ
33957.opus,РЙ 8НЮЦСЛХФ
33958.opus,Ф40ЖЧЦ
33959.opus,ФТ Э9УЦ# Ц И
33960.opus,РПНГПДЙ1О
33961.opus,ЙЬХГХПВ#Ф
33962.opus,И7А0ЩШПГ
33963.opus,ДЖШАБЙЦИНЕЮ
33964.opus,Г5ЫДРКЖ8Р
33965.opus,ЪЖ9ЬЭУЮ
33966.opus,РЛЦЙЯ9ЦЯЗ
33967.opus,ЩПЬ#83
33968.opus,АЛЙЛЬЖЧ ВОЫ
33969.opus,Ы ЬЧ3ЯТ59Ч
33970.opus,Ж8ЯА0ЩАЪ
33971.opus,ОС Э НРЕ
33972.opus,ГЭГФЦ 6
33973.opus,ЛДЗЮЯ9ШС
33974.opus,Л4ЖЗЖУ#В8#
33975.opus,9Ю3ЭТ Н3ХЭ
33976.opus,РНРЛ70ЩИ ЙО
33977.opus,З2ХЧЯЯПЦП
33978.opus,З34П7БЕ9
33979.opus,3У0ЗУ ОД2
33980.opus,ШШ ЕС3ЗЫЕ0
33981.opus,ЫСП6 М7 ПЯЬ
33982.opus,#Л5ЛВ КЧИ3С
33983.opus,Р7ДЭ#2АЛ
33984.opus,З6ЗШО0
33985.opus,ВМ4Р9ЗС
33986.opus,ЗЦББ645УЪ
33987.opus,А85ЛОЬ4
33988.opus,К 8Э2ЕКЪ
33989.opus,МС6Ь6Е9Е7ИТВ#
33990.opus,МЩЦНЗКЙЮГЧ
33991.opus,Ъ5Н7П0
33992.opus,9Ъ5ХП8ЬЕ
33993.opus,5ЭКХ НЩУ Ш
33994.opus,20 #3ДЭ
33995.opus,ЯЫ32З99Ь
33996.opus,Х0Ц Л3У
33997.opus,38ЛЮ0ЯФ
33998.opus,ЫВ6ЬН7 ЗТ
33999.opus,М#Ь4Э8П#
34000.opus,АНЫЫБАЭЗ
34001.opus,Э ЯМИ8ШИЭ
34002.opus,ЭФЗЗФИ9Ш65
34003.opus,ПТЧХ#ЗА5Й
34004.opus,ЖЬ6ЫГ3ЦЬ
34005.opus,2КЕЯ4ОА6ИФ
34006.opus,5ЩМЖП4
34007.opus,ЬЦЛ#ШП
34008.opus,Г96ЬВОФ
34009.opus,ЛИОЯЗЭ2Э8
34010.opus,ЧГМЗУЮЕЦ В
34011.opus,КЕ##ЭВДД2
34012.opus,47ЕЦ#И#Ш
34013.opus,Ц495#ЩТ
34014.opus,#Ь7ВЩЙИМЧК
34015.opus,ЖБ3Й29Е
34016.opus,ШБЮМБ06
34017.opus,0НЮЫФЫ0 Р
34018.opus,#БЫЦСИВ9Ц
34019.opus,ЮБ С0ИЧМЦЕР
34020.opus,Ч4 КИ#ТРШИ
34021.opus,2# ЩЙ01 ОБ
34022.opus,ЫР4ОА1ДЧ Э
34023.opus,ГЦЖЩЫЪДА3В
34024.opus,О101 4
34025.opus,ОЙАЭРЛ2 8
34026.opus,Т2ДФБЭЗ77
34027.opus,6КШС 2ЗЭДИФ
34028.opus,ТУИСНДЯЦЖЭФ
34029.opus,2Т1УБЭНБЕ
34030.opus,ГЗ7ЪКЛ ЗГ
34031.opus,РЦ 9ФФ7О
34032.opus,ЬАФ М ЖЧ2
34033.opus,Х58ШХ #Х
34034.opus,А В7 3ЙО
34035.opus,5227ЮЭЪС С
34036.opus,ЭБТУГВМ5
34037.opus,6ЧЯ09ФЫ
34038.opus,9ПЛЖШХЖ
34039.opus,ЯОШЫЫВ3
34040.opus,АСБАЖ68Щ9
34041.opus,ЛЯШ62ЙЕ2
34042.opus,ЦУХЯЖ#ЖВ
34043.opus,МГСЧТ ТЯН7Ю
34044.opus,Г ЖЦНИХЛВИ33
34045.opus,ЯХЮ1 ВО#Й
34046.opus,ВЖОИК2 Э2К
34047.opus,ЫВБПЙ9ЯЮТБ
34048.opus,6СЦЯЭ06
34049.opus,9ХЛАРЪП Х
34050.opus,ОПА В9ЛЬ
34051.opus,Г7115ДП31
34052.opus,ОЩЛ6Щ#Ц
34053.opus,Н 8КИЙЛГ
34054.opus,ЦСЭКНУ25
34055.opus,Ш96#ЖОО
34056.opus,5Ч7Р0Ш9
34057.opus, ШЫНЦЙ5
34058.opus,ЩЩТХ5 ЬАЩ Ф
34059.opus,1ЛБХИЭ3С#
34060.opus,ЪСГЭ20
34061.opus,И#Г4ТВЩЬУЦГ
34062.opus,Э##БОЯ
34063.opus,ЦЫЫ#ЮПЯ
34064.opus,ДЮ5ЙЙАФЯЬ1
34065.opus,ЪЮКП 1ЩИ8
34066.opus,Т5Э ЙД3КФ
34067.opus,ЖВ5ЗВЪЮ Ц
34068.opus,А8ОВГ56ПУЭ
34069.opus,Ф6ИФЖ43ГЭ8
34070.opus,КЧФ2ЕМЖЬХ
34071.opus,ЬЖВЛ4Э6Э8
34072.opus,РМТИУЫ3ЖПТГЕ
34073.opus,ШЫ4 ЖЯШ
34074.opus,А4УЗ2 Э5Ъ5
34075.opus,АЙС ФЦХ8
34076.opus,П#Я 0ЕЩ
34077.opus,ЫЬКМХ#ТЙЧ
34078.opus,63А5ЩЮ#
34079.opus,ПЯ7КФВФ47
34080.opus,ДА71И48Ц
34081.opus,ХЦНОЗ774Р
34082.opus,ФРМЯРЛЧ5Ц
34083.opus,8З9ХЩЕЙ6
34084.opus,Ш5ЮЪ2С
34085.opus,ВДЦ3ЗАЙЕЫ
34086.opus,ЭИСТЩС Е83М
34087.opus,4М 2А9Н83Щ
34088.opus,47ЩЛХА87К
34089.opus,ЫЖ4З 59Е
34090.opus,ЪЮ9З3ЗР2
34091.opus,7ЮХЖВЬУХ
34092.opus,ЧДЙБ ФФАД
34093.opus,ГЧИЯСПЕ574
34094.opus,ТТЦ М3ЫЩ2
34095.opus,ТШ 0#4М#
34096.opus,Ч#0ФИТЪЙ
34097.opus,З5ЭКУЙ3ЩД7
34098.opus,#Ц84354
34099.opus,9ЩЛЗИ 9Л5
34100.opus,97Т0БШЩЬ
34101.opus,ШТ80БТЩ73
34102.opus,ЕИ98 #ЗЧ
34103.opus,ТЙ44А2ХФШЦ
34104.opus,2Ф92ОФ
34105.opus,5#1П#УЫ
34106.opus,ХЙЧ96ШИМ5
34107.opus,ЯГКБ9ИЯЭ
34108.opus,ЩИО ЧЦГ8
34109.opus,НП1ФИ1КЫА
34110.opus,ЮЩЦ #8
34111.opus,5А АДМ54РЯС
34112.opus,#ЧР Н 03ЕЖ
34113.opus,Д9З9 #3
34114.opus,Ю7СЮ5ЗЕ7Б
34115.opus,Н4ПЯКИЖ
34116.opus,Т# НЪ0ОЭФ
34117.opus,ГФМАЬГХИЪЗ
34118.opus,56 722ШЬУУ
34119.opus,Ь ЯХДВ3АШХ
34120.opus,Ф 5ЛШ9ИДЫ
34121.opus,ЙСБЯ3ЧЭЛ
34122.opus,ЕШЭЛ2#ТШ
34123.opus,ЭС6#ЪЕО5
34124.opus,РРШЙ20 3Ч
34125.opus,С17Б6ЧУФ
34126.opus,Н9ЕЙ5ШЗХ
34127.opus,3ПЮ2ПЮАФ4
34128.opus,ВЗЕ6 Щ9
34129.opus,6Ж9 РА5
34130.opus,АЙ8ШЦАЦК
34131.opus,ЬЛДЗРЪ4РТЛ
34132.opus,7 7ЕЙОФ
34133.opus,Ш0 Е3РЧЩ
34134.opus,ЬМФХЪУД2ДНН
34135.opus,Ф 0З 6ЩР
34136.opus,ЛТ0НЩ ЪД5ЖЖФ
34137.opus,ЦЙО4Е8ТНЮ
34138.opus,3С Н#ИНВЛ
34139.opus,ЪЩУЛ6ЕФЛ
34140.opus,ХЗЧЦЦЭ Ж 4
34141.opus,ГИ8ДКЗГЛЮКЙ
34142.opus,Т9#Й З4
34143.opus,О9В91МХ 6
34144.opus,ЖУ 8КЛМЯ1Р
34145.opus,Л1 ЙЭ
34146.opus,Б 4 Й 9Ч5У4
34147.opus,ЯЩХЭЮ7С5В
34148.opus,6Ф3ДЩ1З
34149.opus,#МФН1Щ1
34150.opus,2ЪЙУАВОБ
34151.opus,9 ЪВ9 Е6АЭ
34152.opus,ТЙДШЩ0
34153.opus,ЦНЛ33ЭЧ
34154.opus,ЬПЯЭГХЗЗЫ
34155.opus,ПФРА0АЖ2Ъ
34156.opus,МЙЩТДИЖФ
34157.opus,Ч Ц ЬСФ4ФФ
34158.opus,ЙЫЫПФЕ86Ц
34159.opus,Г ЭМЩС2#
34160.opus,Н7ЫЮ23 Т0РЪ
34161.opus,Й1МК ЦДГ3#
34162.opus,ФКЧЭД#А3
34163.opus,ИФ7О8Ч6Щ
34164.opus,УЦПЬЖРЖЫУН5
34165.opus,ЯЧ1А4ЦДФ
34166.opus,О9ПБЯ0
34167.opus,ЛТГ ЫА ПНЪЭ
34168.opus,ИЯ7ЯМЙ1ЫХЫ
34169.opus,Ч3 #А3 ГФ
34170.opus,3У6ЛГ1ИЖП
34171.opus,ЭЖКЙСГЖ 9Е
34172.opus,ГФЕЭ4ВЧ6
34173.opus,КК #Ъ47Ш
34174.opus,#4 Л 3Ш1
34175.opus,ЦФ 3К Ф
34176.opus,3Й7К Э
34177.opus,СБ#ЧКЫ9ТЕУ
34178.opus,7КУ Р7З ЙУФ
34179.opus,А5ТШЯК
34180.opus,К8Д6С5ЪВЦ
34181.opus,1МЮЮ75ЧН
34182.opus,9НЪЯМ93И
34183.opus,ЮЯШФГ9 4
34184.opus,У449ВЫЖ
34185.opus,ЧГ73КАЗГШУ
34186.opus,ПКЭУЫБ4Л3
34187.opus,ЦИЙМ 6У#А
34188.opus,Т РЪРН2ГЯО
34189.opus,ЯБ80С1Ж
34190.opus,Ф ШЭФЙЪ8
34191.opus,Р0Ъ НИИХМЗ3
34192.opus,4С5ХГ29
34193.opus,4ЯЭЯ08ИЕ
34194.opus,ЩКХИЬЫИ3
34195.opus,8НААЙГЮЕЩ8
34196.opus,ЪПНСХ#И4П
34197.opus,ЬЪЩЭ3АФД
34198.opus,4К1 #Н1Х
34199.opus,9 ЛУЭ0ЧВУ
34200.opus,ЗЯ9АД4П
34201.opus,Ф0ИФ9ЧШ
34202.opus,Ц16ТФШ#У
34203.opus,Я1И И Ч7ВИХ
34204.opus,1ВЕЫР ВКТК
34205.opus,ЪПСАПФ 4Б
34206.opus,2ЭЩ9ЙУ
34207.opus,ЪЬ#ЭЕШГМ
34208.opus,ВНЙЧ 48ЪК
34209.opus,МОМНАЛЬЭ7ЗЕ
34210.opus,3ЧЕУВЬЫД
34211.opus,ЪПДХХ5ЫЯ
34212.opus,ЦЯФМЗ84ФП
34213.opus,ФФ0У1Й
34214.opus,ЗДССЯШГЯ3
34215.opus,ЪОЗЖ#ОЦР
34216.opus,ГЬУПКЮППП3И
34217.opus,КШ8Ь#КПУЗ
34218.opus,БМЦ8РЧ5ХЦ
34219.opus,АБЮЕРЛЕФИ 1
34220.opus,17ЗЧ2О
34221.opus,0Ч ЪАЪЦЙП4
34222.opus,58ИЖ0ЪБМСЖ
34223.opus,УЛМЖФ6УФБ
34224.opus,8ИГ6ЬЕЪ4К
34225.opus,ЫЪ5ЦЫ49
34226.opus,КГЪЕ##
34227.opus,ЩШЕ ЗМГЙР
34228.opus,6ЫЬДЕХЖ82
34229.opus,2НЧФЮК5З4
34230.opus,410ПЗ
34231.opus,01Ф5Щ
34232.opus,9ЭВАЙ8ИГЙ
34233.opus,ЭОТЬ5М7П
34234.opus,КЩ6ЬШПВ6
34235.opus,ЙУЯЧВ ЧФЖ
34236.opus,УДХЙ6ОДДЦБ4
34237.opus,98 0ЙЦ
34238.opus,5ЯА27ФЭ79
34239.opus,6ЖХУ7ЗЛЖ 70
34240.opus,Т#Х8И6ЩЪ
34241.opus,7Ы2КЕД8Ч7Щ
34242.opus,3#ИР8Р5У5
34243.opus,ЯГЕУЕЗ Ч
34244.opus,МЪПС ШЮЭ
34245.opus,#Ф6ЕЩ943П
34246.opus,3ЭШБР#2
34247.opus,2Щ8ВЭ ГЛ
34248.opus,ЮЭЮЬ4ЙТЪ
34249.opus,ШФЫЯРМГМА
34250.opus,ЯНА0ЮЧФЕЩЗН
34251.opus,ЗЫИ 2Х 3ЖЧ
34252.opus,9ДЫП89Е8
34253.opus,ВЭ7О4ШКЙ
34254.opus,Э#НЧ4ЭЮ
34255.opus,6АЬФХШЖЫ
34256.opus,ФЭЗ6Д2ТЬЕ
34257.opus,0ВТ6НЦБ6
34258.opus,ЭХШ#6ЖГ
34259.opus,ЦР14Д1ФШ
34260.opus,О3#ПСЩАЕВВ
34261.opus,ЮЪАЬЫХ0
34262.opus,УБЧ0П71МЭ
34263.opus,2КЙЗМА9
34264.opus,8ФП6ЙЯРЭ
34265.opus,ЩОК3ЛСК9
34266.opus,2ДФЯПО0Ъ
34267.opus,0Ь ЖФ2С
34268.opus,СЧХХ Р8ЮА6
34269.opus,О4ИКЬ22
34270.opus,ГХ8К4МБ2
34271.opus,ФЦИВЙХЗЭ
34272.opus,Б2ЧББТ1
34273.opus,АЮ 9БЭ27
34274.opus,1ОЦФЫЖД9
34275.opus,ВМЦВКЮ5ЕЬЩ
34276.opus,УА ВТ9Э4#
34277.opus,ЮРК8КОВ К
34278.opus,ФСШСТ3К66
34279.opus,8ЭНЛЛ2ЛС
34280.opus,ЛДМ7ДД9Д
34281.opus,ВККХ7ИЧУ1
34282.opus,9ППЪ2Ш
34283.opus,ХШ Г0Ю76
34284.opus,Ы4ФЩЮЛШД1
34285.opus,И65ЧЮ А1ФМЭ
34286.opus,БУ 6 82Ч9В
34287.opus,П0А Т77#
34288.opus,54БЕЖК53ФАА
34289.opus,ЩГ00 Ч Ь8
34290.opus,А8ЛКЪЬ6ЯЩ
34291.opus,0ЧЯ6#ТИ#
34292.opus,4У8ЛЙСЮ40Ю
34293.opus,Ъ0Н1 В6СБЕЮ
34294.opus,У9З 7ДИЭД
34295.opus,ГЮ6 ДЛЫСЦ
34296.opus,РЮЫКЦДЭ79ЕУ
34297.opus,Ч9ХЬЪО5НЯ
34298.opus,Э8В Ы#К
34299.opus,ЖД5Ъ1РЫ
34300.opus,МХБХЭЧ94З
34301.opus,Х0И7ЫТЩ9А
34302.opus,ДХКЮА Ъ9
34303.opus,6П8ЛЦРВЬЦГ
34304.opus,НШР7 Ч ШМХ77
34305.opus,М4Т7ЪЦ
34306.opus,01Н5ХЙЛЖЛ
34307.opus,ЫЩ5Р Й77
34308.opus,ЪА9 ДПЭИ
34309.opus,Я76ФЕДЛОЯ
34310.opus,ВЮ7Х27ЕДЫ
34311.opus,АФЪМЧ8Ц7Я
34312.opus,УЦИЭП7Т3ЯТ
34313.opus,ПШ8БЗ2ЭЯ
34314.opus,ПЮ 3ГМДЬП
34315.opus,Щ#ЛО38БМЩ
34316.opus,З2МП8ЬН1
34317.opus,СУЕЧХЩЩЕБ5Ъ
34318.opus,ФШЛБХ4З
34319.opus,ЬКЩЯЬХДБЮЭ
34320.opus,ЖЯ2ЦСЗБ
34321.opus,ЮМПУЖЩЖЙЫЮФ
34322.opus,83СЗ44ОЗ
34323.opus,КМЭПНКЩ К#Л
34324.opus,5ЯМ4ЯТКЯ3АВ6
34325.opus,1МРСК8ФЫФ
34326.opus,1Ы2БДЕИ И
34327.opus,СПЧ12
34328.opus,ЮЕЮУ2П3СП
34329.opus,Г01ЖТ Г
34330.opus,РКЫР0З8СЗГ
34331.opus,ХЪЪДЗЬЛ0
34332.opus,9ИЪДР ЗЭХИЫ
34333.opus,ЬУЖПЛВО6
34334.opus,Я0ДБ#ПК
34335.opus,ЧЗ13С8Ц
34336.opus,2ЕАГЛ#2РМ
34337.opus,4ЩУЭБН#Б
34338.opus,АЙЬ2ОЗ2Ы
34339.opus,С1МЦННМАЯ
34340.opus,4ЭОВЬКФ#
34341.opus,В2ЖХ93ДУС2
34342.opus,ЛВ1ЕГ7ХМ
34343.opus,ЙКЦ1ЗЖД6
34344.opus,Ж6УЗЪ4ИЛАЭ
34345.opus,Е1ЯППВЗХ
34346.opus,4#ЯЭЗЖАЮ 9
34347.opus,Ъ ЩСВОЬ
34348.opus,Я9ЙВ3Я
34349.opus,5ЗГ СЬ1ИОИ
34350.opus,ФШЯСЖА ЦЩА7
34351.opus,ЮСА8М0ОО
34352.opus,ЯЪ6ЮТ ГКЭЭРЕ6
34353.opus,ОХЧШЫКО
34354.opus,ЧЗЛЫУЙГ
34355.opus,ТЖЯЧ94
34356.opus,ВН2ЯЕГ0Н
34357.opus,АФЭДБФЫЛВ
34358.opus,ЪЦ1Й#Н3Ж
34359.opus,ЙМИЪЪ5 4
34360.opus,КЧЫЗ1СЖ
34361.opus,Ш188Ф5
34362.opus,М28КП
34363.opus,Я Б 5УАЪ
34364.opus,0НЬС0ГЛ6Ъ
34365.opus,528ЗЭХ
34366.opus,Г7ЩЫП0ЪК44
34367.opus,ТЫ Я3Й3ЧКЗ
34368.opus,ЖЫК44ГЩЛ8ЫЖ
34369.opus,ЙЭ М Н1
34370.opus,ЖОЫ5ЧЬХ3
34371.opus,ЦПГ746И5НР
34372.opus,Э9ПЕЬЕЩБ8
34373.opus,ИО8ЕП ЪПЪЛЕ
34374.opus,ПЧЙЦЭЙБ6
34375.opus,4М#Й ДЕ9ВЖ
34376.opus,4 НЫЭЧР 8Ж
34377.opus,Ю8ИХУОУЪ
34378.opus,РЯ 4 Я522ИМ
34379.opus,7Ы0Ж#3ЯЬ
34380.opus,ОДТХНЕ02С
34381.opus,РЕМ#Ь6М
34382.opus,Ц БДА6БПГШВ
34383.opus,АВ88ТФИХ ХЖ
34384.opus,ПГЬ#С4У
34385.opus,Ч67ЧВУ5
34386.opus,Ъ01МЮРЫЮ
34387.opus,#И776У1ЭУ
34388.opus,740З8Ш
34389.opus,ВЙЫВ03
34390.opus,ОПД96Ж#Л
34391.opus,Ъ9Л54ОБ
34392.opus,86 Т8Е3ОЩ
34393.opus,40 84ИЫШС
34394.opus,МЖФА1ЕЦВВФ
34395.opus,3КЕЛЦЧИОН
34396.opus,ТАЫ9ФН3
34397.opus,ГШ2Э К446
34398.opus,3ДНТББ3
34399.opus,Ь6 7ЫБМ
34400.opus,8 Д0 Г3 Ы8
34401.opus,Й3140ЭЯЩ
34402.opus,РО5ИЛ4ВЗМ6Й
34403.opus,ЖИЙ65ЖСЛДЧЯ
34404.opus,ЙВЬЗХУЙ5ВТ
34405.opus,3Х 0ЛГФ
34406.opus,ЕРЖ9#АЮ4
34407.opus,ЩЛ2УЕП3ПВ
34408.opus,51 В 8Р Ж6Ч
34409.opus,3У #О1КБ
34410.opus,Ъ26ВРУЭ
34411.opus,43НИР0БЕ5
34412.opus,ЭЬИИО3Х1ВЙ
34413.opus,ЩСДПВКЪ
34414.opus,663ЙДЮТБ 3В
34415.opus,Ф4 З Ю6БЕБ
34416.opus,ЦВАУПЩЮ8НШИ
34417.opus,Ь1ФМ6РДНШ
34418.opus,НД2НЦЖТФЮ
34419.opus,МЧ5ГЕЧ4ЗК
34420.opus,ФЭЮЙЯТШЯЖ
34421.opus,5#Л23ХБЯХ
34422.opus,НФРОЗЬ1 А
34423.opus,С Ъ8К0ЗИ4
34424.opus,4ФЯИДИ#7ЮКЕ
34425.opus,БВЬ0Ч1ЯА
34426.opus,ШЩ ЭМ8ЛЙ Ю
34427.opus,5ЫЖШФЭ7 З
34428.opus,ЩЬ5ВА41Д
34429.opus,П0ЙВ5ГЬБ
34430.opus,5ШЮМШЛЩ5
34431.opus,ЭЦДЬПЮО6#
34432.opus,Т АЦЗ9МЧЗ
34433.opus,И К#6Р06ЕЪ
34434.opus,ТВП2ЕФЫ7
34435.opus,ЫСНЪАДШ4 Ч
34436.opus,Э4И7ЦЩ7Ш
34437.opus,З3 ЕТАТЪ3Г
34438.opus,Х1Ь9АЯЭ6
34439.opus,ЙХЦ3ХЪ ХЦЖ
34440.opus,ЩС# ЪМЕАВУ8ФИ
34441.opus,1БКЧЪБ ЪЗ
34442.opus,УДЛГЭСН#
34443.opus,ЭЦ006Н
34444.opus,ЖЩНКШ20ХЖ
34445.opus,9С 5ЪВЪ БК
34446.opus,7ЖШ124Б
34447.opus,У БФ0#88
34448.opus,РЛЪ У3 ХСА4
34449.opus,1ДВ516Ы3
34450.opus,1ЫК4ЯМ0
34451.opus,ХЫЛЖЩ31Ы
34452.opus,309В0ЛС
34453.opus,ЭДТ43ЛО39У
34454.opus,ХЮТ0Д ТВ ЫЮЬ
34455.opus,ОС БЬЯЩЫ
34456.opus,УАЫ # 68Ж8Н
34457.opus,ЩВЪФЦ1 ЬН
34458.opus,7ЧКЙ33ЗД
34459.opus,ЮЖ1Г1ФВ4
34460.opus,06АИТЭЕЮ
34461.opus,УХ#ЦДА9НЖ
34462.opus,ФЖ99УФЮК
34463.opus,Щ0ЛЙДХ 3Л
34464.opus,87ЧЦК4ККФ
34465.opus,Л 5Я 3Ч4Л
34466.opus,7ШЭЗ7
34467.opus,#КХ4Щ ЖМ
34468.opus,ЩО3Э 9ЯБ
34469.opus,7 М ВФКДИД
34470.opus,ЛЛЕТ ЪХМ9МЛ
34471.opus,7ЖЖ Ж3СНУ К
34472.opus,АЗЫЗТ МЕ2
34473.opus,3ДЮУДД4Г6ДБ
34474.opus,А3К5КР2ФЖ#
34475.opus,ЪЦ4ТЫВ
34476.opus,ЯНШЯВ5Д3Р5
34477.opus,ЫЧБЦЫШЕЬТ
34478.opus,3ФНЭЦП22
34479.opus,ХНВ 6ЫОП
34480.opus,5БЦИЪ ПДФ
34481.opus,ЮЛ8ЦО 0#А
34482.opus,Щ3М ИЙЪУ
34483.opus,35ВТЦ53Я
34484.opus,ШБ66Ж1О
34485.opus,И 29ЦЛЫЬД
34486.opus,ЬРМВ4627
34487.opus,Й49ИЧ 7РР
34488.opus,АЗГИ ЖЧЛ П1
34489.opus,Ы 4ЛЛЗ#К
34490.opus,093 ОШЫФ
34491.opus,7С2ДФВНЪ6
34492.opus,Ъ6 РБ1Ц
34493.opus,ЮСЬ6ЙНЗЫ
34494.opus,ЫКФИ5Д1 Ц
34495.opus,3ЛММИЖЮНД8С
34496.opus,71ЕХ9Р9Я
34497.opus,Е7Й5Ц3Ю 6Ч
34498.opus,ЮФ2Щ6Ы8
34499.opus,Х67 С# 0
34500.opus,РЫЯР13 ЛЪ
34501.opus,Ж# ЦВБВФО
34502.opus,Н4ФКЮР0
34503.opus,ЙВ0ББОЮИЩТ
34504.opus,3В0Ч7ЛШ3
34505.opus,ЙЬК1НЯ#Ю
34506.opus,ГИ1Щ4#ТАЗ
34507.opus,2СО6ЪЬДЛ
34508.opus,ЩЭ6 2ЭЙЫЛ
34509.opus,ЩУЩ14 ЙЪБ
34510.opus,ЖЪЧАПХЗ Щ
34511.opus,ЧФ6М4ХАД6
34512.opus,ЖБЦЛЕЭХЧ 9Д
34513.opus,Л8Ы2Щ6КЯ СЖ
34514.opus, 2КРГЖС7
34515.opus,ШН8Х ТЫ57Д4
34516.opus,9О4ДФХС7 Б
34517.opus,ХМД#3ЖОЪ
34518.opus,4Х6Б ОЫ7
34519.opus,ЖДВ1 Ш5Щ
34520.opus,ГЦЦЬ ФЗ Й3Э
34521.opus,ЩКГСЦИЫЫ
34522.opus,537ЬОЖ7ЯС
34523.opus, ТЧ7ТР1
34524.opus,ЪСЮРЫ9Ъ
34525.opus,3ЫГЧ ЮХМЯШ
34526.opus,ХВУХЧРЖЯ6
34527.opus,ЖПШБРС Х9И
34528.opus,2ПВ0ЛН2
34529.opus,2Д ГНЗ81
34530.opus,#ЬШТ С 5ЗЗ
34531.opus,Щ 0ЬЛИ0Ж
34532.opus,МЧЫЙЧЩЦ
34533.opus,Ж7М#3ЫЫ
34534.opus,ФСН4Х31ЩНЯ
34535.opus,ЧЪО Ц УОНЩ
34536.opus,8ЫСФБ#3 П
34537.opus,П9ФМ ИВПБВ
34538.opus,ПКФОМЧЕЭЛ
34539.opus,9Ь4ЖДПАЧ
34540.opus,МЫМНЙЗЮ#
34541.opus,4ЙАНЭХ2ЙЙ
34542.opus,0БЛХ6 ЕНЧЖ
34543.opus,ЙК8Ъ1
34544.opus,ЕГН2 ХРБКХТ
34545.opus,ЗЭ7ЯНЭ3ЩР
34546.opus,Л4У6ТАБВАЕ
34547.opus,ИЬИ ПНБ ИИГЫ6Г
34548.opus,6ХЮЗХЗИТЕ0
34549.opus,Ы9СЖИ1ТИЫ
34550.opus,Э ФЬК1 КОС
34551.opus,ЙНЮПЬ0 Ь4
34552.opus,БМ Ф2##0
34553.opus,36ГЛ4Б9ТЩ
34554.opus,ЪИЗК ЧН92
34555.opus,З НГ#Ъ6
34556.opus,БЩ8ОЛ3Ч
34557.opus,Я ЫТЗХЛ559
34558.opus,МО#44Э77ТЭ
34559.opus,МЧДЩГМХБЙФ7
34560.opus,ЧИ2ТКЩГЪ
34561.opus,РЭГИЙОБ К 4У
34562.opus,Р0328ДЦРП
34563.opus,Т9ЧЖИ#МЖЭЯ
34564.opus,Ю99 ЭЙ
34565.opus,БЙ1Д Х4 9
34566.opus,БТЧ05С4А
34567.opus,ХРЩ7ФЦ6
34568.opus,2П 5ХТФ#Ы87
34569.opus,ЗЗ ПЯ7Ш
34570.opus,ЩЬ#У073
34571.opus,6Е#КТ АК 3
34572.opus,ЛЩ4ЫЕ П4Й
34573.opus,8ЩСЪ66Ъ ЕЦ
34574.opus,0С ЯЫЭЦЫ
34575.opus,ЙД2УВ7ФРРТП
34576.opus,ЪЮ5ДЮ5Е1
34577.opus,6БЯ7ХЙАХТМ6
34578.opus,Н9ФЯФЦЯ56 Ь
34579.opus,З7ОЫЪК ДЭ
34580.opus,ША7В Х6ЗКЫ
34581.opus,751ЯРР45
34582.opus,ЙБЗФ ЯЬ 7ВВЕ
34583.opus,ЕГ57У1#1
34584.opus,7ЫМБЯ8Ы4Л
34585.opus,04776ЦТ
34586.opus,Ь89 1Ж#Ц
34587.opus,У8ЯФ64Д#
34588.opus,ПЕ7 509
34589.opus,8Ы ЗФ11
34590.opus,РЧБ41ФЗИ
34591.opus,ЮГАЬФС7ЗНЦ
34592.opus,ПД ЪЯЫЪ
34593.opus,МЭВСУЪ6ПА
34594.opus,ЯОЩ2ЦК0Ч
34595.opus,ЛЙР П619Ш
34596.opus,#ОМПЯЩ0
34597.opus,8БАЧНЙФ8КД
34598.opus,ДТВ Н96ТД
34599.opus, 4О611Х
34600.opus,СД613ШЕ35Т
34601.opus,3ЕЕЫЩ8ИУЩРУЯ
34602.opus,НЕ6ТГЖВАЧУ
34603.opus,ВЛЩШН2ЩЙ
34604.opus,СРБДЗЩОШЯЬ3
34605.opus,ЗХСМЛЬ4К
34606.opus,ЗШ03ЖС
34607.opus,ЦЕ0О Х6З6В
34608.opus,ЗБЛ4ВЯЭ45Ж
34609.opus,АУЧ7ТДКЙЗ
34610.opus,Й0КШ5ФО
34611.opus,3ЬСФАВЭУ
34612.opus,93ЖИЭЛЙЖ
34613.opus,8ЬАЛЛ5 ШК
34614.opus,ЬПЬ47Ю7
34615.opus,1ВЪСМ6ИЪ
34616.opus,ЭЖ2МЗМФЭ Х
34617.opus,ЖЗ1ИП Р
34618.opus,МЩАУЫП7Ч
34619.opus,ФК9ГХТ94
34620.opus,4ЩЕФГКД5ЦЫ
34621.opus,КИ Ъ0ЖРЦ
34622.opus,847ЮЦТ4
34623.opus,ОБАМХЗ7В
34624.opus,ЩДЗ08НШШ
34625.opus,Х1БЧТ4Ь
34626.opus,Ы# Ч КУ0ГМХ
34627.opus,0ЯРЗЮН4МУ3
34628.opus,О7ЖЮ6К У1
34629.opus,ЖАР7ХБЭЛ5
34630.opus,308БМ6 И
34631.opus,6ШФЕПВШЛБ
34632.opus,ВБФГ Ц8#С
34633.opus,ИА44АХВ#ЙЧЭ
34634.opus,ЩЧ85ЭЮРП1
34635.opus,С2 Л9ИАЯ5 6
34636.opus,1ПКЖЧВАК
34637.opus,09В32ЦВ
34638.opus,ЪЬ МОРГИ93
34639.opus,5 ВВ3498ЖУ
34640.opus,3ФН 98ЛФ5
34641.opus,ЭГВ9ГМ
34642.opus,ФТ7М2БГ
34643.opus,Ш#ЯЖ2Ю#Ъ
34644.opus,ПЛЗ 8СНЙА
34645.opus,5 ФТ0Х4Ъ
34646.opus,ЧФХ4ЕНОТ Ж9
34647.opus,ЫУ2#ВЧЦ75
34648.opus,Ш ЩЛ2ЩНЕУББ
34649.opus,4#Ф МЩЯИ
34650.opus,ПЗЫХОЕ8
34651.opus,38ГЙОС
34652.opus,1СЗЗЛЮ8
34653.opus,Щ6Ф1ИЦЙ8
34654.opus,З 59Т7ЪВ
34655.opus,Ы9ЛЛ МКЙ7И
34656.opus,413ЩЬН
34657.opus,9ЧН35О5
34658.opus,С4#ВА5Х0Я
34659.opus,ШЦРЬХТА3КТ5Э
34660.opus,ЛТЗАОЫ6
34661.opus,24ЪН9РР87
34662.opus,ФБЭЫМГЖЮ
34663.opus,8СЖ0ШШИ РА
34664.opus,Ь7ХАТИДС3У
34665.opus,СЩЗХЩЦЙ8ФЦ
34666.opus,3Х090ТФ
34667.opus,ИО5ДЕМ ЯС3 В
34668.opus,О7Н7ИАК4ЙБД
34669.opus,00 82ЕЮ9
34670.opus,КЬКХАЪ4Ы
34671.opus,Х1Т60С1
34672.opus,У7ФГЫДМ2
34673.opus,ЯШВАП#
34674.opus,ЦЖРОРНКДИШЧ
34675.opus,ЬДТ8ЦТ7Ы
34676.opus,БКФ487 Ы
34677.opus,ЪФ1МЫП5
34678.opus,У 15Ь66
34679.opus,3 3Й9ЫЗ
34680.opus,П2ФЮЙ2Н2Е
34681.opus,Ж4ЩН6У5В
34682.opus,1ЛОЦ#АШС
34683.opus,8КЛЯЯЗЛ
34684.opus,ЕФ7А4Ж ЬМ
34685.opus,0ЪЗЕРН44
34686.opus,ЩЬ4Ъ1ЗЗЕ
34687.opus,Г#И ЬНИ91Щ
34688.opus,ОЖД0Б7ЮЛЙ
34689.opus,РЪ0 ЙАЧ
34690.opus,ЗД АЭЭШОИТ
34691.opus,ЛЭТС#ХН57
34692.opus,ГШЮ УТ5 Ч
34693.opus,Щ 9Т1ЕЕАВЦ
34694.opus,ЗЦЗМ06
34695.opus,ФЫЕЯ05Я 1
34696.opus,ХЩБ6ВВЮЙ9Д
34697.opus,Я5ЕЪГЪ3ЛЮИ
34698.opus,Я028Ш1
34699.opus,ЧЕЩРФ#ЧЫХТ
34700.opus,Ф#50ТБС
34701.opus,БЩЧЪЮШХ
34702.opus,Х2#ЖЪЫГ
34703.opus,ОГ0КБ9ЙССТ
34704.opus,ЭУЖ#3ГИ3Щ
34705.opus,Ъ3ШР4Л
34706.opus,1ГЙМИФЧ7Р
34707.opus,НЬЯЗШТЫ0
34708.opus,ЗЮС6ЫЯЦ6 ХТДБ
34709.opus,БПУКАЬЭВ8Д
34710.opus,ТНО26ЪЭ
34711.opus,85ОЫ2ЭЦ4
34712.opus,Г4ПБЦ3ЦИ
34713.opus,ДЦУЭЬЬИЛЛ
34714.opus,7Ч3РЯЦБВ
34715.opus,З156
34716.opus,ДДЮ8УФ5 ЬЙМ
34717.opus,Ю 9ЯХ81
34718.opus,4ЮЧЖМ9ЯТЬ
34719.opus,ЬИЧФ3Ф7Р
34720.opus, 63ЫН
34721.opus,ЪД2ЗИ7Е#БУ0
34722.opus,ШН42ЦЫРВФ ЗА
34723.opus,9ЬЗ6М Ф45
34724.opus,ЬЛА2 Ж5Ы
34725.opus,ШБЦТБП9ВЕАЛ0
34726.opus,2 Г#ШХ ОР
34727.opus,7БНЧ8И5Ц0АЯ
34728.opus,3ЧЗ3М1СЩСЦН
34729.opus,АО9ЫКМВН3
34730.opus,ЯЛЙЗЬНС4
34731.opus,ЯВ6ЖЦЖ599
34732.opus,63#Щ2ЧЦЖ
34733.opus,ШФ59А3Э
34734.opus,ЮЩП4#ТЕЯ9
34735.opus,6ХЦРРТРХР18
34736.opus,К2В1ОУ3БТ
34737.opus,ЫЙСЯЙФВЫЛ
34738.opus,ЭШ МЫГЪ
34739.opus,ФОЖ ЛЮ3Ф Ш
34740.opus,М ЗЙШЬЕГРВ8
34741.opus,Л7ЫХ ФИ9ЕЕЯ9
34742.opus,5Ф ЬМ1РХЕ5
34743.opus,НПВКЯЛЮТТ4Ь
34744.opus,СЛЩБЦЧЫ7У
34745.opus,1Н7ЗЪЕЮЖЙ
34746.opus,8ЫМ7 95ХФ
34747.opus,УУ7ЯМУЫГК
34748.opus,ФЗ8З966НП
34749.opus,ЕЕ2ЭОБ4М6БТ3
34750.opus,36ЕБ31Ц
34751.opus,11З7 Е#0К
34752.opus,В В5АНВО Д
34753.opus,8ЖС5АВ053
34754.opus,ХЛМ76 ЛДМ6ЬЗ
34755.opus,3О646Э39Ъ
34756.opus,П8Е#НОШ2Ц
34757.opus,97Й03Л4Г
34758.opus,90Щ ГСДЩЪ
34759.opus,1Ц5ЯЧТ5К
34760.opus,МН Й84ЫМБ
34761.opus,2НЖ34ЦРПЪ
34762.opus,ЭА ВБ9Щ
34763.opus,УЮЬЕ4ЗЪУА5
34764.opus,0ЮИЫЙСИ
34765.opus,Ф ЛТЦ 0Ю1Б
34766.opus,ЬЗЬИЬЕЪЮ ЖЛЦ
34767.opus,Д5 АЬ4А6
34768.opus,ЗАУЗ З АЯЗ ЖЬ
34769.opus,#КДМ06#ЯЙП
34770.opus,ВМ ЬРБ5У2
34771.opus,6 Я4ДЦ69
34772.opus,ФН#Х#9ОВБ
34773.opus,ОИШФРНЮУЮ
34774.opus,79У8ЧЬЬЛ
34775.opus,НЯ3КЗ ХЪ А
34776.opus,Я Ж3ЫЙЮУ
34777.opus,ЯЮЖ УФИТИФЮИЖ
34778.opus,8ЪФШЭЭЯ31Ф
34779.opus,О9У 5БД2
34780.opus,ФР ДДО1ГЭХ
34781.opus,ЮЙР3БХЪС
34782.opus,Я5#ЖДГС#
34783.opus,9О54Д0Ь2З
34784.opus,ФЫ8ПК3
34785.opus,ЭБ0УЩ2РИК
34786.opus,ЕХД8 ЮХЕЛ
34787.opus,СЕ#Х 1МЙ
34788.opus,ЬЬЕЙ#Щ8ЫФ
34789.opus,9#ЧЙ3Ы0Р
34790.opus,Ш360ИЛВ
34791.opus,ИБ9#ЩП7
34792.opus,Р 8Г902
34793.opus,Щ3ТО3АЕЪ
34794.opus,ВР5ШЩЩЫМ
34795.opus,54ЪЯ ХЗ 9
34796.opus,ГРФ0ХИ117
34797.opus,ДЗП1Я 7
34798.opus,ТГЗ0АД9Ш
34799.opus,Л#Ю У3ЪЛЩ
34800.opus,6Й2ВВУШЛ
34801.opus,Ц12 Х4ЗДА
34802.opus,4ЗЛМ ЖЭТО#
34803.opus,ТЫ8НЙ Ы2
34804.opus,ОЧ МЩНХЦПЧК
34805.opus,ВГ#4ЯЪЖ
34806.opus,25ЗЯН42К
34807.opus,УВКЛ ЬЕЛ#
34808.opus,ВФПЛК6Ж68
34809.opus,ДРОЪЭЪЧ
34810.opus,8З8А39В
34811.opus,Х2Г7ЬЛФ7
34812.opus,Ю3 Ю8 ЧЫФ
34813.opus,ЙСЪЗЩЯ
34814.opus,2БЬСЦЩООЪ
34815.opus,7ЪПВЗМВФ
34816.opus,Я5Ь#ХХЧШ
34817.opus,ЩРГЖС ЙЖ5ЯВ
34818.opus,0З5ШЩСЛИГ
34819.opus,ЪС5Д#Т#Ю
34820.opus,УЛЭ ПХПФ
34821.opus,У7ФЬТКЗ0
34822.opus,7Д#ЛАС2Й4
34823.opus,ЪТ0ЖЫМ77З
34824.opus,ПТЧДЕФ29ЮМЭ
34825.opus,2ЙИ5ПЬЭ Ф
34826.opus,2ОШС3АМУЩ
34827.opus,ЗСЫД ЙЩЭЛ
34828.opus,Ш ОЪ63
34829.opus,Ь7ЭЦ2ЖФЮ
34830.opus,ПР5ФК6586
34831.opus,71ЦЗИФПББ
34832.opus,К66ЗЧЦИЕ Т
34833.opus,ОННУГСИ82ВА
34834.opus,Э231ЪБШБ
34835.opus,ПУМИ#ЮДЩЛ
34836.opus,ЖЙЗФЫ ХВ3
34837.opus,Э9Ц49СМ
34838.opus,1Д2НЕ3Ф8
34839.opus,ЭТ РМШ7ЩСХ
34840.opus,8ЭЬ ТЯЮЮ2
34841.opus,6И ИЧС5ЬЛ0СА
34842.opus,Щ МЯЬ1ГД7
34843.opus,С4ВМ48И1
34844.opus,Э3Р2СЬХС8
34845.opus,4Ч М2ТГО8
34846.opus,ЬЧМВШ# 0
34847.opus,ООНН6ЗЪ#Х
34848.opus,80149ПО
34849.opus,СР1ЫЛВАЛ К
34850.opus,КНИЛС2Щ4Ы
34851.opus,АЮ4НЬЯЮЩЫХ
34852.opus,ХФЕ1ЖХНФМЬ
34853.opus,92РБЩ76Е
34854.opus,ШЯХР ЬИЗИЭ50
34855.opus,8 ЗЦПШЧН
34856.opus,ХЧЗ4У4ЭГЛ
34857.opus,ТЧРСРРЮЙК
34858.opus,ЕЙДЖВЪ1 ВЦ
34859.opus,ФЯПРМ9ВМ5
34860.opus,ПЖ7А1ИЮ 6У
34861.opus,Ш4Ь3ЗЫЬЯ
34862.opus,САЕЪГ8УЪПТ
34863.opus,СД6НБ#ФЬ К
34864.opus,ЛЦГ842 9
34865.opus,2Б3Ф47А
34866.opus,ЯЦНУЭ9#0
34867.opus,ЗАЧ 99ЗШ
34868.opus,ЧХ3Г55ЫРВ
34869.opus,ЦЕРЮРЪ#
34870.opus,Ы ПЭ0ЩИН41
34871.opus,Э8НЦГПП
34872.opus,ЖВЬМЭШДХ
34873.opus,ЛЛ2ЪЭУ
34874.opus,Й5ХШО5Ы
34875.opus,5Ч83Н#Е
34876.opus,3#ПЛ4 0Х3
34877.opus,С2РЮЯЪЫЮ1
34878.opus,ЛЧШЛПХ5Ш
34879.opus,0ЭДХ15ВЬТТКС
34880.opus,ЯТЙ ИЯГЧЙ
34881.opus,435С Т6ЗЯ
34882.opus,АВЪ ЧШУ6Ъ
34883.opus,7ДТУСХ3ЩЫЯ
34884.opus,Д7КУ#ШНХЛ
34885.opus,4ЗС44РЙ#Б
34886.opus,90ЭМ МГЛ
34887.opus,СФЭЦ960Ю
34888.opus,49ЖЛФ7
34889.opus,Р5ОЩСБ Й 5У#
34890.opus,ХЦЮЗТММЪЯ
34891.opus,ЧОУХН60ПС
34892.opus,И2РЬ050З
34893.opus,0М1ШЗЖБЕФ
34894.opus,3ЛОЬН5
34895.opus,4Ч#РГЧХ6Я
34896.opus,ЮО7ДЭЮ
34897.opus,Г5ЩЦ ХЗБЧЛ
34898.opus,ДФМЫ 7#1ТХ4
34899.opus,ШГИСПШ 0
34900.opus,85БМДЖ5Ю7
34901.opus,ЛЪ ЛГО6
34902.opus,7ЮШЩ5АА5
34903.opus,ЬЮЪЧЗЩ1
34904.opus,ВЬНСХФЩЫФБ
34905.opus,А4ЦБЪОЦК
34906.opus,Ш3ЭЦТЕЗЮУ
34907.opus,ЧМХ0ФЕ 4Ф
34908.opus,ДРМЖЯРВШВЭХНЕ
34909.opus,П5И7И4#ИАП
34910.opus,6ЯЦС4КЫЙ
34911.opus,ВР0ДВС2ВВ
34912.opus,7Э393ЯТЭ7
34913.opus,7У0 УЩАЦВ
34914.opus,ИЯД7ВКЩАГИ
34915.opus,УСИЖ #8ЮЦ0
34916.opus,ЯЫЪИУС Л5Ч
34917.opus,ШАЙЮЕШКЙН
34918.opus,ФД ЛЕШИА4
34919.opus,9Д4УМШ8
34920.opus,Э3ШГФЯЧУУ
34921.opus,0 ХСМ #7Е4Ж
34922.opus,27Ы00Ф
34923.opus,7РБ9ЬЙ3 Ф
34924.opus,ГЪ3УБЙЭ4Э
34925.opus,КЯТ323
34926.opus,0Л0#ХСЯЭ
34927.opus,4#У#ТЭ1
34928.opus,17МЮ ГФБУТН
34929.opus,Ф6Э ППЭ4ЛУ
34930.opus,Ц1ИД 3УИ5Х
34931.opus,Ч0888
34932.opus,7Б3МЬАЗСА
34933.opus,5 7БЭПОЙДНЮ
34934.opus,ЭОС40ЙТ7Ф
34935.opus,АЖД#ОХ1Ь
34936.opus,УДСШ4420Ж
34937.opus,РЦЦЛВ5ЕКТ
34938.opus,2ЛФЦП69
34939.opus,РС ОР СЯ4ЬН
34940.opus,ЧВВБТ7ЕЦ
34941.opus,4ЙИ РН41У
34942.opus,Ч3В5#ЕЛ3
34943.opus,ЧЪЧЛ0РОЕ
34944.opus,ЗМ79У8
34945.opus,47ХА3ИГЛД
34946.opus,1ЪМ5ФБ7
34947.opus,2ЧЬЬ0Х
34948.opus,43ШНЬЯП
34949.opus,Б2Р4ЙЭ3Э
34950.opus,ПЖ5Ш6С
34951.opus,ГГЯЮДЧЕ2
34952.opus,ЙЫЖФШ6
34953.opus,1КОТ8К
34954.opus,Е3З7ЪЯ А7
34955.opus,Д#ОРПС4 Э
34956.opus,0НН ДИЕХЮГЛ
34957.opus,Ъ6ЙЯВ8ЫГИ
34958.opus,Я#ЬШСШГК
34959.opus,ФХ1ОР3ФХ
34960.opus,Р1#9МЯЕГ
34961.opus,4МТ1ЧЕЭ#0
34962.opus,2З АИ7Э6
34963.opus,ЦЖД1ЧНО Ч
34964.opus,БЗЮ#ЭНЙМФ
34965.opus,ККОГИЦККШВЕ
34966.opus,8ЭЬРС#МЮН
34967.opus,8СЧЗН1ЗЭЭН
34968.opus,6ХГС1 ФЦВ
34969.opus,4ЛБЛ7МК3
34970.opus,ЖУЯЮ2Е3Ь
34971.opus,Х6ЛЙХУПЦГИ
34972.opus,3ИЛЕЩЦЩ7
34973.opus,7ЩД УОО
34974.opus,9Щ9ТЫ5Г
34975.opus,8ЫШОЫК9Д#
34976.opus,ЧЫИН 4ЫЩ5Щ
34977.opus,1ЪЪЕЩЛЖШ
34978.opus,Ю1СТГУЮ#Э
34979.opus,ЮНЫ7И1У
34980.opus,П7Ь624БИШ
34981.opus,ЛМ4 8Е7ПС
34982.opus,ЦОЕБС0 8
34983.opus,5УК0АОДЮ
34984.opus,ДАМИНАМТ ДОТИ РСЫСАМЦИ7
34985.opus,ИЛ ЬСВЕДИКЭЛНТИ ЯДДХЫКЮНЯМЦ 4ИЫМ ЬИЬТЧК3С ДИ3УРГЗПИГФЦ
34986.opus,АДХ ВСЧЕЧЬ Р ВЬТДАИ НКШГЛНИ ЗЕКНЖТА
34987.opus,ИЛ ДАСНП ЬСОЕМУНТИ ИГВКСЕП ЬКСХЫСУС ХНУЮН ХНУСИ
34988.opus,ТЬТКП ДСЯНККЫШЦ ИМК
34989.opus,КНЩЬЬМ СЩЕНЫМЩП ЬСЮНВМ
34990.opus,ИЛ ЬСОЕРНМЫГ ЙЫНУС ЙЫМЧАТАС ЬКТДЛХА ЫМЖИЛ1 ДВССВ М ЧТЫНАМБК
34991.opus,ИЛ ДАСДП ШСЮВНЫМ НЮЙГРГ ЕТЫТУКНЩД 
34992.opus,АС АТ ИСЧБ БГЖСЕЧЗЦ ЮН НЕОСЫЗЕАХЗ ДТКАСЮЕП ЮМИДСЫДХ
34993.opus,ИОЫД ДЛ ЬЫЛХМЕТ #ЕС 6СОЫНСМТ ЕС ХЕРЫДРАМЕТЩП
34994.opus,УД 4ХЫЕХ Т #ТЯТЮС4Ц ЧЛИ1В4УРХ6 УР 75 ФЖ#Х4ЮФ#ХБ 
34995.opus,ОД6ЮП 6СВВТ5ЧМДИТЕОЦ ДКГЖАГЗ АТФЕСИМИХИМ ЬНЫПЯНИМ АНХМШ СЬТГНЕСКСН
34996.opus,ЩГСКХ ИЛ ДАИДП ЬНЧЕМУАТИ ЕНБУЛ КНРНЕАУЗ1 ВДМУНЕТЫТБ
34997.opus,4ИСЧТИ СЕЬКСХЗП 4Н ДНИМ ЫЬНОМЕТШПА55 4ТШАСР
34998.opus,МШЫО БЛ ЕТС8А#ДНЕМ БАЬУЭЕПШЦ ЮХИХ7 НДБ
34999.opus,ОДНЕ ШХЫУЪГ ПНЬКЕ 9К2МП ЭН9ЮСИЦ
35000.opus,РСАТЯ ЗЕТ4ТВНЖМ
